# analytic spheres
mtllib analytic_spheres.mtl
v -3.600000 1.000000 0.000000
v -3.469474 0.991445 0.000000
v -3.470590 0.991445 0.017037
v -3.473921 0.991445 0.033783
v -3.479410 0.991445 0.049950
v -3.486961 0.991445 0.065263
v -3.496447 0.991445 0.079459
v -3.507704 0.991445 0.092296
v -3.520541 0.991445 0.103553
v -3.534737 0.991445 0.113039
v -3.550050 0.991445 0.120590
v -3.566217 0.991445 0.126079
v -3.582963 0.991445 0.129410
v -3.600000 0.991445 0.130526
v -3.617037 0.991445 0.129410
v -3.633783 0.991445 0.126079
v -3.649950 0.991445 0.120590
v -3.665263 0.991445 0.113039
v -3.679459 0.991445 0.103553
v -3.692296 0.991445 0.092296
v -3.703553 0.991445 0.079459
v -3.713039 0.991445 0.065263
v -3.720590 0.991445 0.049950
v -3.726079 0.991445 0.033783
v -3.729410 0.991445 0.017037
v -3.730526 0.991445 0.000000
v -3.729410 0.991445 -0.017037
v -3.726079 0.991445 -0.033783
v -3.720590 0.991445 -0.049950
v -3.713039 0.991445 -0.065263
v -3.703553 0.991445 -0.079459
v -3.692296 0.991445 -0.092296
v -3.679459 0.991445 -0.103553
v -3.665263 0.991445 -0.113039
v -3.649950 0.991445 -0.120590
v -3.633783 0.991445 -0.126079
v -3.617037 0.991445 -0.129410
v -3.600000 0.991445 -0.130526
v -3.582963 0.991445 -0.129410
v -3.566217 0.991445 -0.126079
v -3.550050 0.991445 -0.120590
v -3.534737 0.991445 -0.113039
v -3.520541 0.991445 -0.103553
v -3.507704 0.991445 -0.092296
v -3.496447 0.991445 -0.079459
v -3.486961 0.991445 -0.065263
v -3.479410 0.991445 -0.049950
v -3.473921 0.991445 -0.033783
v -3.470590 0.991445 -0.017037
v -3.341181 0.965926 0.000000
v -3.343395 0.965926 0.033783
v -3.350000 0.965926 0.066987
v -3.360882 0.965926 0.099046
v -3.375856 0.965926 0.129410
v -3.394665 0.965926 0.157559
v -3.416987 0.965926 0.183013
v -3.442441 0.965926 0.205335
v -3.470590 0.965926 0.224144
v -3.500954 0.965926 0.239118
v -3.533013 0.965926 0.250000
v -3.566217 0.965926 0.256605
v -3.600000 0.965926 0.258819
v -3.633783 0.965926 0.256605
v -3.666987 0.965926 0.250000
v -3.699046 0.965926 0.239118
v -3.729410 0.965926 0.224144
v -3.757559 0.965926 0.205335
v -3.783013 0.965926 0.183013
v -3.805335 0.965926 0.157559
v -3.824144 0.965926 0.129410
v -3.839118 0.965926 0.099046
v -3.850000 0.965926 0.066987
v -3.856605 0.965926 0.033783
v -3.858819 0.965926 0.000000
v -3.856605 0.965926 -0.033783
v -3.850000 0.965926 -0.066987
v -3.839118 0.965926 -0.099046
v -3.824144 0.965926 -0.129410
v -3.805335 0.965926 -0.157559
v -3.783013 0.965926 -0.183013
v -3.757559 0.965926 -0.205335
v -3.729410 0.965926 -0.224144
v -3.699046 0.965926 -0.239118
v -3.666987 0.965926 -0.250000
v -3.633783 0.965926 -0.256605
v -3.600000 0.965926 -0.258819
v -3.566217 0.965926 -0.256605
v -3.533013 0.965926 -0.250000
v -3.500954 0.965926 -0.239118
v -3.470590 0.965926 -0.224144
v -3.442441 0.965926 -0.205335
v -3.416987 0.965926 -0.183013
v -3.394665 0.965926 -0.157559
v -3.375856 0.965926 -0.129410
v -3.360882 0.965926 -0.099046
v -3.350000 0.965926 -0.066987
v -3.343395 0.965926 -0.033783
v -3.217317 0.923880 0.000000
v -3.220590 0.923880 0.049950
v -3.230356 0.923880 0.099046
v -3.246447 0.923880 0.146447
v -3.268586 0.923880 0.191342
v -3.296397 0.923880 0.232963
v -3.329402 0.923880 0.270598
v -3.367037 0.923880 0.303603
v -3.408658 0.923880 0.331414
v -3.453553 0.923880 0.353553
v -3.500954 0.923880 0.369644
v -3.550050 0.923880 0.379410
v -3.600000 0.923880 0.382683
v -3.649950 0.923880 0.379410
v -3.699046 0.923880 0.369644
v -3.746447 0.923880 0.353553
v -3.791342 0.923880 0.331414
v -3.832963 0.923880 0.303603
v -3.870598 0.923880 0.270598
v -3.903603 0.923880 0.232963
v -3.931414 0.923880 0.191342
v -3.953553 0.923880 0.146447
v -3.969644 0.923880 0.099046
v -3.979410 0.923880 0.049950
v -3.982683 0.923880 0.000000
v -3.979410 0.923880 -0.049950
v -3.969644 0.923880 -0.099046
v -3.953553 0.923880 -0.146447
v -3.931414 0.923880 -0.191342
v -3.903603 0.923880 -0.232963
v -3.870598 0.923880 -0.270598
v -3.832963 0.923880 -0.303603
v -3.791342 0.923880 -0.331414
v -3.746447 0.923880 -0.353553
v -3.699046 0.923880 -0.369644
v -3.649950 0.923880 -0.379410
v -3.600000 0.923880 -0.382683
v -3.550050 0.923880 -0.379410
v -3.500954 0.923880 -0.369644
v -3.453553 0.923880 -0.353553
v -3.408658 0.923880 -0.331414
v -3.367037 0.923880 -0.303603
v -3.329402 0.923880 -0.270598
v -3.296397 0.923880 -0.232963
v -3.268586 0.923880 -0.191342
v -3.246447 0.923880 -0.146447
v -3.230356 0.923880 -0.099046
v -3.220590 0.923880 -0.049950
v -3.100000 0.866025 0.000000
v -3.104278 0.866025 0.065263
v -3.117037 0.866025 0.129410
v -3.138060 0.866025 0.191342
v -3.166987 0.866025 0.250000
v -3.203323 0.866025 0.304381
v -3.246447 0.866025 0.353553
v -3.295619 0.866025 0.396677
v -3.350000 0.866025 0.433013
v -3.408658 0.866025 0.461940
v -3.470590 0.866025 0.482963
v -3.534737 0.866025 0.495722
v -3.600000 0.866025 0.500000
v -3.665263 0.866025 0.495722
v -3.729410 0.866025 0.482963
v -3.791342 0.866025 0.461940
v -3.850000 0.866025 0.433013
v -3.904381 0.866025 0.396677
v -3.953553 0.866025 0.353553
v -3.996677 0.866025 0.304381
v -4.033013 0.866025 0.250000
v -4.061940 0.866025 0.191342
v -4.082963 0.866025 0.129410
v -4.095722 0.866025 0.065263
v -4.100000 0.866025 0.000000
v -4.095722 0.866025 -0.065263
v -4.082963 0.866025 -0.129410
v -4.061940 0.866025 -0.191342
v -4.033013 0.866025 -0.250000
v -3.996677 0.866025 -0.304381
v -3.953553 0.866025 -0.353553
v -3.904381 0.866025 -0.396677
v -3.850000 0.866025 -0.433013
v -3.791342 0.866025 -0.461940
v -3.729410 0.866025 -0.482963
v -3.665263 0.866025 -0.495722
v -3.600000 0.866025 -0.500000
v -3.534737 0.866025 -0.495722
v -3.470590 0.866025 -0.482963
v -3.408658 0.866025 -0.461940
v -3.350000 0.866025 -0.433013
v -3.295619 0.866025 -0.396677
v -3.246447 0.866025 -0.353553
v -3.203323 0.866025 -0.304381
v -3.166987 0.866025 -0.250000
v -3.138060 0.866025 -0.191342
v -3.117037 0.866025 -0.129410
v -3.104278 0.866025 -0.065263
v -2.991239 0.793353 0.000000
v -2.996447 0.793353 0.079459
v -3.011982 0.793353 0.157559
v -3.037578 0.793353 0.232963
v -3.072797 0.793353 0.304381
v -3.117037 0.793353 0.370590
v -3.169541 0.793353 0.430459
v -3.229410 0.793353 0.482963
v -3.295619 0.793353 0.527203
v -3.367037 0.793353 0.562422
v -3.442441 0.793353 0.588018
v -3.520541 0.793353 0.603553
v -3.600000 0.793353 0.608761
v -3.679459 0.793353 0.603553
v -3.757559 0.793353 0.588018
v -3.832963 0.793353 0.562422
v -3.904381 0.793353 0.527203
v -3.970590 0.793353 0.482963
v -4.030459 0.793353 0.430459
v -4.082963 0.793353 0.370590
v -4.127203 0.793353 0.304381
v -4.162422 0.793353 0.232963
v -4.188018 0.793353 0.157559
v -4.203553 0.793353 0.079459
v -4.208761 0.793353 0.000000
v -4.203553 0.793353 -0.079459
v -4.188018 0.793353 -0.157559
v -4.162422 0.793353 -0.232963
v -4.127203 0.793353 -0.304381
v -4.082963 0.793353 -0.370590
v -4.030459 0.793353 -0.430459
v -3.970590 0.793353 -0.482963
v -3.904381 0.793353 -0.527203
v -3.832963 0.793353 -0.562422
v -3.757559 0.793353 -0.588018
v -3.679459 0.793353 -0.603553
v -3.600000 0.793353 -0.608761
v -3.520541 0.793353 -0.603553
v -3.442441 0.793353 -0.588018
v -3.367037 0.793353 -0.562422
v -3.295619 0.793353 -0.527203
v -3.229410 0.793353 -0.482963
v -3.169541 0.793353 -0.430459
v -3.117037 0.793353 -0.370590
v -3.072797 0.793353 -0.304381
v -3.037578 0.793353 -0.232963
v -3.011982 0.793353 -0.157559
v -2.996447 0.793353 -0.079459
v -2.892893 0.707107 0.000000
v -2.898943 0.707107 0.092296
v -2.916987 0.707107 0.183013
v -2.946719 0.707107 0.270598
v -2.987628 0.707107 0.353553
v -3.039014 0.707107 0.430459
v -3.100000 0.707107 0.500000
v -3.169541 0.707107 0.560986
v -3.246447 0.707107 0.612372
v -3.329402 0.707107 0.653281
v -3.416987 0.707107 0.683013
v -3.507704 0.707107 0.701057
v -3.600000 0.707107 0.707107
v -3.692296 0.707107 0.701057
v -3.783013 0.707107 0.683013
v -3.870598 0.707107 0.653281
v -3.953553 0.707107 0.612372
v -4.030459 0.707107 0.560986
v -4.100000 0.707107 0.500000
v -4.160986 0.707107 0.430459
v -4.212372 0.707107 0.353553
v -4.253281 0.707107 0.270598
v -4.283013 0.707107 0.183013
v -4.301057 0.707107 0.092296
v -4.307107 0.707107 0.000000
v -4.301057 0.707107 -0.092296
v -4.283013 0.707107 -0.183013
v -4.253281 0.707107 -0.270598
v -4.212372 0.707107 -0.353553
v -4.160986 0.707107 -0.430459
v -4.100000 0.707107 -0.500000
v -4.030459 0.707107 -0.560986
v -3.953553 0.707107 -0.612372
v -3.870598 0.707107 -0.653281
v -3.783013 0.707107 -0.683013
v -3.692296 0.707107 -0.701057
v -3.600000 0.707107 -0.707107
v -3.507704 0.707107 -0.701057
v -3.416987 0.707107 -0.683013
v -3.329402 0.707107 -0.653281
v -3.246447 0.707107 -0.612372
v -3.169541 0.707107 -0.560986
v -3.100000 0.707107 -0.500000
v -3.039014 0.707107 -0.430459
v -2.987628 0.707107 -0.353553
v -2.946719 0.707107 -0.270598
v -2.916987 0.707107 -0.183013
v -2.898943 0.707107 -0.092296
v -2.806647 0.608761 0.000000
v -2.813434 0.608761 0.103553
v -2.833680 0.608761 0.205335
v -2.867037 0.608761 0.303603
v -2.912936 0.608761 0.396677
v -2.970590 0.608761 0.482963
v -3.039014 0.608761 0.560986
v -3.117037 0.608761 0.629410
v -3.203323 0.608761 0.687064
v -3.296397 0.608761 0.732963
v -3.394665 0.608761 0.766320
v -3.496447 0.608761 0.786566
v -3.600000 0.608761 0.793353
v -3.703553 0.608761 0.786566
v -3.805335 0.608761 0.766320
v -3.903603 0.608761 0.732963
v -3.996677 0.608761 0.687064
v -4.082963 0.608761 0.629410
v -4.160986 0.608761 0.560986
v -4.229410 0.608761 0.482963
v -4.287064 0.608761 0.396677
v -4.332963 0.608761 0.303603
v -4.366320 0.608761 0.205335
v -4.386566 0.608761 0.103553
v -4.393353 0.608761 0.000000
v -4.386566 0.608761 -0.103553
v -4.366320 0.608761 -0.205335
v -4.332963 0.608761 -0.303603
v -4.287064 0.608761 -0.396677
v -4.229410 0.608761 -0.482963
v -4.160986 0.608761 -0.560986
v -4.082963 0.608761 -0.629410
v -3.996677 0.608761 -0.687064
v -3.903603 0.608761 -0.732963
v -3.805335 0.608761 -0.766320
v -3.703553 0.608761 -0.786566
v -3.600000 0.608761 -0.793353
v -3.496447 0.608761 -0.786566
v -3.394665 0.608761 -0.766320
v -3.296397 0.608761 -0.732963
v -3.203323 0.608761 -0.687064
v -3.117037 0.608761 -0.629410
v -3.039014 0.608761 -0.560986
v -2.970590 0.608761 -0.482963
v -2.912936 0.608761 -0.396677
v -2.867037 0.608761 -0.303603
v -2.833680 0.608761 -0.205335
v -2.813434 0.608761 -0.103553
v -2.733975 0.500000 0.000000
v -2.741384 0.500000 0.113039
v -2.763484 0.500000 0.224144
v -2.799897 0.500000 0.331414
v -2.850000 0.500000 0.433013
v -2.912936 0.500000 0.527203
v -2.987628 0.500000 0.612372
v -3.072797 0.500000 0.687064
v -3.166987 0.500000 0.750000
v -3.268586 0.500000 0.800103
v -3.375856 0.500000 0.836516
v -3.486961 0.500000 0.858616
v -3.600000 0.500000 0.866025
v -3.713039 0.500000 0.858616
v -3.824144 0.500000 0.836516
v -3.931414 0.500000 0.800103
v -4.033013 0.500000 0.750000
v -4.127203 0.500000 0.687064
v -4.212372 0.500000 0.612372
v -4.287064 0.500000 0.527203
v -4.350000 0.500000 0.433013
v -4.400103 0.500000 0.331414
v -4.436516 0.500000 0.224144
v -4.458616 0.500000 0.113039
v -4.466025 0.500000 0.000000
v -4.458616 0.500000 -0.113039
v -4.436516 0.500000 -0.224144
v -4.400103 0.500000 -0.331414
v -4.350000 0.500000 -0.433013
v -4.287064 0.500000 -0.527203
v -4.212372 0.500000 -0.612372
v -4.127203 0.500000 -0.687064
v -4.033013 0.500000 -0.750000
v -3.931414 0.500000 -0.800103
v -3.824144 0.500000 -0.836516
v -3.713039 0.500000 -0.858616
v -3.600000 0.500000 -0.866025
v -3.486961 0.500000 -0.858616
v -3.375856 0.500000 -0.836516
v -3.268586 0.500000 -0.800103
v -3.166987 0.500000 -0.750000
v -3.072797 0.500000 -0.687064
v -2.987628 0.500000 -0.612372
v -2.912936 0.500000 -0.527203
v -2.850000 0.500000 -0.433013
v -2.799897 0.500000 -0.331414
v -2.763484 0.500000 -0.224144
v -2.741384 0.500000 -0.113039
v -2.676120 0.382683 0.000000
v -2.684024 0.382683 0.120590
v -2.707601 0.382683 0.239118
v -2.746447 0.382683 0.353553
v -2.799897 0.382683 0.461940
v -2.867037 0.382683 0.562422
v -2.946719 0.382683 0.653281
v -3.037578 0.382683 0.732963
v -3.138060 0.382683 0.800103
v -3.246447 0.382683 0.853553
v -3.360882 0.382683 0.892399
v -3.479410 0.382683 0.915976
v -3.600000 0.382683 0.923880
v -3.720590 0.382683 0.915976
v -3.839118 0.382683 0.892399
v -3.953553 0.382683 0.853553
v -4.061940 0.382683 0.800103
v -4.162422 0.382683 0.732963
v -4.253281 0.382683 0.653281
v -4.332963 0.382683 0.562422
v -4.400103 0.382683 0.461940
v -4.453553 0.382683 0.353553
v -4.492399 0.382683 0.239118
v -4.515976 0.382683 0.120590
v -4.523880 0.382683 0.000000
v -4.515976 0.382683 -0.120590
v -4.492399 0.382683 -0.239118
v -4.453553 0.382683 -0.353553
v -4.400103 0.382683 -0.461940
v -4.332963 0.382683 -0.562422
v -4.253281 0.382683 -0.653281
v -4.162422 0.382683 -0.732963
v -4.061940 0.382683 -0.800103
v -3.953553 0.382683 -0.853553
v -3.839118 0.382683 -0.892399
v -3.720590 0.382683 -0.915976
v -3.600000 0.382683 -0.923880
v -3.479410 0.382683 -0.915976
v -3.360882 0.382683 -0.892399
v -3.246447 0.382683 -0.853553
v -3.138060 0.382683 -0.800103
v -3.037578 0.382683 -0.732963
v -2.946719 0.382683 -0.653281
v -2.867037 0.382683 -0.562422
v -2.799897 0.382683 -0.461940
v -2.746447 0.382683 -0.353553
v -2.707601 0.382683 -0.239118
v -2.684024 0.382683 -0.120590
v -2.634074 0.258819 0.000000
v -2.642338 0.258819 0.126079
v -2.666987 0.258819 0.250000
v -2.707601 0.258819 0.369644
v -2.763484 0.258819 0.482963
v -2.833680 0.258819 0.588018
v -2.916987 0.258819 0.683013
v -3.011982 0.258819 0.766320
v -3.117037 0.258819 0.836516
v -3.230356 0.258819 0.892399
v -3.350000 0.258819 0.933013
v -3.473921 0.258819 0.957662
v -3.600000 0.258819 0.965926
v -3.726079 0.258819 0.957662
v -3.850000 0.258819 0.933013
v -3.969644 0.258819 0.892399
v -4.082963 0.258819 0.836516
v -4.188018 0.258819 0.766320
v -4.283013 0.258819 0.683013
v -4.366320 0.258819 0.588018
v -4.436516 0.258819 0.482963
v -4.492399 0.258819 0.369644
v -4.533013 0.258819 0.250000
v -4.557662 0.258819 0.126079
v -4.565926 0.258819 0.000000
v -4.557662 0.258819 -0.126079
v -4.533013 0.258819 -0.250000
v -4.492399 0.258819 -0.369644
v -4.436516 0.258819 -0.482963
v -4.366320 0.258819 -0.588018
v -4.283013 0.258819 -0.683013
v -4.188018 0.258819 -0.766320
v -4.082963 0.258819 -0.836516
v -3.969644 0.258819 -0.892399
v -3.850000 0.258819 -0.933013
v -3.726079 0.258819 -0.957662
v -3.600000 0.258819 -0.965926
v -3.473921 0.258819 -0.957662
v -3.350000 0.258819 -0.933013
v -3.230356 0.258819 -0.892399
v -3.117037 0.258819 -0.836516
v -3.011982 0.258819 -0.766320
v -2.916987 0.258819 -0.683013
v -2.833680 0.258819 -0.588018
v -2.763484 0.258819 -0.482963
v -2.707601 0.258819 -0.369644
v -2.666987 0.258819 -0.250000
v -2.642338 0.258819 -0.126079
v -2.608555 0.130526 0.000000
v -2.617037 0.130526 0.129410
v -2.642338 0.130526 0.256605
v -2.684024 0.130526 0.379410
v -2.741384 0.130526 0.495722
v -2.813434 0.130526 0.603553
v -2.898943 0.130526 0.701057
v -2.996447 0.130526 0.786566
v -3.104278 0.130526 0.858616
v -3.220590 0.130526 0.915976
v -3.343395 0.130526 0.957662
v -3.470590 0.130526 0.982963
v -3.600000 0.130526 0.991445
v -3.729410 0.130526 0.982963
v -3.856605 0.130526 0.957662
v -3.979410 0.130526 0.915976
v -4.095722 0.130526 0.858616
v -4.203553 0.130526 0.786566
v -4.301057 0.130526 0.701057
v -4.386566 0.130526 0.603553
v -4.458616 0.130526 0.495722
v -4.515976 0.130526 0.379410
v -4.557662 0.130526 0.256605
v -4.582963 0.130526 0.129410
v -4.591445 0.130526 0.000000
v -4.582963 0.130526 -0.129410
v -4.557662 0.130526 -0.256605
v -4.515976 0.130526 -0.379410
v -4.458616 0.130526 -0.495722
v -4.386566 0.130526 -0.603553
v -4.301057 0.130526 -0.701057
v -4.203553 0.130526 -0.786566
v -4.095722 0.130526 -0.858616
v -3.979410 0.130526 -0.915976
v -3.856605 0.130526 -0.957662
v -3.729410 0.130526 -0.982963
v -3.600000 0.130526 -0.991445
v -3.470590 0.130526 -0.982963
v -3.343395 0.130526 -0.957662
v -3.220590 0.130526 -0.915976
v -3.104278 0.130526 -0.858616
v -2.996447 0.130526 -0.786566
v -2.898943 0.130526 -0.701057
v -2.813434 0.130526 -0.603553
v -2.741384 0.130526 -0.495722
v -2.684024 0.130526 -0.379410
v -2.642338 0.130526 -0.256605
v -2.617037 0.130526 -0.129410
v -2.600000 0.000000 0.000000
v -2.608555 0.000000 0.130526
v -2.634074 0.000000 0.258819
v -2.676120 0.000000 0.382683
v -2.733975 0.000000 0.500000
v -2.806647 0.000000 0.608761
v -2.892893 0.000000 0.707107
v -2.991239 0.000000 0.793353
v -3.100000 0.000000 0.866025
v -3.217317 0.000000 0.923880
v -3.341181 0.000000 0.965926
v -3.469474 0.000000 0.991445
v -3.600000 0.000000 1.000000
v -3.730526 0.000000 0.991445
v -3.858819 0.000000 0.965926
v -3.982683 0.000000 0.923880
v -4.100000 0.000000 0.866025
v -4.208761 0.000000 0.793353
v -4.307107 0.000000 0.707107
v -4.393353 0.000000 0.608761
v -4.466025 0.000000 0.500000
v -4.523880 0.000000 0.382683
v -4.565926 0.000000 0.258819
v -4.591445 0.000000 0.130526
v -4.600000 0.000000 0.000000
v -4.591445 0.000000 -0.130526
v -4.565926 0.000000 -0.258819
v -4.523880 0.000000 -0.382683
v -4.466025 0.000000 -0.500000
v -4.393353 0.000000 -0.608761
v -4.307107 0.000000 -0.707107
v -4.208761 0.000000 -0.793353
v -4.100000 0.000000 -0.866025
v -3.982683 0.000000 -0.923880
v -3.858819 0.000000 -0.965926
v -3.730526 0.000000 -0.991445
v -3.600000 0.000000 -1.000000
v -3.469474 0.000000 -0.991445
v -3.341181 0.000000 -0.965926
v -3.217317 0.000000 -0.923880
v -3.100000 0.000000 -0.866025
v -2.991239 0.000000 -0.793353
v -2.892893 0.000000 -0.707107
v -2.806647 0.000000 -0.608761
v -2.733975 0.000000 -0.500000
v -2.676120 0.000000 -0.382683
v -2.634074 0.000000 -0.258819
v -2.608555 0.000000 -0.130526
v -2.608555 -0.130526 0.000000
v -2.617037 -0.130526 0.129410
v -2.642338 -0.130526 0.256605
v -2.684024 -0.130526 0.379410
v -2.741384 -0.130526 0.495722
v -2.813434 -0.130526 0.603553
v -2.898943 -0.130526 0.701057
v -2.996447 -0.130526 0.786566
v -3.104278 -0.130526 0.858616
v -3.220590 -0.130526 0.915976
v -3.343395 -0.130526 0.957662
v -3.470590 -0.130526 0.982963
v -3.600000 -0.130526 0.991445
v -3.729410 -0.130526 0.982963
v -3.856605 -0.130526 0.957662
v -3.979410 -0.130526 0.915976
v -4.095722 -0.130526 0.858616
v -4.203553 -0.130526 0.786566
v -4.301057 -0.130526 0.701057
v -4.386566 -0.130526 0.603553
v -4.458616 -0.130526 0.495722
v -4.515976 -0.130526 0.379410
v -4.557662 -0.130526 0.256605
v -4.582963 -0.130526 0.129410
v -4.591445 -0.130526 0.000000
v -4.582963 -0.130526 -0.129410
v -4.557662 -0.130526 -0.256605
v -4.515976 -0.130526 -0.379410
v -4.458616 -0.130526 -0.495722
v -4.386566 -0.130526 -0.603553
v -4.301057 -0.130526 -0.701057
v -4.203553 -0.130526 -0.786566
v -4.095722 -0.130526 -0.858616
v -3.979410 -0.130526 -0.915976
v -3.856605 -0.130526 -0.957662
v -3.729410 -0.130526 -0.982963
v -3.600000 -0.130526 -0.991445
v -3.470590 -0.130526 -0.982963
v -3.343395 -0.130526 -0.957662
v -3.220590 -0.130526 -0.915976
v -3.104278 -0.130526 -0.858616
v -2.996447 -0.130526 -0.786566
v -2.898943 -0.130526 -0.701057
v -2.813434 -0.130526 -0.603553
v -2.741384 -0.130526 -0.495722
v -2.684024 -0.130526 -0.379410
v -2.642338 -0.130526 -0.256605
v -2.617037 -0.130526 -0.129410
v -2.634074 -0.258819 0.000000
v -2.642338 -0.258819 0.126079
v -2.666987 -0.258819 0.250000
v -2.707601 -0.258819 0.369644
v -2.763484 -0.258819 0.482963
v -2.833680 -0.258819 0.588018
v -2.916987 -0.258819 0.683013
v -3.011982 -0.258819 0.766320
v -3.117037 -0.258819 0.836516
v -3.230356 -0.258819 0.892399
v -3.350000 -0.258819 0.933013
v -3.473921 -0.258819 0.957662
v -3.600000 -0.258819 0.965926
v -3.726079 -0.258819 0.957662
v -3.850000 -0.258819 0.933013
v -3.969644 -0.258819 0.892399
v -4.082963 -0.258819 0.836516
v -4.188018 -0.258819 0.766320
v -4.283013 -0.258819 0.683013
v -4.366320 -0.258819 0.588018
v -4.436516 -0.258819 0.482963
v -4.492399 -0.258819 0.369644
v -4.533013 -0.258819 0.250000
v -4.557662 -0.258819 0.126079
v -4.565926 -0.258819 0.000000
v -4.557662 -0.258819 -0.126079
v -4.533013 -0.258819 -0.250000
v -4.492399 -0.258819 -0.369644
v -4.436516 -0.258819 -0.482963
v -4.366320 -0.258819 -0.588018
v -4.283013 -0.258819 -0.683013
v -4.188018 -0.258819 -0.766320
v -4.082963 -0.258819 -0.836516
v -3.969644 -0.258819 -0.892399
v -3.850000 -0.258819 -0.933013
v -3.726079 -0.258819 -0.957662
v -3.600000 -0.258819 -0.965926
v -3.473921 -0.258819 -0.957662
v -3.350000 -0.258819 -0.933013
v -3.230356 -0.258819 -0.892399
v -3.117037 -0.258819 -0.836516
v -3.011982 -0.258819 -0.766320
v -2.916987 -0.258819 -0.683013
v -2.833680 -0.258819 -0.588018
v -2.763484 -0.258819 -0.482963
v -2.707601 -0.258819 -0.369644
v -2.666987 -0.258819 -0.250000
v -2.642338 -0.258819 -0.126079
v -2.676120 -0.382683 0.000000
v -2.684024 -0.382683 0.120590
v -2.707601 -0.382683 0.239118
v -2.746447 -0.382683 0.353553
v -2.799897 -0.382683 0.461940
v -2.867037 -0.382683 0.562422
v -2.946719 -0.382683 0.653281
v -3.037578 -0.382683 0.732963
v -3.138060 -0.382683 0.800103
v -3.246447 -0.382683 0.853553
v -3.360882 -0.382683 0.892399
v -3.479410 -0.382683 0.915976
v -3.600000 -0.382683 0.923880
v -3.720590 -0.382683 0.915976
v -3.839118 -0.382683 0.892399
v -3.953553 -0.382683 0.853553
v -4.061940 -0.382683 0.800103
v -4.162422 -0.382683 0.732963
v -4.253281 -0.382683 0.653281
v -4.332963 -0.382683 0.562422
v -4.400103 -0.382683 0.461940
v -4.453553 -0.382683 0.353553
v -4.492399 -0.382683 0.239118
v -4.515976 -0.382683 0.120590
v -4.523880 -0.382683 0.000000
v -4.515976 -0.382683 -0.120590
v -4.492399 -0.382683 -0.239118
v -4.453553 -0.382683 -0.353553
v -4.400103 -0.382683 -0.461940
v -4.332963 -0.382683 -0.562422
v -4.253281 -0.382683 -0.653281
v -4.162422 -0.382683 -0.732963
v -4.061940 -0.382683 -0.800103
v -3.953553 -0.382683 -0.853553
v -3.839118 -0.382683 -0.892399
v -3.720590 -0.382683 -0.915976
v -3.600000 -0.382683 -0.923880
v -3.479410 -0.382683 -0.915976
v -3.360882 -0.382683 -0.892399
v -3.246447 -0.382683 -0.853553
v -3.138060 -0.382683 -0.800103
v -3.037578 -0.382683 -0.732963
v -2.946719 -0.382683 -0.653281
v -2.867037 -0.382683 -0.562422
v -2.799897 -0.382683 -0.461940
v -2.746447 -0.382683 -0.353553
v -2.707601 -0.382683 -0.239118
v -2.684024 -0.382683 -0.120590
v -2.733975 -0.500000 0.000000
v -2.741384 -0.500000 0.113039
v -2.763484 -0.500000 0.224144
v -2.799897 -0.500000 0.331414
v -2.850000 -0.500000 0.433013
v -2.912936 -0.500000 0.527203
v -2.987628 -0.500000 0.612372
v -3.072797 -0.500000 0.687064
v -3.166987 -0.500000 0.750000
v -3.268586 -0.500000 0.800103
v -3.375856 -0.500000 0.836516
v -3.486961 -0.500000 0.858616
v -3.600000 -0.500000 0.866025
v -3.713039 -0.500000 0.858616
v -3.824144 -0.500000 0.836516
v -3.931414 -0.500000 0.800103
v -4.033013 -0.500000 0.750000
v -4.127203 -0.500000 0.687064
v -4.212372 -0.500000 0.612372
v -4.287064 -0.500000 0.527203
v -4.350000 -0.500000 0.433013
v -4.400103 -0.500000 0.331414
v -4.436516 -0.500000 0.224144
v -4.458616 -0.500000 0.113039
v -4.466025 -0.500000 0.000000
v -4.458616 -0.500000 -0.113039
v -4.436516 -0.500000 -0.224144
v -4.400103 -0.500000 -0.331414
v -4.350000 -0.500000 -0.433013
v -4.287064 -0.500000 -0.527203
v -4.212372 -0.500000 -0.612372
v -4.127203 -0.500000 -0.687064
v -4.033013 -0.500000 -0.750000
v -3.931414 -0.500000 -0.800103
v -3.824144 -0.500000 -0.836516
v -3.713039 -0.500000 -0.858616
v -3.600000 -0.500000 -0.866025
v -3.486961 -0.500000 -0.858616
v -3.375856 -0.500000 -0.836516
v -3.268586 -0.500000 -0.800103
v -3.166987 -0.500000 -0.750000
v -3.072797 -0.500000 -0.687064
v -2.987628 -0.500000 -0.612372
v -2.912936 -0.500000 -0.527203
v -2.850000 -0.500000 -0.433013
v -2.799897 -0.500000 -0.331414
v -2.763484 -0.500000 -0.224144
v -2.741384 -0.500000 -0.113039
v -2.806647 -0.608761 0.000000
v -2.813434 -0.608761 0.103553
v -2.833680 -0.608761 0.205335
v -2.867037 -0.608761 0.303603
v -2.912936 -0.608761 0.396677
v -2.970590 -0.608761 0.482963
v -3.039014 -0.608761 0.560986
v -3.117037 -0.608761 0.629410
v -3.203323 -0.608761 0.687064
v -3.296397 -0.608761 0.732963
v -3.394665 -0.608761 0.766320
v -3.496447 -0.608761 0.786566
v -3.600000 -0.608761 0.793353
v -3.703553 -0.608761 0.786566
v -3.805335 -0.608761 0.766320
v -3.903603 -0.608761 0.732963
v -3.996677 -0.608761 0.687064
v -4.082963 -0.608761 0.629410
v -4.160986 -0.608761 0.560986
v -4.229410 -0.608761 0.482963
v -4.287064 -0.608761 0.396677
v -4.332963 -0.608761 0.303603
v -4.366320 -0.608761 0.205335
v -4.386566 -0.608761 0.103553
v -4.393353 -0.608761 0.000000
v -4.386566 -0.608761 -0.103553
v -4.366320 -0.608761 -0.205335
v -4.332963 -0.608761 -0.303603
v -4.287064 -0.608761 -0.396677
v -4.229410 -0.608761 -0.482963
v -4.160986 -0.608761 -0.560986
v -4.082963 -0.608761 -0.629410
v -3.996677 -0.608761 -0.687064
v -3.903603 -0.608761 -0.732963
v -3.805335 -0.608761 -0.766320
v -3.703553 -0.608761 -0.786566
v -3.600000 -0.608761 -0.793353
v -3.496447 -0.608761 -0.786566
v -3.394665 -0.608761 -0.766320
v -3.296397 -0.608761 -0.732963
v -3.203323 -0.608761 -0.687064
v -3.117037 -0.608761 -0.629410
v -3.039014 -0.608761 -0.560986
v -2.970590 -0.608761 -0.482963
v -2.912936 -0.608761 -0.396677
v -2.867037 -0.608761 -0.303603
v -2.833680 -0.608761 -0.205335
v -2.813434 -0.608761 -0.103553
v -2.892893 -0.707107 0.000000
v -2.898943 -0.707107 0.092296
v -2.916987 -0.707107 0.183013
v -2.946719 -0.707107 0.270598
v -2.987628 -0.707107 0.353553
v -3.039014 -0.707107 0.430459
v -3.100000 -0.707107 0.500000
v -3.169541 -0.707107 0.560986
v -3.246447 -0.707107 0.612372
v -3.329402 -0.707107 0.653281
v -3.416987 -0.707107 0.683013
v -3.507704 -0.707107 0.701057
v -3.600000 -0.707107 0.707107
v -3.692296 -0.707107 0.701057
v -3.783013 -0.707107 0.683013
v -3.870598 -0.707107 0.653281
v -3.953553 -0.707107 0.612372
v -4.030459 -0.707107 0.560986
v -4.100000 -0.707107 0.500000
v -4.160986 -0.707107 0.430459
v -4.212372 -0.707107 0.353553
v -4.253281 -0.707107 0.270598
v -4.283013 -0.707107 0.183013
v -4.301057 -0.707107 0.092296
v -4.307107 -0.707107 0.000000
v -4.301057 -0.707107 -0.092296
v -4.283013 -0.707107 -0.183013
v -4.253281 -0.707107 -0.270598
v -4.212372 -0.707107 -0.353553
v -4.160986 -0.707107 -0.430459
v -4.100000 -0.707107 -0.500000
v -4.030459 -0.707107 -0.560986
v -3.953553 -0.707107 -0.612372
v -3.870598 -0.707107 -0.653281
v -3.783013 -0.707107 -0.683013
v -3.692296 -0.707107 -0.701057
v -3.600000 -0.707107 -0.707107
v -3.507704 -0.707107 -0.701057
v -3.416987 -0.707107 -0.683013
v -3.329402 -0.707107 -0.653281
v -3.246447 -0.707107 -0.612372
v -3.169541 -0.707107 -0.560986
v -3.100000 -0.707107 -0.500000
v -3.039014 -0.707107 -0.430459
v -2.987628 -0.707107 -0.353553
v -2.946719 -0.707107 -0.270598
v -2.916987 -0.707107 -0.183013
v -2.898943 -0.707107 -0.092296
v -2.991239 -0.793353 0.000000
v -2.996447 -0.793353 0.079459
v -3.011982 -0.793353 0.157559
v -3.037578 -0.793353 0.232963
v -3.072797 -0.793353 0.304381
v -3.117037 -0.793353 0.370590
v -3.169541 -0.793353 0.430459
v -3.229410 -0.793353 0.482963
v -3.295619 -0.793353 0.527203
v -3.367037 -0.793353 0.562422
v -3.442441 -0.793353 0.588018
v -3.520541 -0.793353 0.603553
v -3.600000 -0.793353 0.608761
v -3.679459 -0.793353 0.603553
v -3.757559 -0.793353 0.588018
v -3.832963 -0.793353 0.562422
v -3.904381 -0.793353 0.527203
v -3.970590 -0.793353 0.482963
v -4.030459 -0.793353 0.430459
v -4.082963 -0.793353 0.370590
v -4.127203 -0.793353 0.304381
v -4.162422 -0.793353 0.232963
v -4.188018 -0.793353 0.157559
v -4.203553 -0.793353 0.079459
v -4.208761 -0.793353 0.000000
v -4.203553 -0.793353 -0.079459
v -4.188018 -0.793353 -0.157559
v -4.162422 -0.793353 -0.232963
v -4.127203 -0.793353 -0.304381
v -4.082963 -0.793353 -0.370590
v -4.030459 -0.793353 -0.430459
v -3.970590 -0.793353 -0.482963
v -3.904381 -0.793353 -0.527203
v -3.832963 -0.793353 -0.562422
v -3.757559 -0.793353 -0.588018
v -3.679459 -0.793353 -0.603553
v -3.600000 -0.793353 -0.608761
v -3.520541 -0.793353 -0.603553
v -3.442441 -0.793353 -0.588018
v -3.367037 -0.793353 -0.562422
v -3.295619 -0.793353 -0.527203
v -3.229410 -0.793353 -0.482963
v -3.169541 -0.793353 -0.430459
v -3.117037 -0.793353 -0.370590
v -3.072797 -0.793353 -0.304381
v -3.037578 -0.793353 -0.232963
v -3.011982 -0.793353 -0.157559
v -2.996447 -0.793353 -0.079459
v -3.100000 -0.866025 0.000000
v -3.104278 -0.866025 0.065263
v -3.117037 -0.866025 0.129410
v -3.138060 -0.866025 0.191342
v -3.166987 -0.866025 0.250000
v -3.203323 -0.866025 0.304381
v -3.246447 -0.866025 0.353553
v -3.295619 -0.866025 0.396677
v -3.350000 -0.866025 0.433013
v -3.408658 -0.866025 0.461940
v -3.470590 -0.866025 0.482963
v -3.534737 -0.866025 0.495722
v -3.600000 -0.866025 0.500000
v -3.665263 -0.866025 0.495722
v -3.729410 -0.866025 0.482963
v -3.791342 -0.866025 0.461940
v -3.850000 -0.866025 0.433013
v -3.904381 -0.866025 0.396677
v -3.953553 -0.866025 0.353553
v -3.996677 -0.866025 0.304381
v -4.033013 -0.866025 0.250000
v -4.061940 -0.866025 0.191342
v -4.082963 -0.866025 0.129410
v -4.095722 -0.866025 0.065263
v -4.100000 -0.866025 0.000000
v -4.095722 -0.866025 -0.065263
v -4.082963 -0.866025 -0.129410
v -4.061940 -0.866025 -0.191342
v -4.033013 -0.866025 -0.250000
v -3.996677 -0.866025 -0.304381
v -3.953553 -0.866025 -0.353553
v -3.904381 -0.866025 -0.396677
v -3.850000 -0.866025 -0.433013
v -3.791342 -0.866025 -0.461940
v -3.729410 -0.866025 -0.482963
v -3.665263 -0.866025 -0.495722
v -3.600000 -0.866025 -0.500000
v -3.534737 -0.866025 -0.495722
v -3.470590 -0.866025 -0.482963
v -3.408658 -0.866025 -0.461940
v -3.350000 -0.866025 -0.433013
v -3.295619 -0.866025 -0.396677
v -3.246447 -0.866025 -0.353553
v -3.203323 -0.866025 -0.304381
v -3.166987 -0.866025 -0.250000
v -3.138060 -0.866025 -0.191342
v -3.117037 -0.866025 -0.129410
v -3.104278 -0.866025 -0.065263
v -3.217317 -0.923880 0.000000
v -3.220590 -0.923880 0.049950
v -3.230356 -0.923880 0.099046
v -3.246447 -0.923880 0.146447
v -3.268586 -0.923880 0.191342
v -3.296397 -0.923880 0.232963
v -3.329402 -0.923880 0.270598
v -3.367037 -0.923880 0.303603
v -3.408658 -0.923880 0.331414
v -3.453553 -0.923880 0.353553
v -3.500954 -0.923880 0.369644
v -3.550050 -0.923880 0.379410
v -3.600000 -0.923880 0.382683
v -3.649950 -0.923880 0.379410
v -3.699046 -0.923880 0.369644
v -3.746447 -0.923880 0.353553
v -3.791342 -0.923880 0.331414
v -3.832963 -0.923880 0.303603
v -3.870598 -0.923880 0.270598
v -3.903603 -0.923880 0.232963
v -3.931414 -0.923880 0.191342
v -3.953553 -0.923880 0.146447
v -3.969644 -0.923880 0.099046
v -3.979410 -0.923880 0.049950
v -3.982683 -0.923880 0.000000
v -3.979410 -0.923880 -0.049950
v -3.969644 -0.923880 -0.099046
v -3.953553 -0.923880 -0.146447
v -3.931414 -0.923880 -0.191342
v -3.903603 -0.923880 -0.232963
v -3.870598 -0.923880 -0.270598
v -3.832963 -0.923880 -0.303603
v -3.791342 -0.923880 -0.331414
v -3.746447 -0.923880 -0.353553
v -3.699046 -0.923880 -0.369644
v -3.649950 -0.923880 -0.379410
v -3.600000 -0.923880 -0.382683
v -3.550050 -0.923880 -0.379410
v -3.500954 -0.923880 -0.369644
v -3.453553 -0.923880 -0.353553
v -3.408658 -0.923880 -0.331414
v -3.367037 -0.923880 -0.303603
v -3.329402 -0.923880 -0.270598
v -3.296397 -0.923880 -0.232963
v -3.268586 -0.923880 -0.191342
v -3.246447 -0.923880 -0.146447
v -3.230356 -0.923880 -0.099046
v -3.220590 -0.923880 -0.049950
v -3.341181 -0.965926 0.000000
v -3.343395 -0.965926 0.033783
v -3.350000 -0.965926 0.066987
v -3.360882 -0.965926 0.099046
v -3.375856 -0.965926 0.129410
v -3.394665 -0.965926 0.157559
v -3.416987 -0.965926 0.183013
v -3.442441 -0.965926 0.205335
v -3.470590 -0.965926 0.224144
v -3.500954 -0.965926 0.239118
v -3.533013 -0.965926 0.250000
v -3.566217 -0.965926 0.256605
v -3.600000 -0.965926 0.258819
v -3.633783 -0.965926 0.256605
v -3.666987 -0.965926 0.250000
v -3.699046 -0.965926 0.239118
v -3.729410 -0.965926 0.224144
v -3.757559 -0.965926 0.205335
v -3.783013 -0.965926 0.183013
v -3.805335 -0.965926 0.157559
v -3.824144 -0.965926 0.129410
v -3.839118 -0.965926 0.099046
v -3.850000 -0.965926 0.066987
v -3.856605 -0.965926 0.033783
v -3.858819 -0.965926 0.000000
v -3.856605 -0.965926 -0.033783
v -3.850000 -0.965926 -0.066987
v -3.839118 -0.965926 -0.099046
v -3.824144 -0.965926 -0.129410
v -3.805335 -0.965926 -0.157559
v -3.783013 -0.965926 -0.183013
v -3.757559 -0.965926 -0.205335
v -3.729410 -0.965926 -0.224144
v -3.699046 -0.965926 -0.239118
v -3.666987 -0.965926 -0.250000
v -3.633783 -0.965926 -0.256605
v -3.600000 -0.965926 -0.258819
v -3.566217 -0.965926 -0.256605
v -3.533013 -0.965926 -0.250000
v -3.500954 -0.965926 -0.239118
v -3.470590 -0.965926 -0.224144
v -3.442441 -0.965926 -0.205335
v -3.416987 -0.965926 -0.183013
v -3.394665 -0.965926 -0.157559
v -3.375856 -0.965926 -0.129410
v -3.360882 -0.965926 -0.099046
v -3.350000 -0.965926 -0.066987
v -3.343395 -0.965926 -0.033783
v -3.469474 -0.991445 0.000000
v -3.470590 -0.991445 0.017037
v -3.473921 -0.991445 0.033783
v -3.479410 -0.991445 0.049950
v -3.486961 -0.991445 0.065263
v -3.496447 -0.991445 0.079459
v -3.507704 -0.991445 0.092296
v -3.520541 -0.991445 0.103553
v -3.534737 -0.991445 0.113039
v -3.550050 -0.991445 0.120590
v -3.566217 -0.991445 0.126079
v -3.582963 -0.991445 0.129410
v -3.600000 -0.991445 0.130526
v -3.617037 -0.991445 0.129410
v -3.633783 -0.991445 0.126079
v -3.649950 -0.991445 0.120590
v -3.665263 -0.991445 0.113039
v -3.679459 -0.991445 0.103553
v -3.692296 -0.991445 0.092296
v -3.703553 -0.991445 0.079459
v -3.713039 -0.991445 0.065263
v -3.720590 -0.991445 0.049950
v -3.726079 -0.991445 0.033783
v -3.729410 -0.991445 0.017037
v -3.730526 -0.991445 0.000000
v -3.729410 -0.991445 -0.017037
v -3.726079 -0.991445 -0.033783
v -3.720590 -0.991445 -0.049950
v -3.713039 -0.991445 -0.065263
v -3.703553 -0.991445 -0.079459
v -3.692296 -0.991445 -0.092296
v -3.679459 -0.991445 -0.103553
v -3.665263 -0.991445 -0.113039
v -3.649950 -0.991445 -0.120590
v -3.633783 -0.991445 -0.126079
v -3.617037 -0.991445 -0.129410
v -3.600000 -0.991445 -0.130526
v -3.582963 -0.991445 -0.129410
v -3.566217 -0.991445 -0.126079
v -3.550050 -0.991445 -0.120590
v -3.534737 -0.991445 -0.113039
v -3.520541 -0.991445 -0.103553
v -3.507704 -0.991445 -0.092296
v -3.496447 -0.991445 -0.079459
v -3.486961 -0.991445 -0.065263
v -3.479410 -0.991445 -0.049950
v -3.473921 -0.991445 -0.033783
v -3.470590 -0.991445 -0.017037
v -3.600000 -1.000000 0.000000
v -1.200000 1.000000 0.000000
v -1.069474 0.991445 0.000000
v -1.070590 0.991445 0.017037
v -1.073921 0.991445 0.033783
v -1.079410 0.991445 0.049950
v -1.086961 0.991445 0.065263
v -1.096447 0.991445 0.079459
v -1.107704 0.991445 0.092296
v -1.120541 0.991445 0.103553
v -1.134737 0.991445 0.113039
v -1.150050 0.991445 0.120590
v -1.166217 0.991445 0.126079
v -1.182963 0.991445 0.129410
v -1.200000 0.991445 0.130526
v -1.217037 0.991445 0.129410
v -1.233783 0.991445 0.126079
v -1.249950 0.991445 0.120590
v -1.265263 0.991445 0.113039
v -1.279459 0.991445 0.103553
v -1.292296 0.991445 0.092296
v -1.303553 0.991445 0.079459
v -1.313039 0.991445 0.065263
v -1.320590 0.991445 0.049950
v -1.326079 0.991445 0.033783
v -1.329410 0.991445 0.017037
v -1.330526 0.991445 0.000000
v -1.329410 0.991445 -0.017037
v -1.326079 0.991445 -0.033783
v -1.320590 0.991445 -0.049950
v -1.313039 0.991445 -0.065263
v -1.303553 0.991445 -0.079459
v -1.292296 0.991445 -0.092296
v -1.279459 0.991445 -0.103553
v -1.265263 0.991445 -0.113039
v -1.249950 0.991445 -0.120590
v -1.233783 0.991445 -0.126079
v -1.217037 0.991445 -0.129410
v -1.200000 0.991445 -0.130526
v -1.182963 0.991445 -0.129410
v -1.166217 0.991445 -0.126079
v -1.150050 0.991445 -0.120590
v -1.134737 0.991445 -0.113039
v -1.120541 0.991445 -0.103553
v -1.107704 0.991445 -0.092296
v -1.096447 0.991445 -0.079459
v -1.086961 0.991445 -0.065263
v -1.079410 0.991445 -0.049950
v -1.073921 0.991445 -0.033783
v -1.070590 0.991445 -0.017037
v -0.941181 0.965926 0.000000
v -0.943395 0.965926 0.033783
v -0.950000 0.965926 0.066987
v -0.960882 0.965926 0.099046
v -0.975856 0.965926 0.129410
v -0.994665 0.965926 0.157559
v -1.016987 0.965926 0.183013
v -1.042441 0.965926 0.205335
v -1.070590 0.965926 0.224144
v -1.100954 0.965926 0.239118
v -1.133013 0.965926 0.250000
v -1.166217 0.965926 0.256605
v -1.200000 0.965926 0.258819
v -1.233783 0.965926 0.256605
v -1.266987 0.965926 0.250000
v -1.299046 0.965926 0.239118
v -1.329410 0.965926 0.224144
v -1.357559 0.965926 0.205335
v -1.383013 0.965926 0.183013
v -1.405335 0.965926 0.157559
v -1.424144 0.965926 0.129410
v -1.439118 0.965926 0.099046
v -1.450000 0.965926 0.066987
v -1.456605 0.965926 0.033783
v -1.458819 0.965926 0.000000
v -1.456605 0.965926 -0.033783
v -1.450000 0.965926 -0.066987
v -1.439118 0.965926 -0.099046
v -1.424144 0.965926 -0.129410
v -1.405335 0.965926 -0.157559
v -1.383013 0.965926 -0.183013
v -1.357559 0.965926 -0.205335
v -1.329410 0.965926 -0.224144
v -1.299046 0.965926 -0.239118
v -1.266987 0.965926 -0.250000
v -1.233783 0.965926 -0.256605
v -1.200000 0.965926 -0.258819
v -1.166217 0.965926 -0.256605
v -1.133013 0.965926 -0.250000
v -1.100954 0.965926 -0.239118
v -1.070590 0.965926 -0.224144
v -1.042441 0.965926 -0.205335
v -1.016987 0.965926 -0.183013
v -0.994665 0.965926 -0.157559
v -0.975856 0.965926 -0.129410
v -0.960882 0.965926 -0.099046
v -0.950000 0.965926 -0.066987
v -0.943395 0.965926 -0.033783
v -0.817317 0.923880 0.000000
v -0.820590 0.923880 0.049950
v -0.830356 0.923880 0.099046
v -0.846447 0.923880 0.146447
v -0.868586 0.923880 0.191342
v -0.896397 0.923880 0.232963
v -0.929402 0.923880 0.270598
v -0.967037 0.923880 0.303603
v -1.008658 0.923880 0.331414
v -1.053553 0.923880 0.353553
v -1.100954 0.923880 0.369644
v -1.150050 0.923880 0.379410
v -1.200000 0.923880 0.382683
v -1.249950 0.923880 0.379410
v -1.299046 0.923880 0.369644
v -1.346447 0.923880 0.353553
v -1.391342 0.923880 0.331414
v -1.432963 0.923880 0.303603
v -1.470598 0.923880 0.270598
v -1.503603 0.923880 0.232963
v -1.531414 0.923880 0.191342
v -1.553553 0.923880 0.146447
v -1.569644 0.923880 0.099046
v -1.579410 0.923880 0.049950
v -1.582683 0.923880 0.000000
v -1.579410 0.923880 -0.049950
v -1.569644 0.923880 -0.099046
v -1.553553 0.923880 -0.146447
v -1.531414 0.923880 -0.191342
v -1.503603 0.923880 -0.232963
v -1.470598 0.923880 -0.270598
v -1.432963 0.923880 -0.303603
v -1.391342 0.923880 -0.331414
v -1.346447 0.923880 -0.353553
v -1.299046 0.923880 -0.369644
v -1.249950 0.923880 -0.379410
v -1.200000 0.923880 -0.382683
v -1.150050 0.923880 -0.379410
v -1.100954 0.923880 -0.369644
v -1.053553 0.923880 -0.353553
v -1.008658 0.923880 -0.331414
v -0.967037 0.923880 -0.303603
v -0.929402 0.923880 -0.270598
v -0.896397 0.923880 -0.232963
v -0.868586 0.923880 -0.191342
v -0.846447 0.923880 -0.146447
v -0.830356 0.923880 -0.099046
v -0.820590 0.923880 -0.049950
v -0.700000 0.866025 0.000000
v -0.704278 0.866025 0.065263
v -0.717037 0.866025 0.129410
v -0.738060 0.866025 0.191342
v -0.766987 0.866025 0.250000
v -0.803323 0.866025 0.304381
v -0.846447 0.866025 0.353553
v -0.895619 0.866025 0.396677
v -0.950000 0.866025 0.433013
v -1.008658 0.866025 0.461940
v -1.070590 0.866025 0.482963
v -1.134737 0.866025 0.495722
v -1.200000 0.866025 0.500000
v -1.265263 0.866025 0.495722
v -1.329410 0.866025 0.482963
v -1.391342 0.866025 0.461940
v -1.450000 0.866025 0.433013
v -1.504381 0.866025 0.396677
v -1.553553 0.866025 0.353553
v -1.596677 0.866025 0.304381
v -1.633013 0.866025 0.250000
v -1.661940 0.866025 0.191342
v -1.682963 0.866025 0.129410
v -1.695722 0.866025 0.065263
v -1.700000 0.866025 0.000000
v -1.695722 0.866025 -0.065263
v -1.682963 0.866025 -0.129410
v -1.661940 0.866025 -0.191342
v -1.633013 0.866025 -0.250000
v -1.596677 0.866025 -0.304381
v -1.553553 0.866025 -0.353553
v -1.504381 0.866025 -0.396677
v -1.450000 0.866025 -0.433013
v -1.391342 0.866025 -0.461940
v -1.329410 0.866025 -0.482963
v -1.265263 0.866025 -0.495722
v -1.200000 0.866025 -0.500000
v -1.134737 0.866025 -0.495722
v -1.070590 0.866025 -0.482963
v -1.008658 0.866025 -0.461940
v -0.950000 0.866025 -0.433013
v -0.895619 0.866025 -0.396677
v -0.846447 0.866025 -0.353553
v -0.803323 0.866025 -0.304381
v -0.766987 0.866025 -0.250000
v -0.738060 0.866025 -0.191342
v -0.717037 0.866025 -0.129410
v -0.704278 0.866025 -0.065263
v -0.591239 0.793353 0.000000
v -0.596447 0.793353 0.079459
v -0.611982 0.793353 0.157559
v -0.637578 0.793353 0.232963
v -0.672797 0.793353 0.304381
v -0.717037 0.793353 0.370590
v -0.769541 0.793353 0.430459
v -0.829410 0.793353 0.482963
v -0.895619 0.793353 0.527203
v -0.967037 0.793353 0.562422
v -1.042441 0.793353 0.588018
v -1.120541 0.793353 0.603553
v -1.200000 0.793353 0.608761
v -1.279459 0.793353 0.603553
v -1.357559 0.793353 0.588018
v -1.432963 0.793353 0.562422
v -1.504381 0.793353 0.527203
v -1.570590 0.793353 0.482963
v -1.630459 0.793353 0.430459
v -1.682963 0.793353 0.370590
v -1.727203 0.793353 0.304381
v -1.762422 0.793353 0.232963
v -1.788018 0.793353 0.157559
v -1.803553 0.793353 0.079459
v -1.808761 0.793353 0.000000
v -1.803553 0.793353 -0.079459
v -1.788018 0.793353 -0.157559
v -1.762422 0.793353 -0.232963
v -1.727203 0.793353 -0.304381
v -1.682963 0.793353 -0.370590
v -1.630459 0.793353 -0.430459
v -1.570590 0.793353 -0.482963
v -1.504381 0.793353 -0.527203
v -1.432963 0.793353 -0.562422
v -1.357559 0.793353 -0.588018
v -1.279459 0.793353 -0.603553
v -1.200000 0.793353 -0.608761
v -1.120541 0.793353 -0.603553
v -1.042441 0.793353 -0.588018
v -0.967037 0.793353 -0.562422
v -0.895619 0.793353 -0.527203
v -0.829410 0.793353 -0.482963
v -0.769541 0.793353 -0.430459
v -0.717037 0.793353 -0.370590
v -0.672797 0.793353 -0.304381
v -0.637578 0.793353 -0.232963
v -0.611982 0.793353 -0.157559
v -0.596447 0.793353 -0.079459
v -0.492893 0.707107 0.000000
v -0.498943 0.707107 0.092296
v -0.516987 0.707107 0.183013
v -0.546719 0.707107 0.270598
v -0.587628 0.707107 0.353553
v -0.639014 0.707107 0.430459
v -0.700000 0.707107 0.500000
v -0.769541 0.707107 0.560986
v -0.846447 0.707107 0.612372
v -0.929402 0.707107 0.653281
v -1.016987 0.707107 0.683013
v -1.107704 0.707107 0.701057
v -1.200000 0.707107 0.707107
v -1.292296 0.707107 0.701057
v -1.383013 0.707107 0.683013
v -1.470598 0.707107 0.653281
v -1.553553 0.707107 0.612372
v -1.630459 0.707107 0.560986
v -1.700000 0.707107 0.500000
v -1.760986 0.707107 0.430459
v -1.812372 0.707107 0.353553
v -1.853281 0.707107 0.270598
v -1.883013 0.707107 0.183013
v -1.901057 0.707107 0.092296
v -1.907107 0.707107 0.000000
v -1.901057 0.707107 -0.092296
v -1.883013 0.707107 -0.183013
v -1.853281 0.707107 -0.270598
v -1.812372 0.707107 -0.353553
v -1.760986 0.707107 -0.430459
v -1.700000 0.707107 -0.500000
v -1.630459 0.707107 -0.560986
v -1.553553 0.707107 -0.612372
v -1.470598 0.707107 -0.653281
v -1.383013 0.707107 -0.683013
v -1.292296 0.707107 -0.701057
v -1.200000 0.707107 -0.707107
v -1.107704 0.707107 -0.701057
v -1.016987 0.707107 -0.683013
v -0.929402 0.707107 -0.653281
v -0.846447 0.707107 -0.612372
v -0.769541 0.707107 -0.560986
v -0.700000 0.707107 -0.500000
v -0.639014 0.707107 -0.430459
v -0.587628 0.707107 -0.353553
v -0.546719 0.707107 -0.270598
v -0.516987 0.707107 -0.183013
v -0.498943 0.707107 -0.092296
v -0.406647 0.608761 0.000000
v -0.413434 0.608761 0.103553
v -0.433680 0.608761 0.205335
v -0.467037 0.608761 0.303603
v -0.512936 0.608761 0.396677
v -0.570590 0.608761 0.482963
v -0.639014 0.608761 0.560986
v -0.717037 0.608761 0.629410
v -0.803323 0.608761 0.687064
v -0.896397 0.608761 0.732963
v -0.994665 0.608761 0.766320
v -1.096447 0.608761 0.786566
v -1.200000 0.608761 0.793353
v -1.303553 0.608761 0.786566
v -1.405335 0.608761 0.766320
v -1.503603 0.608761 0.732963
v -1.596677 0.608761 0.687064
v -1.682963 0.608761 0.629410
v -1.760986 0.608761 0.560986
v -1.829410 0.608761 0.482963
v -1.887064 0.608761 0.396677
v -1.932963 0.608761 0.303603
v -1.966320 0.608761 0.205335
v -1.986566 0.608761 0.103553
v -1.993353 0.608761 0.000000
v -1.986566 0.608761 -0.103553
v -1.966320 0.608761 -0.205335
v -1.932963 0.608761 -0.303603
v -1.887064 0.608761 -0.396677
v -1.829410 0.608761 -0.482963
v -1.760986 0.608761 -0.560986
v -1.682963 0.608761 -0.629410
v -1.596677 0.608761 -0.687064
v -1.503603 0.608761 -0.732963
v -1.405335 0.608761 -0.766320
v -1.303553 0.608761 -0.786566
v -1.200000 0.608761 -0.793353
v -1.096447 0.608761 -0.786566
v -0.994665 0.608761 -0.766320
v -0.896397 0.608761 -0.732963
v -0.803323 0.608761 -0.687064
v -0.717037 0.608761 -0.629410
v -0.639014 0.608761 -0.560986
v -0.570590 0.608761 -0.482963
v -0.512936 0.608761 -0.396677
v -0.467037 0.608761 -0.303603
v -0.433680 0.608761 -0.205335
v -0.413434 0.608761 -0.103553
v -0.333975 0.500000 0.000000
v -0.341384 0.500000 0.113039
v -0.363484 0.500000 0.224144
v -0.399897 0.500000 0.331414
v -0.450000 0.500000 0.433013
v -0.512936 0.500000 0.527203
v -0.587628 0.500000 0.612372
v -0.672797 0.500000 0.687064
v -0.766987 0.500000 0.750000
v -0.868586 0.500000 0.800103
v -0.975856 0.500000 0.836516
v -1.086961 0.500000 0.858616
v -1.200000 0.500000 0.866025
v -1.313039 0.500000 0.858616
v -1.424144 0.500000 0.836516
v -1.531414 0.500000 0.800103
v -1.633013 0.500000 0.750000
v -1.727203 0.500000 0.687064
v -1.812372 0.500000 0.612372
v -1.887064 0.500000 0.527203
v -1.950000 0.500000 0.433013
v -2.000103 0.500000 0.331414
v -2.036516 0.500000 0.224144
v -2.058616 0.500000 0.113039
v -2.066025 0.500000 0.000000
v -2.058616 0.500000 -0.113039
v -2.036516 0.500000 -0.224144
v -2.000103 0.500000 -0.331414
v -1.950000 0.500000 -0.433013
v -1.887064 0.500000 -0.527203
v -1.812372 0.500000 -0.612372
v -1.727203 0.500000 -0.687064
v -1.633013 0.500000 -0.750000
v -1.531414 0.500000 -0.800103
v -1.424144 0.500000 -0.836516
v -1.313039 0.500000 -0.858616
v -1.200000 0.500000 -0.866025
v -1.086961 0.500000 -0.858616
v -0.975856 0.500000 -0.836516
v -0.868586 0.500000 -0.800103
v -0.766987 0.500000 -0.750000
v -0.672797 0.500000 -0.687064
v -0.587628 0.500000 -0.612372
v -0.512936 0.500000 -0.527203
v -0.450000 0.500000 -0.433013
v -0.399897 0.500000 -0.331414
v -0.363484 0.500000 -0.224144
v -0.341384 0.500000 -0.113039
v -0.276120 0.382683 0.000000
v -0.284024 0.382683 0.120590
v -0.307601 0.382683 0.239118
v -0.346447 0.382683 0.353553
v -0.399897 0.382683 0.461940
v -0.467037 0.382683 0.562422
v -0.546719 0.382683 0.653281
v -0.637578 0.382683 0.732963
v -0.738060 0.382683 0.800103
v -0.846447 0.382683 0.853553
v -0.960882 0.382683 0.892399
v -1.079410 0.382683 0.915976
v -1.200000 0.382683 0.923880
v -1.320590 0.382683 0.915976
v -1.439118 0.382683 0.892399
v -1.553553 0.382683 0.853553
v -1.661940 0.382683 0.800103
v -1.762422 0.382683 0.732963
v -1.853281 0.382683 0.653281
v -1.932963 0.382683 0.562422
v -2.000103 0.382683 0.461940
v -2.053553 0.382683 0.353553
v -2.092399 0.382683 0.239118
v -2.115976 0.382683 0.120590
v -2.123880 0.382683 0.000000
v -2.115976 0.382683 -0.120590
v -2.092399 0.382683 -0.239118
v -2.053553 0.382683 -0.353553
v -2.000103 0.382683 -0.461940
v -1.932963 0.382683 -0.562422
v -1.853281 0.382683 -0.653281
v -1.762422 0.382683 -0.732963
v -1.661940 0.382683 -0.800103
v -1.553553 0.382683 -0.853553
v -1.439118 0.382683 -0.892399
v -1.320590 0.382683 -0.915976
v -1.200000 0.382683 -0.923880
v -1.079410 0.382683 -0.915976
v -0.960882 0.382683 -0.892399
v -0.846447 0.382683 -0.853553
v -0.738060 0.382683 -0.800103
v -0.637578 0.382683 -0.732963
v -0.546719 0.382683 -0.653281
v -0.467037 0.382683 -0.562422
v -0.399897 0.382683 -0.461940
v -0.346447 0.382683 -0.353553
v -0.307601 0.382683 -0.239118
v -0.284024 0.382683 -0.120590
v -0.234074 0.258819 0.000000
v -0.242338 0.258819 0.126079
v -0.266987 0.258819 0.250000
v -0.307601 0.258819 0.369644
v -0.363484 0.258819 0.482963
v -0.433680 0.258819 0.588018
v -0.516987 0.258819 0.683013
v -0.611982 0.258819 0.766320
v -0.717037 0.258819 0.836516
v -0.830356 0.258819 0.892399
v -0.950000 0.258819 0.933013
v -1.073921 0.258819 0.957662
v -1.200000 0.258819 0.965926
v -1.326079 0.258819 0.957662
v -1.450000 0.258819 0.933013
v -1.569644 0.258819 0.892399
v -1.682963 0.258819 0.836516
v -1.788018 0.258819 0.766320
v -1.883013 0.258819 0.683013
v -1.966320 0.258819 0.588018
v -2.036516 0.258819 0.482963
v -2.092399 0.258819 0.369644
v -2.133013 0.258819 0.250000
v -2.157662 0.258819 0.126079
v -2.165926 0.258819 0.000000
v -2.157662 0.258819 -0.126079
v -2.133013 0.258819 -0.250000
v -2.092399 0.258819 -0.369644
v -2.036516 0.258819 -0.482963
v -1.966320 0.258819 -0.588018
v -1.883013 0.258819 -0.683013
v -1.788018 0.258819 -0.766320
v -1.682963 0.258819 -0.836516
v -1.569644 0.258819 -0.892399
v -1.450000 0.258819 -0.933013
v -1.326079 0.258819 -0.957662
v -1.200000 0.258819 -0.965926
v -1.073921 0.258819 -0.957662
v -0.950000 0.258819 -0.933013
v -0.830356 0.258819 -0.892399
v -0.717037 0.258819 -0.836516
v -0.611982 0.258819 -0.766320
v -0.516987 0.258819 -0.683013
v -0.433680 0.258819 -0.588018
v -0.363484 0.258819 -0.482963
v -0.307601 0.258819 -0.369644
v -0.266987 0.258819 -0.250000
v -0.242338 0.258819 -0.126079
v -0.208555 0.130526 0.000000
v -0.217037 0.130526 0.129410
v -0.242338 0.130526 0.256605
v -0.284024 0.130526 0.379410
v -0.341384 0.130526 0.495722
v -0.413434 0.130526 0.603553
v -0.498943 0.130526 0.701057
v -0.596447 0.130526 0.786566
v -0.704278 0.130526 0.858616
v -0.820590 0.130526 0.915976
v -0.943395 0.130526 0.957662
v -1.070590 0.130526 0.982963
v -1.200000 0.130526 0.991445
v -1.329410 0.130526 0.982963
v -1.456605 0.130526 0.957662
v -1.579410 0.130526 0.915976
v -1.695722 0.130526 0.858616
v -1.803553 0.130526 0.786566
v -1.901057 0.130526 0.701057
v -1.986566 0.130526 0.603553
v -2.058616 0.130526 0.495722
v -2.115976 0.130526 0.379410
v -2.157662 0.130526 0.256605
v -2.182963 0.130526 0.129410
v -2.191445 0.130526 0.000000
v -2.182963 0.130526 -0.129410
v -2.157662 0.130526 -0.256605
v -2.115976 0.130526 -0.379410
v -2.058616 0.130526 -0.495722
v -1.986566 0.130526 -0.603553
v -1.901057 0.130526 -0.701057
v -1.803553 0.130526 -0.786566
v -1.695722 0.130526 -0.858616
v -1.579410 0.130526 -0.915976
v -1.456605 0.130526 -0.957662
v -1.329410 0.130526 -0.982963
v -1.200000 0.130526 -0.991445
v -1.070590 0.130526 -0.982963
v -0.943395 0.130526 -0.957662
v -0.820590 0.130526 -0.915976
v -0.704278 0.130526 -0.858616
v -0.596447 0.130526 -0.786566
v -0.498943 0.130526 -0.701057
v -0.413434 0.130526 -0.603553
v -0.341384 0.130526 -0.495722
v -0.284024 0.130526 -0.379410
v -0.242338 0.130526 -0.256605
v -0.217037 0.130526 -0.129410
v -0.200000 0.000000 0.000000
v -0.208555 0.000000 0.130526
v -0.234074 0.000000 0.258819
v -0.276120 0.000000 0.382683
v -0.333975 0.000000 0.500000
v -0.406647 0.000000 0.608761
v -0.492893 0.000000 0.707107
v -0.591239 0.000000 0.793353
v -0.700000 0.000000 0.866025
v -0.817317 0.000000 0.923880
v -0.941181 0.000000 0.965926
v -1.069474 0.000000 0.991445
v -1.200000 0.000000 1.000000
v -1.330526 0.000000 0.991445
v -1.458819 0.000000 0.965926
v -1.582683 0.000000 0.923880
v -1.700000 0.000000 0.866025
v -1.808761 0.000000 0.793353
v -1.907107 0.000000 0.707107
v -1.993353 0.000000 0.608761
v -2.066025 0.000000 0.500000
v -2.123880 0.000000 0.382683
v -2.165926 0.000000 0.258819
v -2.191445 0.000000 0.130526
v -2.200000 0.000000 0.000000
v -2.191445 0.000000 -0.130526
v -2.165926 0.000000 -0.258819
v -2.123880 0.000000 -0.382683
v -2.066025 0.000000 -0.500000
v -1.993353 0.000000 -0.608761
v -1.907107 0.000000 -0.707107
v -1.808761 0.000000 -0.793353
v -1.700000 0.000000 -0.866025
v -1.582683 0.000000 -0.923880
v -1.458819 0.000000 -0.965926
v -1.330526 0.000000 -0.991445
v -1.200000 0.000000 -1.000000
v -1.069474 0.000000 -0.991445
v -0.941181 0.000000 -0.965926
v -0.817317 0.000000 -0.923880
v -0.700000 0.000000 -0.866025
v -0.591239 0.000000 -0.793353
v -0.492893 0.000000 -0.707107
v -0.406647 0.000000 -0.608761
v -0.333975 0.000000 -0.500000
v -0.276120 0.000000 -0.382683
v -0.234074 0.000000 -0.258819
v -0.208555 0.000000 -0.130526
v -0.208555 -0.130526 0.000000
v -0.217037 -0.130526 0.129410
v -0.242338 -0.130526 0.256605
v -0.284024 -0.130526 0.379410
v -0.341384 -0.130526 0.495722
v -0.413434 -0.130526 0.603553
v -0.498943 -0.130526 0.701057
v -0.596447 -0.130526 0.786566
v -0.704278 -0.130526 0.858616
v -0.820590 -0.130526 0.915976
v -0.943395 -0.130526 0.957662
v -1.070590 -0.130526 0.982963
v -1.200000 -0.130526 0.991445
v -1.329410 -0.130526 0.982963
v -1.456605 -0.130526 0.957662
v -1.579410 -0.130526 0.915976
v -1.695722 -0.130526 0.858616
v -1.803553 -0.130526 0.786566
v -1.901057 -0.130526 0.701057
v -1.986566 -0.130526 0.603553
v -2.058616 -0.130526 0.495722
v -2.115976 -0.130526 0.379410
v -2.157662 -0.130526 0.256605
v -2.182963 -0.130526 0.129410
v -2.191445 -0.130526 0.000000
v -2.182963 -0.130526 -0.129410
v -2.157662 -0.130526 -0.256605
v -2.115976 -0.130526 -0.379410
v -2.058616 -0.130526 -0.495722
v -1.986566 -0.130526 -0.603553
v -1.901057 -0.130526 -0.701057
v -1.803553 -0.130526 -0.786566
v -1.695722 -0.130526 -0.858616
v -1.579410 -0.130526 -0.915976
v -1.456605 -0.130526 -0.957662
v -1.329410 -0.130526 -0.982963
v -1.200000 -0.130526 -0.991445
v -1.070590 -0.130526 -0.982963
v -0.943395 -0.130526 -0.957662
v -0.820590 -0.130526 -0.915976
v -0.704278 -0.130526 -0.858616
v -0.596447 -0.130526 -0.786566
v -0.498943 -0.130526 -0.701057
v -0.413434 -0.130526 -0.603553
v -0.341384 -0.130526 -0.495722
v -0.284024 -0.130526 -0.379410
v -0.242338 -0.130526 -0.256605
v -0.217037 -0.130526 -0.129410
v -0.234074 -0.258819 0.000000
v -0.242338 -0.258819 0.126079
v -0.266987 -0.258819 0.250000
v -0.307601 -0.258819 0.369644
v -0.363484 -0.258819 0.482963
v -0.433680 -0.258819 0.588018
v -0.516987 -0.258819 0.683013
v -0.611982 -0.258819 0.766320
v -0.717037 -0.258819 0.836516
v -0.830356 -0.258819 0.892399
v -0.950000 -0.258819 0.933013
v -1.073921 -0.258819 0.957662
v -1.200000 -0.258819 0.965926
v -1.326079 -0.258819 0.957662
v -1.450000 -0.258819 0.933013
v -1.569644 -0.258819 0.892399
v -1.682963 -0.258819 0.836516
v -1.788018 -0.258819 0.766320
v -1.883013 -0.258819 0.683013
v -1.966320 -0.258819 0.588018
v -2.036516 -0.258819 0.482963
v -2.092399 -0.258819 0.369644
v -2.133013 -0.258819 0.250000
v -2.157662 -0.258819 0.126079
v -2.165926 -0.258819 0.000000
v -2.157662 -0.258819 -0.126079
v -2.133013 -0.258819 -0.250000
v -2.092399 -0.258819 -0.369644
v -2.036516 -0.258819 -0.482963
v -1.966320 -0.258819 -0.588018
v -1.883013 -0.258819 -0.683013
v -1.788018 -0.258819 -0.766320
v -1.682963 -0.258819 -0.836516
v -1.569644 -0.258819 -0.892399
v -1.450000 -0.258819 -0.933013
v -1.326079 -0.258819 -0.957662
v -1.200000 -0.258819 -0.965926
v -1.073921 -0.258819 -0.957662
v -0.950000 -0.258819 -0.933013
v -0.830356 -0.258819 -0.892399
v -0.717037 -0.258819 -0.836516
v -0.611982 -0.258819 -0.766320
v -0.516987 -0.258819 -0.683013
v -0.433680 -0.258819 -0.588018
v -0.363484 -0.258819 -0.482963
v -0.307601 -0.258819 -0.369644
v -0.266987 -0.258819 -0.250000
v -0.242338 -0.258819 -0.126079
v -0.276120 -0.382683 0.000000
v -0.284024 -0.382683 0.120590
v -0.307601 -0.382683 0.239118
v -0.346447 -0.382683 0.353553
v -0.399897 -0.382683 0.461940
v -0.467037 -0.382683 0.562422
v -0.546719 -0.382683 0.653281
v -0.637578 -0.382683 0.732963
v -0.738060 -0.382683 0.800103
v -0.846447 -0.382683 0.853553
v -0.960882 -0.382683 0.892399
v -1.079410 -0.382683 0.915976
v -1.200000 -0.382683 0.923880
v -1.320590 -0.382683 0.915976
v -1.439118 -0.382683 0.892399
v -1.553553 -0.382683 0.853553
v -1.661940 -0.382683 0.800103
v -1.762422 -0.382683 0.732963
v -1.853281 -0.382683 0.653281
v -1.932963 -0.382683 0.562422
v -2.000103 -0.382683 0.461940
v -2.053553 -0.382683 0.353553
v -2.092399 -0.382683 0.239118
v -2.115976 -0.382683 0.120590
v -2.123880 -0.382683 0.000000
v -2.115976 -0.382683 -0.120590
v -2.092399 -0.382683 -0.239118
v -2.053553 -0.382683 -0.353553
v -2.000103 -0.382683 -0.461940
v -1.932963 -0.382683 -0.562422
v -1.853281 -0.382683 -0.653281
v -1.762422 -0.382683 -0.732963
v -1.661940 -0.382683 -0.800103
v -1.553553 -0.382683 -0.853553
v -1.439118 -0.382683 -0.892399
v -1.320590 -0.382683 -0.915976
v -1.200000 -0.382683 -0.923880
v -1.079410 -0.382683 -0.915976
v -0.960882 -0.382683 -0.892399
v -0.846447 -0.382683 -0.853553
v -0.738060 -0.382683 -0.800103
v -0.637578 -0.382683 -0.732963
v -0.546719 -0.382683 -0.653281
v -0.467037 -0.382683 -0.562422
v -0.399897 -0.382683 -0.461940
v -0.346447 -0.382683 -0.353553
v -0.307601 -0.382683 -0.239118
v -0.284024 -0.382683 -0.120590
v -0.333975 -0.500000 0.000000
v -0.341384 -0.500000 0.113039
v -0.363484 -0.500000 0.224144
v -0.399897 -0.500000 0.331414
v -0.450000 -0.500000 0.433013
v -0.512936 -0.500000 0.527203
v -0.587628 -0.500000 0.612372
v -0.672797 -0.500000 0.687064
v -0.766987 -0.500000 0.750000
v -0.868586 -0.500000 0.800103
v -0.975856 -0.500000 0.836516
v -1.086961 -0.500000 0.858616
v -1.200000 -0.500000 0.866025
v -1.313039 -0.500000 0.858616
v -1.424144 -0.500000 0.836516
v -1.531414 -0.500000 0.800103
v -1.633013 -0.500000 0.750000
v -1.727203 -0.500000 0.687064
v -1.812372 -0.500000 0.612372
v -1.887064 -0.500000 0.527203
v -1.950000 -0.500000 0.433013
v -2.000103 -0.500000 0.331414
v -2.036516 -0.500000 0.224144
v -2.058616 -0.500000 0.113039
v -2.066025 -0.500000 0.000000
v -2.058616 -0.500000 -0.113039
v -2.036516 -0.500000 -0.224144
v -2.000103 -0.500000 -0.331414
v -1.950000 -0.500000 -0.433013
v -1.887064 -0.500000 -0.527203
v -1.812372 -0.500000 -0.612372
v -1.727203 -0.500000 -0.687064
v -1.633013 -0.500000 -0.750000
v -1.531414 -0.500000 -0.800103
v -1.424144 -0.500000 -0.836516
v -1.313039 -0.500000 -0.858616
v -1.200000 -0.500000 -0.866025
v -1.086961 -0.500000 -0.858616
v -0.975856 -0.500000 -0.836516
v -0.868586 -0.500000 -0.800103
v -0.766987 -0.500000 -0.750000
v -0.672797 -0.500000 -0.687064
v -0.587628 -0.500000 -0.612372
v -0.512936 -0.500000 -0.527203
v -0.450000 -0.500000 -0.433013
v -0.399897 -0.500000 -0.331414
v -0.363484 -0.500000 -0.224144
v -0.341384 -0.500000 -0.113039
v -0.406647 -0.608761 0.000000
v -0.413434 -0.608761 0.103553
v -0.433680 -0.608761 0.205335
v -0.467037 -0.608761 0.303603
v -0.512936 -0.608761 0.396677
v -0.570590 -0.608761 0.482963
v -0.639014 -0.608761 0.560986
v -0.717037 -0.608761 0.629410
v -0.803323 -0.608761 0.687064
v -0.896397 -0.608761 0.732963
v -0.994665 -0.608761 0.766320
v -1.096447 -0.608761 0.786566
v -1.200000 -0.608761 0.793353
v -1.303553 -0.608761 0.786566
v -1.405335 -0.608761 0.766320
v -1.503603 -0.608761 0.732963
v -1.596677 -0.608761 0.687064
v -1.682963 -0.608761 0.629410
v -1.760986 -0.608761 0.560986
v -1.829410 -0.608761 0.482963
v -1.887064 -0.608761 0.396677
v -1.932963 -0.608761 0.303603
v -1.966320 -0.608761 0.205335
v -1.986566 -0.608761 0.103553
v -1.993353 -0.608761 0.000000
v -1.986566 -0.608761 -0.103553
v -1.966320 -0.608761 -0.205335
v -1.932963 -0.608761 -0.303603
v -1.887064 -0.608761 -0.396677
v -1.829410 -0.608761 -0.482963
v -1.760986 -0.608761 -0.560986
v -1.682963 -0.608761 -0.629410
v -1.596677 -0.608761 -0.687064
v -1.503603 -0.608761 -0.732963
v -1.405335 -0.608761 -0.766320
v -1.303553 -0.608761 -0.786566
v -1.200000 -0.608761 -0.793353
v -1.096447 -0.608761 -0.786566
v -0.994665 -0.608761 -0.766320
v -0.896397 -0.608761 -0.732963
v -0.803323 -0.608761 -0.687064
v -0.717037 -0.608761 -0.629410
v -0.639014 -0.608761 -0.560986
v -0.570590 -0.608761 -0.482963
v -0.512936 -0.608761 -0.396677
v -0.467037 -0.608761 -0.303603
v -0.433680 -0.608761 -0.205335
v -0.413434 -0.608761 -0.103553
v -0.492893 -0.707107 0.000000
v -0.498943 -0.707107 0.092296
v -0.516987 -0.707107 0.183013
v -0.546719 -0.707107 0.270598
v -0.587628 -0.707107 0.353553
v -0.639014 -0.707107 0.430459
v -0.700000 -0.707107 0.500000
v -0.769541 -0.707107 0.560986
v -0.846447 -0.707107 0.612372
v -0.929402 -0.707107 0.653281
v -1.016987 -0.707107 0.683013
v -1.107704 -0.707107 0.701057
v -1.200000 -0.707107 0.707107
v -1.292296 -0.707107 0.701057
v -1.383013 -0.707107 0.683013
v -1.470598 -0.707107 0.653281
v -1.553553 -0.707107 0.612372
v -1.630459 -0.707107 0.560986
v -1.700000 -0.707107 0.500000
v -1.760986 -0.707107 0.430459
v -1.812372 -0.707107 0.353553
v -1.853281 -0.707107 0.270598
v -1.883013 -0.707107 0.183013
v -1.901057 -0.707107 0.092296
v -1.907107 -0.707107 0.000000
v -1.901057 -0.707107 -0.092296
v -1.883013 -0.707107 -0.183013
v -1.853281 -0.707107 -0.270598
v -1.812372 -0.707107 -0.353553
v -1.760986 -0.707107 -0.430459
v -1.700000 -0.707107 -0.500000
v -1.630459 -0.707107 -0.560986
v -1.553553 -0.707107 -0.612372
v -1.470598 -0.707107 -0.653281
v -1.383013 -0.707107 -0.683013
v -1.292296 -0.707107 -0.701057
v -1.200000 -0.707107 -0.707107
v -1.107704 -0.707107 -0.701057
v -1.016987 -0.707107 -0.683013
v -0.929402 -0.707107 -0.653281
v -0.846447 -0.707107 -0.612372
v -0.769541 -0.707107 -0.560986
v -0.700000 -0.707107 -0.500000
v -0.639014 -0.707107 -0.430459
v -0.587628 -0.707107 -0.353553
v -0.546719 -0.707107 -0.270598
v -0.516987 -0.707107 -0.183013
v -0.498943 -0.707107 -0.092296
v -0.591239 -0.793353 0.000000
v -0.596447 -0.793353 0.079459
v -0.611982 -0.793353 0.157559
v -0.637578 -0.793353 0.232963
v -0.672797 -0.793353 0.304381
v -0.717037 -0.793353 0.370590
v -0.769541 -0.793353 0.430459
v -0.829410 -0.793353 0.482963
v -0.895619 -0.793353 0.527203
v -0.967037 -0.793353 0.562422
v -1.042441 -0.793353 0.588018
v -1.120541 -0.793353 0.603553
v -1.200000 -0.793353 0.608761
v -1.279459 -0.793353 0.603553
v -1.357559 -0.793353 0.588018
v -1.432963 -0.793353 0.562422
v -1.504381 -0.793353 0.527203
v -1.570590 -0.793353 0.482963
v -1.630459 -0.793353 0.430459
v -1.682963 -0.793353 0.370590
v -1.727203 -0.793353 0.304381
v -1.762422 -0.793353 0.232963
v -1.788018 -0.793353 0.157559
v -1.803553 -0.793353 0.079459
v -1.808761 -0.793353 0.000000
v -1.803553 -0.793353 -0.079459
v -1.788018 -0.793353 -0.157559
v -1.762422 -0.793353 -0.232963
v -1.727203 -0.793353 -0.304381
v -1.682963 -0.793353 -0.370590
v -1.630459 -0.793353 -0.430459
v -1.570590 -0.793353 -0.482963
v -1.504381 -0.793353 -0.527203
v -1.432963 -0.793353 -0.562422
v -1.357559 -0.793353 -0.588018
v -1.279459 -0.793353 -0.603553
v -1.200000 -0.793353 -0.608761
v -1.120541 -0.793353 -0.603553
v -1.042441 -0.793353 -0.588018
v -0.967037 -0.793353 -0.562422
v -0.895619 -0.793353 -0.527203
v -0.829410 -0.793353 -0.482963
v -0.769541 -0.793353 -0.430459
v -0.717037 -0.793353 -0.370590
v -0.672797 -0.793353 -0.304381
v -0.637578 -0.793353 -0.232963
v -0.611982 -0.793353 -0.157559
v -0.596447 -0.793353 -0.079459
v -0.700000 -0.866025 0.000000
v -0.704278 -0.866025 0.065263
v -0.717037 -0.866025 0.129410
v -0.738060 -0.866025 0.191342
v -0.766987 -0.866025 0.250000
v -0.803323 -0.866025 0.304381
v -0.846447 -0.866025 0.353553
v -0.895619 -0.866025 0.396677
v -0.950000 -0.866025 0.433013
v -1.008658 -0.866025 0.461940
v -1.070590 -0.866025 0.482963
v -1.134737 -0.866025 0.495722
v -1.200000 -0.866025 0.500000
v -1.265263 -0.866025 0.495722
v -1.329410 -0.866025 0.482963
v -1.391342 -0.866025 0.461940
v -1.450000 -0.866025 0.433013
v -1.504381 -0.866025 0.396677
v -1.553553 -0.866025 0.353553
v -1.596677 -0.866025 0.304381
v -1.633013 -0.866025 0.250000
v -1.661940 -0.866025 0.191342
v -1.682963 -0.866025 0.129410
v -1.695722 -0.866025 0.065263
v -1.700000 -0.866025 0.000000
v -1.695722 -0.866025 -0.065263
v -1.682963 -0.866025 -0.129410
v -1.661940 -0.866025 -0.191342
v -1.633013 -0.866025 -0.250000
v -1.596677 -0.866025 -0.304381
v -1.553553 -0.866025 -0.353553
v -1.504381 -0.866025 -0.396677
v -1.450000 -0.866025 -0.433013
v -1.391342 -0.866025 -0.461940
v -1.329410 -0.866025 -0.482963
v -1.265263 -0.866025 -0.495722
v -1.200000 -0.866025 -0.500000
v -1.134737 -0.866025 -0.495722
v -1.070590 -0.866025 -0.482963
v -1.008658 -0.866025 -0.461940
v -0.950000 -0.866025 -0.433013
v -0.895619 -0.866025 -0.396677
v -0.846447 -0.866025 -0.353553
v -0.803323 -0.866025 -0.304381
v -0.766987 -0.866025 -0.250000
v -0.738060 -0.866025 -0.191342
v -0.717037 -0.866025 -0.129410
v -0.704278 -0.866025 -0.065263
v -0.817317 -0.923880 0.000000
v -0.820590 -0.923880 0.049950
v -0.830356 -0.923880 0.099046
v -0.846447 -0.923880 0.146447
v -0.868586 -0.923880 0.191342
v -0.896397 -0.923880 0.232963
v -0.929402 -0.923880 0.270598
v -0.967037 -0.923880 0.303603
v -1.008658 -0.923880 0.331414
v -1.053553 -0.923880 0.353553
v -1.100954 -0.923880 0.369644
v -1.150050 -0.923880 0.379410
v -1.200000 -0.923880 0.382683
v -1.249950 -0.923880 0.379410
v -1.299046 -0.923880 0.369644
v -1.346447 -0.923880 0.353553
v -1.391342 -0.923880 0.331414
v -1.432963 -0.923880 0.303603
v -1.470598 -0.923880 0.270598
v -1.503603 -0.923880 0.232963
v -1.531414 -0.923880 0.191342
v -1.553553 -0.923880 0.146447
v -1.569644 -0.923880 0.099046
v -1.579410 -0.923880 0.049950
v -1.582683 -0.923880 0.000000
v -1.579410 -0.923880 -0.049950
v -1.569644 -0.923880 -0.099046
v -1.553553 -0.923880 -0.146447
v -1.531414 -0.923880 -0.191342
v -1.503603 -0.923880 -0.232963
v -1.470598 -0.923880 -0.270598
v -1.432963 -0.923880 -0.303603
v -1.391342 -0.923880 -0.331414
v -1.346447 -0.923880 -0.353553
v -1.299046 -0.923880 -0.369644
v -1.249950 -0.923880 -0.379410
v -1.200000 -0.923880 -0.382683
v -1.150050 -0.923880 -0.379410
v -1.100954 -0.923880 -0.369644
v -1.053553 -0.923880 -0.353553
v -1.008658 -0.923880 -0.331414
v -0.967037 -0.923880 -0.303603
v -0.929402 -0.923880 -0.270598
v -0.896397 -0.923880 -0.232963
v -0.868586 -0.923880 -0.191342
v -0.846447 -0.923880 -0.146447
v -0.830356 -0.923880 -0.099046
v -0.820590 -0.923880 -0.049950
v -0.941181 -0.965926 0.000000
v -0.943395 -0.965926 0.033783
v -0.950000 -0.965926 0.066987
v -0.960882 -0.965926 0.099046
v -0.975856 -0.965926 0.129410
v -0.994665 -0.965926 0.157559
v -1.016987 -0.965926 0.183013
v -1.042441 -0.965926 0.205335
v -1.070590 -0.965926 0.224144
v -1.100954 -0.965926 0.239118
v -1.133013 -0.965926 0.250000
v -1.166217 -0.965926 0.256605
v -1.200000 -0.965926 0.258819
v -1.233783 -0.965926 0.256605
v -1.266987 -0.965926 0.250000
v -1.299046 -0.965926 0.239118
v -1.329410 -0.965926 0.224144
v -1.357559 -0.965926 0.205335
v -1.383013 -0.965926 0.183013
v -1.405335 -0.965926 0.157559
v -1.424144 -0.965926 0.129410
v -1.439118 -0.965926 0.099046
v -1.450000 -0.965926 0.066987
v -1.456605 -0.965926 0.033783
v -1.458819 -0.965926 0.000000
v -1.456605 -0.965926 -0.033783
v -1.450000 -0.965926 -0.066987
v -1.439118 -0.965926 -0.099046
v -1.424144 -0.965926 -0.129410
v -1.405335 -0.965926 -0.157559
v -1.383013 -0.965926 -0.183013
v -1.357559 -0.965926 -0.205335
v -1.329410 -0.965926 -0.224144
v -1.299046 -0.965926 -0.239118
v -1.266987 -0.965926 -0.250000
v -1.233783 -0.965926 -0.256605
v -1.200000 -0.965926 -0.258819
v -1.166217 -0.965926 -0.256605
v -1.133013 -0.965926 -0.250000
v -1.100954 -0.965926 -0.239118
v -1.070590 -0.965926 -0.224144
v -1.042441 -0.965926 -0.205335
v -1.016987 -0.965926 -0.183013
v -0.994665 -0.965926 -0.157559
v -0.975856 -0.965926 -0.129410
v -0.960882 -0.965926 -0.099046
v -0.950000 -0.965926 -0.066987
v -0.943395 -0.965926 -0.033783
v -1.069474 -0.991445 0.000000
v -1.070590 -0.991445 0.017037
v -1.073921 -0.991445 0.033783
v -1.079410 -0.991445 0.049950
v -1.086961 -0.991445 0.065263
v -1.096447 -0.991445 0.079459
v -1.107704 -0.991445 0.092296
v -1.120541 -0.991445 0.103553
v -1.134737 -0.991445 0.113039
v -1.150050 -0.991445 0.120590
v -1.166217 -0.991445 0.126079
v -1.182963 -0.991445 0.129410
v -1.200000 -0.991445 0.130526
v -1.217037 -0.991445 0.129410
v -1.233783 -0.991445 0.126079
v -1.249950 -0.991445 0.120590
v -1.265263 -0.991445 0.113039
v -1.279459 -0.991445 0.103553
v -1.292296 -0.991445 0.092296
v -1.303553 -0.991445 0.079459
v -1.313039 -0.991445 0.065263
v -1.320590 -0.991445 0.049950
v -1.326079 -0.991445 0.033783
v -1.329410 -0.991445 0.017037
v -1.330526 -0.991445 0.000000
v -1.329410 -0.991445 -0.017037
v -1.326079 -0.991445 -0.033783
v -1.320590 -0.991445 -0.049950
v -1.313039 -0.991445 -0.065263
v -1.303553 -0.991445 -0.079459
v -1.292296 -0.991445 -0.092296
v -1.279459 -0.991445 -0.103553
v -1.265263 -0.991445 -0.113039
v -1.249950 -0.991445 -0.120590
v -1.233783 -0.991445 -0.126079
v -1.217037 -0.991445 -0.129410
v -1.200000 -0.991445 -0.130526
v -1.182963 -0.991445 -0.129410
v -1.166217 -0.991445 -0.126079
v -1.150050 -0.991445 -0.120590
v -1.134737 -0.991445 -0.113039
v -1.120541 -0.991445 -0.103553
v -1.107704 -0.991445 -0.092296
v -1.096447 -0.991445 -0.079459
v -1.086961 -0.991445 -0.065263
v -1.079410 -0.991445 -0.049950
v -1.073921 -0.991445 -0.033783
v -1.070590 -0.991445 -0.017037
v -1.200000 -1.000000 0.000000
v 1.200000 1.000000 0.000000
v 1.330526 0.991445 0.000000
v 1.329410 0.991445 0.017037
v 1.326079 0.991445 0.033783
v 1.320590 0.991445 0.049950
v 1.313039 0.991445 0.065263
v 1.303553 0.991445 0.079459
v 1.292296 0.991445 0.092296
v 1.279459 0.991445 0.103553
v 1.265263 0.991445 0.113039
v 1.249950 0.991445 0.120590
v 1.233783 0.991445 0.126079
v 1.217037 0.991445 0.129410
v 1.200000 0.991445 0.130526
v 1.182963 0.991445 0.129410
v 1.166217 0.991445 0.126079
v 1.150050 0.991445 0.120590
v 1.134737 0.991445 0.113039
v 1.120541 0.991445 0.103553
v 1.107704 0.991445 0.092296
v 1.096447 0.991445 0.079459
v 1.086961 0.991445 0.065263
v 1.079410 0.991445 0.049950
v 1.073921 0.991445 0.033783
v 1.070590 0.991445 0.017037
v 1.069474 0.991445 0.000000
v 1.070590 0.991445 -0.017037
v 1.073921 0.991445 -0.033783
v 1.079410 0.991445 -0.049950
v 1.086961 0.991445 -0.065263
v 1.096447 0.991445 -0.079459
v 1.107704 0.991445 -0.092296
v 1.120541 0.991445 -0.103553
v 1.134737 0.991445 -0.113039
v 1.150050 0.991445 -0.120590
v 1.166217 0.991445 -0.126079
v 1.182963 0.991445 -0.129410
v 1.200000 0.991445 -0.130526
v 1.217037 0.991445 -0.129410
v 1.233783 0.991445 -0.126079
v 1.249950 0.991445 -0.120590
v 1.265263 0.991445 -0.113039
v 1.279459 0.991445 -0.103553
v 1.292296 0.991445 -0.092296
v 1.303553 0.991445 -0.079459
v 1.313039 0.991445 -0.065263
v 1.320590 0.991445 -0.049950
v 1.326079 0.991445 -0.033783
v 1.329410 0.991445 -0.017037
v 1.458819 0.965926 0.000000
v 1.456605 0.965926 0.033783
v 1.450000 0.965926 0.066987
v 1.439118 0.965926 0.099046
v 1.424144 0.965926 0.129410
v 1.405335 0.965926 0.157559
v 1.383013 0.965926 0.183013
v 1.357559 0.965926 0.205335
v 1.329410 0.965926 0.224144
v 1.299046 0.965926 0.239118
v 1.266987 0.965926 0.250000
v 1.233783 0.965926 0.256605
v 1.200000 0.965926 0.258819
v 1.166217 0.965926 0.256605
v 1.133013 0.965926 0.250000
v 1.100954 0.965926 0.239118
v 1.070590 0.965926 0.224144
v 1.042441 0.965926 0.205335
v 1.016987 0.965926 0.183013
v 0.994665 0.965926 0.157559
v 0.975856 0.965926 0.129410
v 0.960882 0.965926 0.099046
v 0.950000 0.965926 0.066987
v 0.943395 0.965926 0.033783
v 0.941181 0.965926 0.000000
v 0.943395 0.965926 -0.033783
v 0.950000 0.965926 -0.066987
v 0.960882 0.965926 -0.099046
v 0.975856 0.965926 -0.129410
v 0.994665 0.965926 -0.157559
v 1.016987 0.965926 -0.183013
v 1.042441 0.965926 -0.205335
v 1.070590 0.965926 -0.224144
v 1.100954 0.965926 -0.239118
v 1.133013 0.965926 -0.250000
v 1.166217 0.965926 -0.256605
v 1.200000 0.965926 -0.258819
v 1.233783 0.965926 -0.256605
v 1.266987 0.965926 -0.250000
v 1.299046 0.965926 -0.239118
v 1.329410 0.965926 -0.224144
v 1.357559 0.965926 -0.205335
v 1.383013 0.965926 -0.183013
v 1.405335 0.965926 -0.157559
v 1.424144 0.965926 -0.129410
v 1.439118 0.965926 -0.099046
v 1.450000 0.965926 -0.066987
v 1.456605 0.965926 -0.033783
v 1.582683 0.923880 0.000000
v 1.579410 0.923880 0.049950
v 1.569644 0.923880 0.099046
v 1.553553 0.923880 0.146447
v 1.531414 0.923880 0.191342
v 1.503603 0.923880 0.232963
v 1.470598 0.923880 0.270598
v 1.432963 0.923880 0.303603
v 1.391342 0.923880 0.331414
v 1.346447 0.923880 0.353553
v 1.299046 0.923880 0.369644
v 1.249950 0.923880 0.379410
v 1.200000 0.923880 0.382683
v 1.150050 0.923880 0.379410
v 1.100954 0.923880 0.369644
v 1.053553 0.923880 0.353553
v 1.008658 0.923880 0.331414
v 0.967037 0.923880 0.303603
v 0.929402 0.923880 0.270598
v 0.896397 0.923880 0.232963
v 0.868586 0.923880 0.191342
v 0.846447 0.923880 0.146447
v 0.830356 0.923880 0.099046
v 0.820590 0.923880 0.049950
v 0.817317 0.923880 0.000000
v 0.820590 0.923880 -0.049950
v 0.830356 0.923880 -0.099046
v 0.846447 0.923880 -0.146447
v 0.868586 0.923880 -0.191342
v 0.896397 0.923880 -0.232963
v 0.929402 0.923880 -0.270598
v 0.967037 0.923880 -0.303603
v 1.008658 0.923880 -0.331414
v 1.053553 0.923880 -0.353553
v 1.100954 0.923880 -0.369644
v 1.150050 0.923880 -0.379410
v 1.200000 0.923880 -0.382683
v 1.249950 0.923880 -0.379410
v 1.299046 0.923880 -0.369644
v 1.346447 0.923880 -0.353553
v 1.391342 0.923880 -0.331414
v 1.432963 0.923880 -0.303603
v 1.470598 0.923880 -0.270598
v 1.503603 0.923880 -0.232963
v 1.531414 0.923880 -0.191342
v 1.553553 0.923880 -0.146447
v 1.569644 0.923880 -0.099046
v 1.579410 0.923880 -0.049950
v 1.700000 0.866025 0.000000
v 1.695722 0.866025 0.065263
v 1.682963 0.866025 0.129410
v 1.661940 0.866025 0.191342
v 1.633013 0.866025 0.250000
v 1.596677 0.866025 0.304381
v 1.553553 0.866025 0.353553
v 1.504381 0.866025 0.396677
v 1.450000 0.866025 0.433013
v 1.391342 0.866025 0.461940
v 1.329410 0.866025 0.482963
v 1.265263 0.866025 0.495722
v 1.200000 0.866025 0.500000
v 1.134737 0.866025 0.495722
v 1.070590 0.866025 0.482963
v 1.008658 0.866025 0.461940
v 0.950000 0.866025 0.433013
v 0.895619 0.866025 0.396677
v 0.846447 0.866025 0.353553
v 0.803323 0.866025 0.304381
v 0.766987 0.866025 0.250000
v 0.738060 0.866025 0.191342
v 0.717037 0.866025 0.129410
v 0.704278 0.866025 0.065263
v 0.700000 0.866025 0.000000
v 0.704278 0.866025 -0.065263
v 0.717037 0.866025 -0.129410
v 0.738060 0.866025 -0.191342
v 0.766987 0.866025 -0.250000
v 0.803323 0.866025 -0.304381
v 0.846447 0.866025 -0.353553
v 0.895619 0.866025 -0.396677
v 0.950000 0.866025 -0.433013
v 1.008658 0.866025 -0.461940
v 1.070590 0.866025 -0.482963
v 1.134737 0.866025 -0.495722
v 1.200000 0.866025 -0.500000
v 1.265263 0.866025 -0.495722
v 1.329410 0.866025 -0.482963
v 1.391342 0.866025 -0.461940
v 1.450000 0.866025 -0.433013
v 1.504381 0.866025 -0.396677
v 1.553553 0.866025 -0.353553
v 1.596677 0.866025 -0.304381
v 1.633013 0.866025 -0.250000
v 1.661940 0.866025 -0.191342
v 1.682963 0.866025 -0.129410
v 1.695722 0.866025 -0.065263
v 1.808761 0.793353 0.000000
v 1.803553 0.793353 0.079459
v 1.788018 0.793353 0.157559
v 1.762422 0.793353 0.232963
v 1.727203 0.793353 0.304381
v 1.682963 0.793353 0.370590
v 1.630459 0.793353 0.430459
v 1.570590 0.793353 0.482963
v 1.504381 0.793353 0.527203
v 1.432963 0.793353 0.562422
v 1.357559 0.793353 0.588018
v 1.279459 0.793353 0.603553
v 1.200000 0.793353 0.608761
v 1.120541 0.793353 0.603553
v 1.042441 0.793353 0.588018
v 0.967037 0.793353 0.562422
v 0.895619 0.793353 0.527203
v 0.829410 0.793353 0.482963
v 0.769541 0.793353 0.430459
v 0.717037 0.793353 0.370590
v 0.672797 0.793353 0.304381
v 0.637578 0.793353 0.232963
v 0.611982 0.793353 0.157559
v 0.596447 0.793353 0.079459
v 0.591239 0.793353 0.000000
v 0.596447 0.793353 -0.079459
v 0.611982 0.793353 -0.157559
v 0.637578 0.793353 -0.232963
v 0.672797 0.793353 -0.304381
v 0.717037 0.793353 -0.370590
v 0.769541 0.793353 -0.430459
v 0.829410 0.793353 -0.482963
v 0.895619 0.793353 -0.527203
v 0.967037 0.793353 -0.562422
v 1.042441 0.793353 -0.588018
v 1.120541 0.793353 -0.603553
v 1.200000 0.793353 -0.608761
v 1.279459 0.793353 -0.603553
v 1.357559 0.793353 -0.588018
v 1.432963 0.793353 -0.562422
v 1.504381 0.793353 -0.527203
v 1.570590 0.793353 -0.482963
v 1.630459 0.793353 -0.430459
v 1.682963 0.793353 -0.370590
v 1.727203 0.793353 -0.304381
v 1.762422 0.793353 -0.232963
v 1.788018 0.793353 -0.157559
v 1.803553 0.793353 -0.079459
v 1.907107 0.707107 0.000000
v 1.901057 0.707107 0.092296
v 1.883013 0.707107 0.183013
v 1.853281 0.707107 0.270598
v 1.812372 0.707107 0.353553
v 1.760986 0.707107 0.430459
v 1.700000 0.707107 0.500000
v 1.630459 0.707107 0.560986
v 1.553553 0.707107 0.612372
v 1.470598 0.707107 0.653281
v 1.383013 0.707107 0.683013
v 1.292296 0.707107 0.701057
v 1.200000 0.707107 0.707107
v 1.107704 0.707107 0.701057
v 1.016987 0.707107 0.683013
v 0.929402 0.707107 0.653281
v 0.846447 0.707107 0.612372
v 0.769541 0.707107 0.560986
v 0.700000 0.707107 0.500000
v 0.639014 0.707107 0.430459
v 0.587628 0.707107 0.353553
v 0.546719 0.707107 0.270598
v 0.516987 0.707107 0.183013
v 0.498943 0.707107 0.092296
v 0.492893 0.707107 0.000000
v 0.498943 0.707107 -0.092296
v 0.516987 0.707107 -0.183013
v 0.546719 0.707107 -0.270598
v 0.587628 0.707107 -0.353553
v 0.639014 0.707107 -0.430459
v 0.700000 0.707107 -0.500000
v 0.769541 0.707107 -0.560986
v 0.846447 0.707107 -0.612372
v 0.929402 0.707107 -0.653281
v 1.016987 0.707107 -0.683013
v 1.107704 0.707107 -0.701057
v 1.200000 0.707107 -0.707107
v 1.292296 0.707107 -0.701057
v 1.383013 0.707107 -0.683013
v 1.470598 0.707107 -0.653281
v 1.553553 0.707107 -0.612372
v 1.630459 0.707107 -0.560986
v 1.700000 0.707107 -0.500000
v 1.760986 0.707107 -0.430459
v 1.812372 0.707107 -0.353553
v 1.853281 0.707107 -0.270598
v 1.883013 0.707107 -0.183013
v 1.901057 0.707107 -0.092296
v 1.993353 0.608761 0.000000
v 1.986566 0.608761 0.103553
v 1.966320 0.608761 0.205335
v 1.932963 0.608761 0.303603
v 1.887064 0.608761 0.396677
v 1.829410 0.608761 0.482963
v 1.760986 0.608761 0.560986
v 1.682963 0.608761 0.629410
v 1.596677 0.608761 0.687064
v 1.503603 0.608761 0.732963
v 1.405335 0.608761 0.766320
v 1.303553 0.608761 0.786566
v 1.200000 0.608761 0.793353
v 1.096447 0.608761 0.786566
v 0.994665 0.608761 0.766320
v 0.896397 0.608761 0.732963
v 0.803323 0.608761 0.687064
v 0.717037 0.608761 0.629410
v 0.639014 0.608761 0.560986
v 0.570590 0.608761 0.482963
v 0.512936 0.608761 0.396677
v 0.467037 0.608761 0.303603
v 0.433680 0.608761 0.205335
v 0.413434 0.608761 0.103553
v 0.406647 0.608761 0.000000
v 0.413434 0.608761 -0.103553
v 0.433680 0.608761 -0.205335
v 0.467037 0.608761 -0.303603
v 0.512936 0.608761 -0.396677
v 0.570590 0.608761 -0.482963
v 0.639014 0.608761 -0.560986
v 0.717037 0.608761 -0.629410
v 0.803323 0.608761 -0.687064
v 0.896397 0.608761 -0.732963
v 0.994665 0.608761 -0.766320
v 1.096447 0.608761 -0.786566
v 1.200000 0.608761 -0.793353
v 1.303553 0.608761 -0.786566
v 1.405335 0.608761 -0.766320
v 1.503603 0.608761 -0.732963
v 1.596677 0.608761 -0.687064
v 1.682963 0.608761 -0.629410
v 1.760986 0.608761 -0.560986
v 1.829410 0.608761 -0.482963
v 1.887064 0.608761 -0.396677
v 1.932963 0.608761 -0.303603
v 1.966320 0.608761 -0.205335
v 1.986566 0.608761 -0.103553
v 2.066025 0.500000 0.000000
v 2.058616 0.500000 0.113039
v 2.036516 0.500000 0.224144
v 2.000103 0.500000 0.331414
v 1.950000 0.500000 0.433013
v 1.887064 0.500000 0.527203
v 1.812372 0.500000 0.612372
v 1.727203 0.500000 0.687064
v 1.633013 0.500000 0.750000
v 1.531414 0.500000 0.800103
v 1.424144 0.500000 0.836516
v 1.313039 0.500000 0.858616
v 1.200000 0.500000 0.866025
v 1.086961 0.500000 0.858616
v 0.975856 0.500000 0.836516
v 0.868586 0.500000 0.800103
v 0.766987 0.500000 0.750000
v 0.672797 0.500000 0.687064
v 0.587628 0.500000 0.612372
v 0.512936 0.500000 0.527203
v 0.450000 0.500000 0.433013
v 0.399897 0.500000 0.331414
v 0.363484 0.500000 0.224144
v 0.341384 0.500000 0.113039
v 0.333975 0.500000 0.000000
v 0.341384 0.500000 -0.113039
v 0.363484 0.500000 -0.224144
v 0.399897 0.500000 -0.331414
v 0.450000 0.500000 -0.433013
v 0.512936 0.500000 -0.527203
v 0.587628 0.500000 -0.612372
v 0.672797 0.500000 -0.687064
v 0.766987 0.500000 -0.750000
v 0.868586 0.500000 -0.800103
v 0.975856 0.500000 -0.836516
v 1.086961 0.500000 -0.858616
v 1.200000 0.500000 -0.866025
v 1.313039 0.500000 -0.858616
v 1.424144 0.500000 -0.836516
v 1.531414 0.500000 -0.800103
v 1.633013 0.500000 -0.750000
v 1.727203 0.500000 -0.687064
v 1.812372 0.500000 -0.612372
v 1.887064 0.500000 -0.527203
v 1.950000 0.500000 -0.433013
v 2.000103 0.500000 -0.331414
v 2.036516 0.500000 -0.224144
v 2.058616 0.500000 -0.113039
v 2.123880 0.382683 0.000000
v 2.115976 0.382683 0.120590
v 2.092399 0.382683 0.239118
v 2.053553 0.382683 0.353553
v 2.000103 0.382683 0.461940
v 1.932963 0.382683 0.562422
v 1.853281 0.382683 0.653281
v 1.762422 0.382683 0.732963
v 1.661940 0.382683 0.800103
v 1.553553 0.382683 0.853553
v 1.439118 0.382683 0.892399
v 1.320590 0.382683 0.915976
v 1.200000 0.382683 0.923880
v 1.079410 0.382683 0.915976
v 0.960882 0.382683 0.892399
v 0.846447 0.382683 0.853553
v 0.738060 0.382683 0.800103
v 0.637578 0.382683 0.732963
v 0.546719 0.382683 0.653281
v 0.467037 0.382683 0.562422
v 0.399897 0.382683 0.461940
v 0.346447 0.382683 0.353553
v 0.307601 0.382683 0.239118
v 0.284024 0.382683 0.120590
v 0.276120 0.382683 0.000000
v 0.284024 0.382683 -0.120590
v 0.307601 0.382683 -0.239118
v 0.346447 0.382683 -0.353553
v 0.399897 0.382683 -0.461940
v 0.467037 0.382683 -0.562422
v 0.546719 0.382683 -0.653281
v 0.637578 0.382683 -0.732963
v 0.738060 0.382683 -0.800103
v 0.846447 0.382683 -0.853553
v 0.960882 0.382683 -0.892399
v 1.079410 0.382683 -0.915976
v 1.200000 0.382683 -0.923880
v 1.320590 0.382683 -0.915976
v 1.439118 0.382683 -0.892399
v 1.553553 0.382683 -0.853553
v 1.661940 0.382683 -0.800103
v 1.762422 0.382683 -0.732963
v 1.853281 0.382683 -0.653281
v 1.932963 0.382683 -0.562422
v 2.000103 0.382683 -0.461940
v 2.053553 0.382683 -0.353553
v 2.092399 0.382683 -0.239118
v 2.115976 0.382683 -0.120590
v 2.165926 0.258819 0.000000
v 2.157662 0.258819 0.126079
v 2.133013 0.258819 0.250000
v 2.092399 0.258819 0.369644
v 2.036516 0.258819 0.482963
v 1.966320 0.258819 0.588018
v 1.883013 0.258819 0.683013
v 1.788018 0.258819 0.766320
v 1.682963 0.258819 0.836516
v 1.569644 0.258819 0.892399
v 1.450000 0.258819 0.933013
v 1.326079 0.258819 0.957662
v 1.200000 0.258819 0.965926
v 1.073921 0.258819 0.957662
v 0.950000 0.258819 0.933013
v 0.830356 0.258819 0.892399
v 0.717037 0.258819 0.836516
v 0.611982 0.258819 0.766320
v 0.516987 0.258819 0.683013
v 0.433680 0.258819 0.588018
v 0.363484 0.258819 0.482963
v 0.307601 0.258819 0.369644
v 0.266987 0.258819 0.250000
v 0.242338 0.258819 0.126079
v 0.234074 0.258819 0.000000
v 0.242338 0.258819 -0.126079
v 0.266987 0.258819 -0.250000
v 0.307601 0.258819 -0.369644
v 0.363484 0.258819 -0.482963
v 0.433680 0.258819 -0.588018
v 0.516987 0.258819 -0.683013
v 0.611982 0.258819 -0.766320
v 0.717037 0.258819 -0.836516
v 0.830356 0.258819 -0.892399
v 0.950000 0.258819 -0.933013
v 1.073921 0.258819 -0.957662
v 1.200000 0.258819 -0.965926
v 1.326079 0.258819 -0.957662
v 1.450000 0.258819 -0.933013
v 1.569644 0.258819 -0.892399
v 1.682963 0.258819 -0.836516
v 1.788018 0.258819 -0.766320
v 1.883013 0.258819 -0.683013
v 1.966320 0.258819 -0.588018
v 2.036516 0.258819 -0.482963
v 2.092399 0.258819 -0.369644
v 2.133013 0.258819 -0.250000
v 2.157662 0.258819 -0.126079
v 2.191445 0.130526 0.000000
v 2.182963 0.130526 0.129410
v 2.157662 0.130526 0.256605
v 2.115976 0.130526 0.379410
v 2.058616 0.130526 0.495722
v 1.986566 0.130526 0.603553
v 1.901057 0.130526 0.701057
v 1.803553 0.130526 0.786566
v 1.695722 0.130526 0.858616
v 1.579410 0.130526 0.915976
v 1.456605 0.130526 0.957662
v 1.329410 0.130526 0.982963
v 1.200000 0.130526 0.991445
v 1.070590 0.130526 0.982963
v 0.943395 0.130526 0.957662
v 0.820590 0.130526 0.915976
v 0.704278 0.130526 0.858616
v 0.596447 0.130526 0.786566
v 0.498943 0.130526 0.701057
v 0.413434 0.130526 0.603553
v 0.341384 0.130526 0.495722
v 0.284024 0.130526 0.379410
v 0.242338 0.130526 0.256605
v 0.217037 0.130526 0.129410
v 0.208555 0.130526 0.000000
v 0.217037 0.130526 -0.129410
v 0.242338 0.130526 -0.256605
v 0.284024 0.130526 -0.379410
v 0.341384 0.130526 -0.495722
v 0.413434 0.130526 -0.603553
v 0.498943 0.130526 -0.701057
v 0.596447 0.130526 -0.786566
v 0.704278 0.130526 -0.858616
v 0.820590 0.130526 -0.915976
v 0.943395 0.130526 -0.957662
v 1.070590 0.130526 -0.982963
v 1.200000 0.130526 -0.991445
v 1.329410 0.130526 -0.982963
v 1.456605 0.130526 -0.957662
v 1.579410 0.130526 -0.915976
v 1.695722 0.130526 -0.858616
v 1.803553 0.130526 -0.786566
v 1.901057 0.130526 -0.701057
v 1.986566 0.130526 -0.603553
v 2.058616 0.130526 -0.495722
v 2.115976 0.130526 -0.379410
v 2.157662 0.130526 -0.256605
v 2.182963 0.130526 -0.129410
v 2.200000 0.000000 0.000000
v 2.191445 0.000000 0.130526
v 2.165926 0.000000 0.258819
v 2.123880 0.000000 0.382683
v 2.066025 0.000000 0.500000
v 1.993353 0.000000 0.608761
v 1.907107 0.000000 0.707107
v 1.808761 0.000000 0.793353
v 1.700000 0.000000 0.866025
v 1.582683 0.000000 0.923880
v 1.458819 0.000000 0.965926
v 1.330526 0.000000 0.991445
v 1.200000 0.000000 1.000000
v 1.069474 0.000000 0.991445
v 0.941181 0.000000 0.965926
v 0.817317 0.000000 0.923880
v 0.700000 0.000000 0.866025
v 0.591239 0.000000 0.793353
v 0.492893 0.000000 0.707107
v 0.406647 0.000000 0.608761
v 0.333975 0.000000 0.500000
v 0.276120 0.000000 0.382683
v 0.234074 0.000000 0.258819
v 0.208555 0.000000 0.130526
v 0.200000 0.000000 0.000000
v 0.208555 0.000000 -0.130526
v 0.234074 0.000000 -0.258819
v 0.276120 0.000000 -0.382683
v 0.333975 0.000000 -0.500000
v 0.406647 0.000000 -0.608761
v 0.492893 0.000000 -0.707107
v 0.591239 0.000000 -0.793353
v 0.700000 0.000000 -0.866025
v 0.817317 0.000000 -0.923880
v 0.941181 0.000000 -0.965926
v 1.069474 0.000000 -0.991445
v 1.200000 0.000000 -1.000000
v 1.330526 0.000000 -0.991445
v 1.458819 0.000000 -0.965926
v 1.582683 0.000000 -0.923880
v 1.700000 0.000000 -0.866025
v 1.808761 0.000000 -0.793353
v 1.907107 0.000000 -0.707107
v 1.993353 0.000000 -0.608761
v 2.066025 0.000000 -0.500000
v 2.123880 0.000000 -0.382683
v 2.165926 0.000000 -0.258819
v 2.191445 0.000000 -0.130526
v 2.191445 -0.130526 0.000000
v 2.182963 -0.130526 0.129410
v 2.157662 -0.130526 0.256605
v 2.115976 -0.130526 0.379410
v 2.058616 -0.130526 0.495722
v 1.986566 -0.130526 0.603553
v 1.901057 -0.130526 0.701057
v 1.803553 -0.130526 0.786566
v 1.695722 -0.130526 0.858616
v 1.579410 -0.130526 0.915976
v 1.456605 -0.130526 0.957662
v 1.329410 -0.130526 0.982963
v 1.200000 -0.130526 0.991445
v 1.070590 -0.130526 0.982963
v 0.943395 -0.130526 0.957662
v 0.820590 -0.130526 0.915976
v 0.704278 -0.130526 0.858616
v 0.596447 -0.130526 0.786566
v 0.498943 -0.130526 0.701057
v 0.413434 -0.130526 0.603553
v 0.341384 -0.130526 0.495722
v 0.284024 -0.130526 0.379410
v 0.242338 -0.130526 0.256605
v 0.217037 -0.130526 0.129410
v 0.208555 -0.130526 0.000000
v 0.217037 -0.130526 -0.129410
v 0.242338 -0.130526 -0.256605
v 0.284024 -0.130526 -0.379410
v 0.341384 -0.130526 -0.495722
v 0.413434 -0.130526 -0.603553
v 0.498943 -0.130526 -0.701057
v 0.596447 -0.130526 -0.786566
v 0.704278 -0.130526 -0.858616
v 0.820590 -0.130526 -0.915976
v 0.943395 -0.130526 -0.957662
v 1.070590 -0.130526 -0.982963
v 1.200000 -0.130526 -0.991445
v 1.329410 -0.130526 -0.982963
v 1.456605 -0.130526 -0.957662
v 1.579410 -0.130526 -0.915976
v 1.695722 -0.130526 -0.858616
v 1.803553 -0.130526 -0.786566
v 1.901057 -0.130526 -0.701057
v 1.986566 -0.130526 -0.603553
v 2.058616 -0.130526 -0.495722
v 2.115976 -0.130526 -0.379410
v 2.157662 -0.130526 -0.256605
v 2.182963 -0.130526 -0.129410
v 2.165926 -0.258819 0.000000
v 2.157662 -0.258819 0.126079
v 2.133013 -0.258819 0.250000
v 2.092399 -0.258819 0.369644
v 2.036516 -0.258819 0.482963
v 1.966320 -0.258819 0.588018
v 1.883013 -0.258819 0.683013
v 1.788018 -0.258819 0.766320
v 1.682963 -0.258819 0.836516
v 1.569644 -0.258819 0.892399
v 1.450000 -0.258819 0.933013
v 1.326079 -0.258819 0.957662
v 1.200000 -0.258819 0.965926
v 1.073921 -0.258819 0.957662
v 0.950000 -0.258819 0.933013
v 0.830356 -0.258819 0.892399
v 0.717037 -0.258819 0.836516
v 0.611982 -0.258819 0.766320
v 0.516987 -0.258819 0.683013
v 0.433680 -0.258819 0.588018
v 0.363484 -0.258819 0.482963
v 0.307601 -0.258819 0.369644
v 0.266987 -0.258819 0.250000
v 0.242338 -0.258819 0.126079
v 0.234074 -0.258819 0.000000
v 0.242338 -0.258819 -0.126079
v 0.266987 -0.258819 -0.250000
v 0.307601 -0.258819 -0.369644
v 0.363484 -0.258819 -0.482963
v 0.433680 -0.258819 -0.588018
v 0.516987 -0.258819 -0.683013
v 0.611982 -0.258819 -0.766320
v 0.717037 -0.258819 -0.836516
v 0.830356 -0.258819 -0.892399
v 0.950000 -0.258819 -0.933013
v 1.073921 -0.258819 -0.957662
v 1.200000 -0.258819 -0.965926
v 1.326079 -0.258819 -0.957662
v 1.450000 -0.258819 -0.933013
v 1.569644 -0.258819 -0.892399
v 1.682963 -0.258819 -0.836516
v 1.788018 -0.258819 -0.766320
v 1.883013 -0.258819 -0.683013
v 1.966320 -0.258819 -0.588018
v 2.036516 -0.258819 -0.482963
v 2.092399 -0.258819 -0.369644
v 2.133013 -0.258819 -0.250000
v 2.157662 -0.258819 -0.126079
v 2.123880 -0.382683 0.000000
v 2.115976 -0.382683 0.120590
v 2.092399 -0.382683 0.239118
v 2.053553 -0.382683 0.353553
v 2.000103 -0.382683 0.461940
v 1.932963 -0.382683 0.562422
v 1.853281 -0.382683 0.653281
v 1.762422 -0.382683 0.732963
v 1.661940 -0.382683 0.800103
v 1.553553 -0.382683 0.853553
v 1.439118 -0.382683 0.892399
v 1.320590 -0.382683 0.915976
v 1.200000 -0.382683 0.923880
v 1.079410 -0.382683 0.915976
v 0.960882 -0.382683 0.892399
v 0.846447 -0.382683 0.853553
v 0.738060 -0.382683 0.800103
v 0.637578 -0.382683 0.732963
v 0.546719 -0.382683 0.653281
v 0.467037 -0.382683 0.562422
v 0.399897 -0.382683 0.461940
v 0.346447 -0.382683 0.353553
v 0.307601 -0.382683 0.239118
v 0.284024 -0.382683 0.120590
v 0.276120 -0.382683 0.000000
v 0.284024 -0.382683 -0.120590
v 0.307601 -0.382683 -0.239118
v 0.346447 -0.382683 -0.353553
v 0.399897 -0.382683 -0.461940
v 0.467037 -0.382683 -0.562422
v 0.546719 -0.382683 -0.653281
v 0.637578 -0.382683 -0.732963
v 0.738060 -0.382683 -0.800103
v 0.846447 -0.382683 -0.853553
v 0.960882 -0.382683 -0.892399
v 1.079410 -0.382683 -0.915976
v 1.200000 -0.382683 -0.923880
v 1.320590 -0.382683 -0.915976
v 1.439118 -0.382683 -0.892399
v 1.553553 -0.382683 -0.853553
v 1.661940 -0.382683 -0.800103
v 1.762422 -0.382683 -0.732963
v 1.853281 -0.382683 -0.653281
v 1.932963 -0.382683 -0.562422
v 2.000103 -0.382683 -0.461940
v 2.053553 -0.382683 -0.353553
v 2.092399 -0.382683 -0.239118
v 2.115976 -0.382683 -0.120590
v 2.066025 -0.500000 0.000000
v 2.058616 -0.500000 0.113039
v 2.036516 -0.500000 0.224144
v 2.000103 -0.500000 0.331414
v 1.950000 -0.500000 0.433013
v 1.887064 -0.500000 0.527203
v 1.812372 -0.500000 0.612372
v 1.727203 -0.500000 0.687064
v 1.633013 -0.500000 0.750000
v 1.531414 -0.500000 0.800103
v 1.424144 -0.500000 0.836516
v 1.313039 -0.500000 0.858616
v 1.200000 -0.500000 0.866025
v 1.086961 -0.500000 0.858616
v 0.975856 -0.500000 0.836516
v 0.868586 -0.500000 0.800103
v 0.766987 -0.500000 0.750000
v 0.672797 -0.500000 0.687064
v 0.587628 -0.500000 0.612372
v 0.512936 -0.500000 0.527203
v 0.450000 -0.500000 0.433013
v 0.399897 -0.500000 0.331414
v 0.363484 -0.500000 0.224144
v 0.341384 -0.500000 0.113039
v 0.333975 -0.500000 0.000000
v 0.341384 -0.500000 -0.113039
v 0.363484 -0.500000 -0.224144
v 0.399897 -0.500000 -0.331414
v 0.450000 -0.500000 -0.433013
v 0.512936 -0.500000 -0.527203
v 0.587628 -0.500000 -0.612372
v 0.672797 -0.500000 -0.687064
v 0.766987 -0.500000 -0.750000
v 0.868586 -0.500000 -0.800103
v 0.975856 -0.500000 -0.836516
v 1.086961 -0.500000 -0.858616
v 1.200000 -0.500000 -0.866025
v 1.313039 -0.500000 -0.858616
v 1.424144 -0.500000 -0.836516
v 1.531414 -0.500000 -0.800103
v 1.633013 -0.500000 -0.750000
v 1.727203 -0.500000 -0.687064
v 1.812372 -0.500000 -0.612372
v 1.887064 -0.500000 -0.527203
v 1.950000 -0.500000 -0.433013
v 2.000103 -0.500000 -0.331414
v 2.036516 -0.500000 -0.224144
v 2.058616 -0.500000 -0.113039
v 1.993353 -0.608761 0.000000
v 1.986566 -0.608761 0.103553
v 1.966320 -0.608761 0.205335
v 1.932963 -0.608761 0.303603
v 1.887064 -0.608761 0.396677
v 1.829410 -0.608761 0.482963
v 1.760986 -0.608761 0.560986
v 1.682963 -0.608761 0.629410
v 1.596677 -0.608761 0.687064
v 1.503603 -0.608761 0.732963
v 1.405335 -0.608761 0.766320
v 1.303553 -0.608761 0.786566
v 1.200000 -0.608761 0.793353
v 1.096447 -0.608761 0.786566
v 0.994665 -0.608761 0.766320
v 0.896397 -0.608761 0.732963
v 0.803323 -0.608761 0.687064
v 0.717037 -0.608761 0.629410
v 0.639014 -0.608761 0.560986
v 0.570590 -0.608761 0.482963
v 0.512936 -0.608761 0.396677
v 0.467037 -0.608761 0.303603
v 0.433680 -0.608761 0.205335
v 0.413434 -0.608761 0.103553
v 0.406647 -0.608761 0.000000
v 0.413434 -0.608761 -0.103553
v 0.433680 -0.608761 -0.205335
v 0.467037 -0.608761 -0.303603
v 0.512936 -0.608761 -0.396677
v 0.570590 -0.608761 -0.482963
v 0.639014 -0.608761 -0.560986
v 0.717037 -0.608761 -0.629410
v 0.803323 -0.608761 -0.687064
v 0.896397 -0.608761 -0.732963
v 0.994665 -0.608761 -0.766320
v 1.096447 -0.608761 -0.786566
v 1.200000 -0.608761 -0.793353
v 1.303553 -0.608761 -0.786566
v 1.405335 -0.608761 -0.766320
v 1.503603 -0.608761 -0.732963
v 1.596677 -0.608761 -0.687064
v 1.682963 -0.608761 -0.629410
v 1.760986 -0.608761 -0.560986
v 1.829410 -0.608761 -0.482963
v 1.887064 -0.608761 -0.396677
v 1.932963 -0.608761 -0.303603
v 1.966320 -0.608761 -0.205335
v 1.986566 -0.608761 -0.103553
v 1.907107 -0.707107 0.000000
v 1.901057 -0.707107 0.092296
v 1.883013 -0.707107 0.183013
v 1.853281 -0.707107 0.270598
v 1.812372 -0.707107 0.353553
v 1.760986 -0.707107 0.430459
v 1.700000 -0.707107 0.500000
v 1.630459 -0.707107 0.560986
v 1.553553 -0.707107 0.612372
v 1.470598 -0.707107 0.653281
v 1.383013 -0.707107 0.683013
v 1.292296 -0.707107 0.701057
v 1.200000 -0.707107 0.707107
v 1.107704 -0.707107 0.701057
v 1.016987 -0.707107 0.683013
v 0.929402 -0.707107 0.653281
v 0.846447 -0.707107 0.612372
v 0.769541 -0.707107 0.560986
v 0.700000 -0.707107 0.500000
v 0.639014 -0.707107 0.430459
v 0.587628 -0.707107 0.353553
v 0.546719 -0.707107 0.270598
v 0.516987 -0.707107 0.183013
v 0.498943 -0.707107 0.092296
v 0.492893 -0.707107 0.000000
v 0.498943 -0.707107 -0.092296
v 0.516987 -0.707107 -0.183013
v 0.546719 -0.707107 -0.270598
v 0.587628 -0.707107 -0.353553
v 0.639014 -0.707107 -0.430459
v 0.700000 -0.707107 -0.500000
v 0.769541 -0.707107 -0.560986
v 0.846447 -0.707107 -0.612372
v 0.929402 -0.707107 -0.653281
v 1.016987 -0.707107 -0.683013
v 1.107704 -0.707107 -0.701057
v 1.200000 -0.707107 -0.707107
v 1.292296 -0.707107 -0.701057
v 1.383013 -0.707107 -0.683013
v 1.470598 -0.707107 -0.653281
v 1.553553 -0.707107 -0.612372
v 1.630459 -0.707107 -0.560986
v 1.700000 -0.707107 -0.500000
v 1.760986 -0.707107 -0.430459
v 1.812372 -0.707107 -0.353553
v 1.853281 -0.707107 -0.270598
v 1.883013 -0.707107 -0.183013
v 1.901057 -0.707107 -0.092296
v 1.808761 -0.793353 0.000000
v 1.803553 -0.793353 0.079459
v 1.788018 -0.793353 0.157559
v 1.762422 -0.793353 0.232963
v 1.727203 -0.793353 0.304381
v 1.682963 -0.793353 0.370590
v 1.630459 -0.793353 0.430459
v 1.570590 -0.793353 0.482963
v 1.504381 -0.793353 0.527203
v 1.432963 -0.793353 0.562422
v 1.357559 -0.793353 0.588018
v 1.279459 -0.793353 0.603553
v 1.200000 -0.793353 0.608761
v 1.120541 -0.793353 0.603553
v 1.042441 -0.793353 0.588018
v 0.967037 -0.793353 0.562422
v 0.895619 -0.793353 0.527203
v 0.829410 -0.793353 0.482963
v 0.769541 -0.793353 0.430459
v 0.717037 -0.793353 0.370590
v 0.672797 -0.793353 0.304381
v 0.637578 -0.793353 0.232963
v 0.611982 -0.793353 0.157559
v 0.596447 -0.793353 0.079459
v 0.591239 -0.793353 0.000000
v 0.596447 -0.793353 -0.079459
v 0.611982 -0.793353 -0.157559
v 0.637578 -0.793353 -0.232963
v 0.672797 -0.793353 -0.304381
v 0.717037 -0.793353 -0.370590
v 0.769541 -0.793353 -0.430459
v 0.829410 -0.793353 -0.482963
v 0.895619 -0.793353 -0.527203
v 0.967037 -0.793353 -0.562422
v 1.042441 -0.793353 -0.588018
v 1.120541 -0.793353 -0.603553
v 1.200000 -0.793353 -0.608761
v 1.279459 -0.793353 -0.603553
v 1.357559 -0.793353 -0.588018
v 1.432963 -0.793353 -0.562422
v 1.504381 -0.793353 -0.527203
v 1.570590 -0.793353 -0.482963
v 1.630459 -0.793353 -0.430459
v 1.682963 -0.793353 -0.370590
v 1.727203 -0.793353 -0.304381
v 1.762422 -0.793353 -0.232963
v 1.788018 -0.793353 -0.157559
v 1.803553 -0.793353 -0.079459
v 1.700000 -0.866025 0.000000
v 1.695722 -0.866025 0.065263
v 1.682963 -0.866025 0.129410
v 1.661940 -0.866025 0.191342
v 1.633013 -0.866025 0.250000
v 1.596677 -0.866025 0.304381
v 1.553553 -0.866025 0.353553
v 1.504381 -0.866025 0.396677
v 1.450000 -0.866025 0.433013
v 1.391342 -0.866025 0.461940
v 1.329410 -0.866025 0.482963
v 1.265263 -0.866025 0.495722
v 1.200000 -0.866025 0.500000
v 1.134737 -0.866025 0.495722
v 1.070590 -0.866025 0.482963
v 1.008658 -0.866025 0.461940
v 0.950000 -0.866025 0.433013
v 0.895619 -0.866025 0.396677
v 0.846447 -0.866025 0.353553
v 0.803323 -0.866025 0.304381
v 0.766987 -0.866025 0.250000
v 0.738060 -0.866025 0.191342
v 0.717037 -0.866025 0.129410
v 0.704278 -0.866025 0.065263
v 0.700000 -0.866025 0.000000
v 0.704278 -0.866025 -0.065263
v 0.717037 -0.866025 -0.129410
v 0.738060 -0.866025 -0.191342
v 0.766987 -0.866025 -0.250000
v 0.803323 -0.866025 -0.304381
v 0.846447 -0.866025 -0.353553
v 0.895619 -0.866025 -0.396677
v 0.950000 -0.866025 -0.433013
v 1.008658 -0.866025 -0.461940
v 1.070590 -0.866025 -0.482963
v 1.134737 -0.866025 -0.495722
v 1.200000 -0.866025 -0.500000
v 1.265263 -0.866025 -0.495722
v 1.329410 -0.866025 -0.482963
v 1.391342 -0.866025 -0.461940
v 1.450000 -0.866025 -0.433013
v 1.504381 -0.866025 -0.396677
v 1.553553 -0.866025 -0.353553
v 1.596677 -0.866025 -0.304381
v 1.633013 -0.866025 -0.250000
v 1.661940 -0.866025 -0.191342
v 1.682963 -0.866025 -0.129410
v 1.695722 -0.866025 -0.065263
v 1.582683 -0.923880 0.000000
v 1.579410 -0.923880 0.049950
v 1.569644 -0.923880 0.099046
v 1.553553 -0.923880 0.146447
v 1.531414 -0.923880 0.191342
v 1.503603 -0.923880 0.232963
v 1.470598 -0.923880 0.270598
v 1.432963 -0.923880 0.303603
v 1.391342 -0.923880 0.331414
v 1.346447 -0.923880 0.353553
v 1.299046 -0.923880 0.369644
v 1.249950 -0.923880 0.379410
v 1.200000 -0.923880 0.382683
v 1.150050 -0.923880 0.379410
v 1.100954 -0.923880 0.369644
v 1.053553 -0.923880 0.353553
v 1.008658 -0.923880 0.331414
v 0.967037 -0.923880 0.303603
v 0.929402 -0.923880 0.270598
v 0.896397 -0.923880 0.232963
v 0.868586 -0.923880 0.191342
v 0.846447 -0.923880 0.146447
v 0.830356 -0.923880 0.099046
v 0.820590 -0.923880 0.049950
v 0.817317 -0.923880 0.000000
v 0.820590 -0.923880 -0.049950
v 0.830356 -0.923880 -0.099046
v 0.846447 -0.923880 -0.146447
v 0.868586 -0.923880 -0.191342
v 0.896397 -0.923880 -0.232963
v 0.929402 -0.923880 -0.270598
v 0.967037 -0.923880 -0.303603
v 1.008658 -0.923880 -0.331414
v 1.053553 -0.923880 -0.353553
v 1.100954 -0.923880 -0.369644
v 1.150050 -0.923880 -0.379410
v 1.200000 -0.923880 -0.382683
v 1.249950 -0.923880 -0.379410
v 1.299046 -0.923880 -0.369644
v 1.346447 -0.923880 -0.353553
v 1.391342 -0.923880 -0.331414
v 1.432963 -0.923880 -0.303603
v 1.470598 -0.923880 -0.270598
v 1.503603 -0.923880 -0.232963
v 1.531414 -0.923880 -0.191342
v 1.553553 -0.923880 -0.146447
v 1.569644 -0.923880 -0.099046
v 1.579410 -0.923880 -0.049950
v 1.458819 -0.965926 0.000000
v 1.456605 -0.965926 0.033783
v 1.450000 -0.965926 0.066987
v 1.439118 -0.965926 0.099046
v 1.424144 -0.965926 0.129410
v 1.405335 -0.965926 0.157559
v 1.383013 -0.965926 0.183013
v 1.357559 -0.965926 0.205335
v 1.329410 -0.965926 0.224144
v 1.299046 -0.965926 0.239118
v 1.266987 -0.965926 0.250000
v 1.233783 -0.965926 0.256605
v 1.200000 -0.965926 0.258819
v 1.166217 -0.965926 0.256605
v 1.133013 -0.965926 0.250000
v 1.100954 -0.965926 0.239118
v 1.070590 -0.965926 0.224144
v 1.042441 -0.965926 0.205335
v 1.016987 -0.965926 0.183013
v 0.994665 -0.965926 0.157559
v 0.975856 -0.965926 0.129410
v 0.960882 -0.965926 0.099046
v 0.950000 -0.965926 0.066987
v 0.943395 -0.965926 0.033783
v 0.941181 -0.965926 0.000000
v 0.943395 -0.965926 -0.033783
v 0.950000 -0.965926 -0.066987
v 0.960882 -0.965926 -0.099046
v 0.975856 -0.965926 -0.129410
v 0.994665 -0.965926 -0.157559
v 1.016987 -0.965926 -0.183013
v 1.042441 -0.965926 -0.205335
v 1.070590 -0.965926 -0.224144
v 1.100954 -0.965926 -0.239118
v 1.133013 -0.965926 -0.250000
v 1.166217 -0.965926 -0.256605
v 1.200000 -0.965926 -0.258819
v 1.233783 -0.965926 -0.256605
v 1.266987 -0.965926 -0.250000
v 1.299046 -0.965926 -0.239118
v 1.329410 -0.965926 -0.224144
v 1.357559 -0.965926 -0.205335
v 1.383013 -0.965926 -0.183013
v 1.405335 -0.965926 -0.157559
v 1.424144 -0.965926 -0.129410
v 1.439118 -0.965926 -0.099046
v 1.450000 -0.965926 -0.066987
v 1.456605 -0.965926 -0.033783
v 1.330526 -0.991445 0.000000
v 1.329410 -0.991445 0.017037
v 1.326079 -0.991445 0.033783
v 1.320590 -0.991445 0.049950
v 1.313039 -0.991445 0.065263
v 1.303553 -0.991445 0.079459
v 1.292296 -0.991445 0.092296
v 1.279459 -0.991445 0.103553
v 1.265263 -0.991445 0.113039
v 1.249950 -0.991445 0.120590
v 1.233783 -0.991445 0.126079
v 1.217037 -0.991445 0.129410
v 1.200000 -0.991445 0.130526
v 1.182963 -0.991445 0.129410
v 1.166217 -0.991445 0.126079
v 1.150050 -0.991445 0.120590
v 1.134737 -0.991445 0.113039
v 1.120541 -0.991445 0.103553
v 1.107704 -0.991445 0.092296
v 1.096447 -0.991445 0.079459
v 1.086961 -0.991445 0.065263
v 1.079410 -0.991445 0.049950
v 1.073921 -0.991445 0.033783
v 1.070590 -0.991445 0.017037
v 1.069474 -0.991445 0.000000
v 1.070590 -0.991445 -0.017037
v 1.073921 -0.991445 -0.033783
v 1.079410 -0.991445 -0.049950
v 1.086961 -0.991445 -0.065263
v 1.096447 -0.991445 -0.079459
v 1.107704 -0.991445 -0.092296
v 1.120541 -0.991445 -0.103553
v 1.134737 -0.991445 -0.113039
v 1.150050 -0.991445 -0.120590
v 1.166217 -0.991445 -0.126079
v 1.182963 -0.991445 -0.129410
v 1.200000 -0.991445 -0.130526
v 1.217037 -0.991445 -0.129410
v 1.233783 -0.991445 -0.126079
v 1.249950 -0.991445 -0.120590
v 1.265263 -0.991445 -0.113039
v 1.279459 -0.991445 -0.103553
v 1.292296 -0.991445 -0.092296
v 1.303553 -0.991445 -0.079459
v 1.313039 -0.991445 -0.065263
v 1.320590 -0.991445 -0.049950
v 1.326079 -0.991445 -0.033783
v 1.329410 -0.991445 -0.017037
v 1.200000 -1.000000 0.000000
v 3.600000 1.000000 0.000000
v 3.730526 0.991445 0.000000
v 3.729410 0.991445 0.017037
v 3.726079 0.991445 0.033783
v 3.720590 0.991445 0.049950
v 3.713039 0.991445 0.065263
v 3.703553 0.991445 0.079459
v 3.692296 0.991445 0.092296
v 3.679459 0.991445 0.103553
v 3.665263 0.991445 0.113039
v 3.649950 0.991445 0.120590
v 3.633783 0.991445 0.126079
v 3.617037 0.991445 0.129410
v 3.600000 0.991445 0.130526
v 3.582963 0.991445 0.129410
v 3.566217 0.991445 0.126079
v 3.550050 0.991445 0.120590
v 3.534737 0.991445 0.113039
v 3.520541 0.991445 0.103553
v 3.507704 0.991445 0.092296
v 3.496447 0.991445 0.079459
v 3.486961 0.991445 0.065263
v 3.479410 0.991445 0.049950
v 3.473921 0.991445 0.033783
v 3.470590 0.991445 0.017037
v 3.469474 0.991445 0.000000
v 3.470590 0.991445 -0.017037
v 3.473921 0.991445 -0.033783
v 3.479410 0.991445 -0.049950
v 3.486961 0.991445 -0.065263
v 3.496447 0.991445 -0.079459
v 3.507704 0.991445 -0.092296
v 3.520541 0.991445 -0.103553
v 3.534737 0.991445 -0.113039
v 3.550050 0.991445 -0.120590
v 3.566217 0.991445 -0.126079
v 3.582963 0.991445 -0.129410
v 3.600000 0.991445 -0.130526
v 3.617037 0.991445 -0.129410
v 3.633783 0.991445 -0.126079
v 3.649950 0.991445 -0.120590
v 3.665263 0.991445 -0.113039
v 3.679459 0.991445 -0.103553
v 3.692296 0.991445 -0.092296
v 3.703553 0.991445 -0.079459
v 3.713039 0.991445 -0.065263
v 3.720590 0.991445 -0.049950
v 3.726079 0.991445 -0.033783
v 3.729410 0.991445 -0.017037
v 3.858819 0.965926 0.000000
v 3.856605 0.965926 0.033783
v 3.850000 0.965926 0.066987
v 3.839118 0.965926 0.099046
v 3.824144 0.965926 0.129410
v 3.805335 0.965926 0.157559
v 3.783013 0.965926 0.183013
v 3.757559 0.965926 0.205335
v 3.729410 0.965926 0.224144
v 3.699046 0.965926 0.239118
v 3.666987 0.965926 0.250000
v 3.633783 0.965926 0.256605
v 3.600000 0.965926 0.258819
v 3.566217 0.965926 0.256605
v 3.533013 0.965926 0.250000
v 3.500954 0.965926 0.239118
v 3.470590 0.965926 0.224144
v 3.442441 0.965926 0.205335
v 3.416987 0.965926 0.183013
v 3.394665 0.965926 0.157559
v 3.375856 0.965926 0.129410
v 3.360882 0.965926 0.099046
v 3.350000 0.965926 0.066987
v 3.343395 0.965926 0.033783
v 3.341181 0.965926 0.000000
v 3.343395 0.965926 -0.033783
v 3.350000 0.965926 -0.066987
v 3.360882 0.965926 -0.099046
v 3.375856 0.965926 -0.129410
v 3.394665 0.965926 -0.157559
v 3.416987 0.965926 -0.183013
v 3.442441 0.965926 -0.205335
v 3.470590 0.965926 -0.224144
v 3.500954 0.965926 -0.239118
v 3.533013 0.965926 -0.250000
v 3.566217 0.965926 -0.256605
v 3.600000 0.965926 -0.258819
v 3.633783 0.965926 -0.256605
v 3.666987 0.965926 -0.250000
v 3.699046 0.965926 -0.239118
v 3.729410 0.965926 -0.224144
v 3.757559 0.965926 -0.205335
v 3.783013 0.965926 -0.183013
v 3.805335 0.965926 -0.157559
v 3.824144 0.965926 -0.129410
v 3.839118 0.965926 -0.099046
v 3.850000 0.965926 -0.066987
v 3.856605 0.965926 -0.033783
v 3.982683 0.923880 0.000000
v 3.979410 0.923880 0.049950
v 3.969644 0.923880 0.099046
v 3.953553 0.923880 0.146447
v 3.931414 0.923880 0.191342
v 3.903603 0.923880 0.232963
v 3.870598 0.923880 0.270598
v 3.832963 0.923880 0.303603
v 3.791342 0.923880 0.331414
v 3.746447 0.923880 0.353553
v 3.699046 0.923880 0.369644
v 3.649950 0.923880 0.379410
v 3.600000 0.923880 0.382683
v 3.550050 0.923880 0.379410
v 3.500954 0.923880 0.369644
v 3.453553 0.923880 0.353553
v 3.408658 0.923880 0.331414
v 3.367037 0.923880 0.303603
v 3.329402 0.923880 0.270598
v 3.296397 0.923880 0.232963
v 3.268586 0.923880 0.191342
v 3.246447 0.923880 0.146447
v 3.230356 0.923880 0.099046
v 3.220590 0.923880 0.049950
v 3.217317 0.923880 0.000000
v 3.220590 0.923880 -0.049950
v 3.230356 0.923880 -0.099046
v 3.246447 0.923880 -0.146447
v 3.268586 0.923880 -0.191342
v 3.296397 0.923880 -0.232963
v 3.329402 0.923880 -0.270598
v 3.367037 0.923880 -0.303603
v 3.408658 0.923880 -0.331414
v 3.453553 0.923880 -0.353553
v 3.500954 0.923880 -0.369644
v 3.550050 0.923880 -0.379410
v 3.600000 0.923880 -0.382683
v 3.649950 0.923880 -0.379410
v 3.699046 0.923880 -0.369644
v 3.746447 0.923880 -0.353553
v 3.791342 0.923880 -0.331414
v 3.832963 0.923880 -0.303603
v 3.870598 0.923880 -0.270598
v 3.903603 0.923880 -0.232963
v 3.931414 0.923880 -0.191342
v 3.953553 0.923880 -0.146447
v 3.969644 0.923880 -0.099046
v 3.979410 0.923880 -0.049950
v 4.100000 0.866025 0.000000
v 4.095722 0.866025 0.065263
v 4.082963 0.866025 0.129410
v 4.061940 0.866025 0.191342
v 4.033013 0.866025 0.250000
v 3.996677 0.866025 0.304381
v 3.953553 0.866025 0.353553
v 3.904381 0.866025 0.396677
v 3.850000 0.866025 0.433013
v 3.791342 0.866025 0.461940
v 3.729410 0.866025 0.482963
v 3.665263 0.866025 0.495722
v 3.600000 0.866025 0.500000
v 3.534737 0.866025 0.495722
v 3.470590 0.866025 0.482963
v 3.408658 0.866025 0.461940
v 3.350000 0.866025 0.433013
v 3.295619 0.866025 0.396677
v 3.246447 0.866025 0.353553
v 3.203323 0.866025 0.304381
v 3.166987 0.866025 0.250000
v 3.138060 0.866025 0.191342
v 3.117037 0.866025 0.129410
v 3.104278 0.866025 0.065263
v 3.100000 0.866025 0.000000
v 3.104278 0.866025 -0.065263
v 3.117037 0.866025 -0.129410
v 3.138060 0.866025 -0.191342
v 3.166987 0.866025 -0.250000
v 3.203323 0.866025 -0.304381
v 3.246447 0.866025 -0.353553
v 3.295619 0.866025 -0.396677
v 3.350000 0.866025 -0.433013
v 3.408658 0.866025 -0.461940
v 3.470590 0.866025 -0.482963
v 3.534737 0.866025 -0.495722
v 3.600000 0.866025 -0.500000
v 3.665263 0.866025 -0.495722
v 3.729410 0.866025 -0.482963
v 3.791342 0.866025 -0.461940
v 3.850000 0.866025 -0.433013
v 3.904381 0.866025 -0.396677
v 3.953553 0.866025 -0.353553
v 3.996677 0.866025 -0.304381
v 4.033013 0.866025 -0.250000
v 4.061940 0.866025 -0.191342
v 4.082963 0.866025 -0.129410
v 4.095722 0.866025 -0.065263
v 4.208761 0.793353 0.000000
v 4.203553 0.793353 0.079459
v 4.188018 0.793353 0.157559
v 4.162422 0.793353 0.232963
v 4.127203 0.793353 0.304381
v 4.082963 0.793353 0.370590
v 4.030459 0.793353 0.430459
v 3.970590 0.793353 0.482963
v 3.904381 0.793353 0.527203
v 3.832963 0.793353 0.562422
v 3.757559 0.793353 0.588018
v 3.679459 0.793353 0.603553
v 3.600000 0.793353 0.608761
v 3.520541 0.793353 0.603553
v 3.442441 0.793353 0.588018
v 3.367037 0.793353 0.562422
v 3.295619 0.793353 0.527203
v 3.229410 0.793353 0.482963
v 3.169541 0.793353 0.430459
v 3.117037 0.793353 0.370590
v 3.072797 0.793353 0.304381
v 3.037578 0.793353 0.232963
v 3.011982 0.793353 0.157559
v 2.996447 0.793353 0.079459
v 2.991239 0.793353 0.000000
v 2.996447 0.793353 -0.079459
v 3.011982 0.793353 -0.157559
v 3.037578 0.793353 -0.232963
v 3.072797 0.793353 -0.304381
v 3.117037 0.793353 -0.370590
v 3.169541 0.793353 -0.430459
v 3.229410 0.793353 -0.482963
v 3.295619 0.793353 -0.527203
v 3.367037 0.793353 -0.562422
v 3.442441 0.793353 -0.588018
v 3.520541 0.793353 -0.603553
v 3.600000 0.793353 -0.608761
v 3.679459 0.793353 -0.603553
v 3.757559 0.793353 -0.588018
v 3.832963 0.793353 -0.562422
v 3.904381 0.793353 -0.527203
v 3.970590 0.793353 -0.482963
v 4.030459 0.793353 -0.430459
v 4.082963 0.793353 -0.370590
v 4.127203 0.793353 -0.304381
v 4.162422 0.793353 -0.232963
v 4.188018 0.793353 -0.157559
v 4.203553 0.793353 -0.079459
v 4.307107 0.707107 0.000000
v 4.301057 0.707107 0.092296
v 4.283013 0.707107 0.183013
v 4.253281 0.707107 0.270598
v 4.212372 0.707107 0.353553
v 4.160986 0.707107 0.430459
v 4.100000 0.707107 0.500000
v 4.030459 0.707107 0.560986
v 3.953553 0.707107 0.612372
v 3.870598 0.707107 0.653281
v 3.783013 0.707107 0.683013
v 3.692296 0.707107 0.701057
v 3.600000 0.707107 0.707107
v 3.507704 0.707107 0.701057
v 3.416987 0.707107 0.683013
v 3.329402 0.707107 0.653281
v 3.246447 0.707107 0.612372
v 3.169541 0.707107 0.560986
v 3.100000 0.707107 0.500000
v 3.039014 0.707107 0.430459
v 2.987628 0.707107 0.353553
v 2.946719 0.707107 0.270598
v 2.916987 0.707107 0.183013
v 2.898943 0.707107 0.092296
v 2.892893 0.707107 0.000000
v 2.898943 0.707107 -0.092296
v 2.916987 0.707107 -0.183013
v 2.946719 0.707107 -0.270598
v 2.987628 0.707107 -0.353553
v 3.039014 0.707107 -0.430459
v 3.100000 0.707107 -0.500000
v 3.169541 0.707107 -0.560986
v 3.246447 0.707107 -0.612372
v 3.329402 0.707107 -0.653281
v 3.416987 0.707107 -0.683013
v 3.507704 0.707107 -0.701057
v 3.600000 0.707107 -0.707107
v 3.692296 0.707107 -0.701057
v 3.783013 0.707107 -0.683013
v 3.870598 0.707107 -0.653281
v 3.953553 0.707107 -0.612372
v 4.030459 0.707107 -0.560986
v 4.100000 0.707107 -0.500000
v 4.160986 0.707107 -0.430459
v 4.212372 0.707107 -0.353553
v 4.253281 0.707107 -0.270598
v 4.283013 0.707107 -0.183013
v 4.301057 0.707107 -0.092296
v 4.393353 0.608761 0.000000
v 4.386566 0.608761 0.103553
v 4.366320 0.608761 0.205335
v 4.332963 0.608761 0.303603
v 4.287064 0.608761 0.396677
v 4.229410 0.608761 0.482963
v 4.160986 0.608761 0.560986
v 4.082963 0.608761 0.629410
v 3.996677 0.608761 0.687064
v 3.903603 0.608761 0.732963
v 3.805335 0.608761 0.766320
v 3.703553 0.608761 0.786566
v 3.600000 0.608761 0.793353
v 3.496447 0.608761 0.786566
v 3.394665 0.608761 0.766320
v 3.296397 0.608761 0.732963
v 3.203323 0.608761 0.687064
v 3.117037 0.608761 0.629410
v 3.039014 0.608761 0.560986
v 2.970590 0.608761 0.482963
v 2.912936 0.608761 0.396677
v 2.867037 0.608761 0.303603
v 2.833680 0.608761 0.205335
v 2.813434 0.608761 0.103553
v 2.806647 0.608761 0.000000
v 2.813434 0.608761 -0.103553
v 2.833680 0.608761 -0.205335
v 2.867037 0.608761 -0.303603
v 2.912936 0.608761 -0.396677
v 2.970590 0.608761 -0.482963
v 3.039014 0.608761 -0.560986
v 3.117037 0.608761 -0.629410
v 3.203323 0.608761 -0.687064
v 3.296397 0.608761 -0.732963
v 3.394665 0.608761 -0.766320
v 3.496447 0.608761 -0.786566
v 3.600000 0.608761 -0.793353
v 3.703553 0.608761 -0.786566
v 3.805335 0.608761 -0.766320
v 3.903603 0.608761 -0.732963
v 3.996677 0.608761 -0.687064
v 4.082963 0.608761 -0.629410
v 4.160986 0.608761 -0.560986
v 4.229410 0.608761 -0.482963
v 4.287064 0.608761 -0.396677
v 4.332963 0.608761 -0.303603
v 4.366320 0.608761 -0.205335
v 4.386566 0.608761 -0.103553
v 4.466025 0.500000 0.000000
v 4.458616 0.500000 0.113039
v 4.436516 0.500000 0.224144
v 4.400103 0.500000 0.331414
v 4.350000 0.500000 0.433013
v 4.287064 0.500000 0.527203
v 4.212372 0.500000 0.612372
v 4.127203 0.500000 0.687064
v 4.033013 0.500000 0.750000
v 3.931414 0.500000 0.800103
v 3.824144 0.500000 0.836516
v 3.713039 0.500000 0.858616
v 3.600000 0.500000 0.866025
v 3.486961 0.500000 0.858616
v 3.375856 0.500000 0.836516
v 3.268586 0.500000 0.800103
v 3.166987 0.500000 0.750000
v 3.072797 0.500000 0.687064
v 2.987628 0.500000 0.612372
v 2.912936 0.500000 0.527203
v 2.850000 0.500000 0.433013
v 2.799897 0.500000 0.331414
v 2.763484 0.500000 0.224144
v 2.741384 0.500000 0.113039
v 2.733975 0.500000 0.000000
v 2.741384 0.500000 -0.113039
v 2.763484 0.500000 -0.224144
v 2.799897 0.500000 -0.331414
v 2.850000 0.500000 -0.433013
v 2.912936 0.500000 -0.527203
v 2.987628 0.500000 -0.612372
v 3.072797 0.500000 -0.687064
v 3.166987 0.500000 -0.750000
v 3.268586 0.500000 -0.800103
v 3.375856 0.500000 -0.836516
v 3.486961 0.500000 -0.858616
v 3.600000 0.500000 -0.866025
v 3.713039 0.500000 -0.858616
v 3.824144 0.500000 -0.836516
v 3.931414 0.500000 -0.800103
v 4.033013 0.500000 -0.750000
v 4.127203 0.500000 -0.687064
v 4.212372 0.500000 -0.612372
v 4.287064 0.500000 -0.527203
v 4.350000 0.500000 -0.433013
v 4.400103 0.500000 -0.331414
v 4.436516 0.500000 -0.224144
v 4.458616 0.500000 -0.113039
v 4.523880 0.382683 0.000000
v 4.515976 0.382683 0.120590
v 4.492399 0.382683 0.239118
v 4.453553 0.382683 0.353553
v 4.400103 0.382683 0.461940
v 4.332963 0.382683 0.562422
v 4.253281 0.382683 0.653281
v 4.162422 0.382683 0.732963
v 4.061940 0.382683 0.800103
v 3.953553 0.382683 0.853553
v 3.839118 0.382683 0.892399
v 3.720590 0.382683 0.915976
v 3.600000 0.382683 0.923880
v 3.479410 0.382683 0.915976
v 3.360882 0.382683 0.892399
v 3.246447 0.382683 0.853553
v 3.138060 0.382683 0.800103
v 3.037578 0.382683 0.732963
v 2.946719 0.382683 0.653281
v 2.867037 0.382683 0.562422
v 2.799897 0.382683 0.461940
v 2.746447 0.382683 0.353553
v 2.707601 0.382683 0.239118
v 2.684024 0.382683 0.120590
v 2.676120 0.382683 0.000000
v 2.684024 0.382683 -0.120590
v 2.707601 0.382683 -0.239118
v 2.746447 0.382683 -0.353553
v 2.799897 0.382683 -0.461940
v 2.867037 0.382683 -0.562422
v 2.946719 0.382683 -0.653281
v 3.037578 0.382683 -0.732963
v 3.138060 0.382683 -0.800103
v 3.246447 0.382683 -0.853553
v 3.360882 0.382683 -0.892399
v 3.479410 0.382683 -0.915976
v 3.600000 0.382683 -0.923880
v 3.720590 0.382683 -0.915976
v 3.839118 0.382683 -0.892399
v 3.953553 0.382683 -0.853553
v 4.061940 0.382683 -0.800103
v 4.162422 0.382683 -0.732963
v 4.253281 0.382683 -0.653281
v 4.332963 0.382683 -0.562422
v 4.400103 0.382683 -0.461940
v 4.453553 0.382683 -0.353553
v 4.492399 0.382683 -0.239118
v 4.515976 0.382683 -0.120590
v 4.565926 0.258819 0.000000
v 4.557662 0.258819 0.126079
v 4.533013 0.258819 0.250000
v 4.492399 0.258819 0.369644
v 4.436516 0.258819 0.482963
v 4.366320 0.258819 0.588018
v 4.283013 0.258819 0.683013
v 4.188018 0.258819 0.766320
v 4.082963 0.258819 0.836516
v 3.969644 0.258819 0.892399
v 3.850000 0.258819 0.933013
v 3.726079 0.258819 0.957662
v 3.600000 0.258819 0.965926
v 3.473921 0.258819 0.957662
v 3.350000 0.258819 0.933013
v 3.230356 0.258819 0.892399
v 3.117037 0.258819 0.836516
v 3.011982 0.258819 0.766320
v 2.916987 0.258819 0.683013
v 2.833680 0.258819 0.588018
v 2.763484 0.258819 0.482963
v 2.707601 0.258819 0.369644
v 2.666987 0.258819 0.250000
v 2.642338 0.258819 0.126079
v 2.634074 0.258819 0.000000
v 2.642338 0.258819 -0.126079
v 2.666987 0.258819 -0.250000
v 2.707601 0.258819 -0.369644
v 2.763484 0.258819 -0.482963
v 2.833680 0.258819 -0.588018
v 2.916987 0.258819 -0.683013
v 3.011982 0.258819 -0.766320
v 3.117037 0.258819 -0.836516
v 3.230356 0.258819 -0.892399
v 3.350000 0.258819 -0.933013
v 3.473921 0.258819 -0.957662
v 3.600000 0.258819 -0.965926
v 3.726079 0.258819 -0.957662
v 3.850000 0.258819 -0.933013
v 3.969644 0.258819 -0.892399
v 4.082963 0.258819 -0.836516
v 4.188018 0.258819 -0.766320
v 4.283013 0.258819 -0.683013
v 4.366320 0.258819 -0.588018
v 4.436516 0.258819 -0.482963
v 4.492399 0.258819 -0.369644
v 4.533013 0.258819 -0.250000
v 4.557662 0.258819 -0.126079
v 4.591445 0.130526 0.000000
v 4.582963 0.130526 0.129410
v 4.557662 0.130526 0.256605
v 4.515976 0.130526 0.379410
v 4.458616 0.130526 0.495722
v 4.386566 0.130526 0.603553
v 4.301057 0.130526 0.701057
v 4.203553 0.130526 0.786566
v 4.095722 0.130526 0.858616
v 3.979410 0.130526 0.915976
v 3.856605 0.130526 0.957662
v 3.729410 0.130526 0.982963
v 3.600000 0.130526 0.991445
v 3.470590 0.130526 0.982963
v 3.343395 0.130526 0.957662
v 3.220590 0.130526 0.915976
v 3.104278 0.130526 0.858616
v 2.996447 0.130526 0.786566
v 2.898943 0.130526 0.701057
v 2.813434 0.130526 0.603553
v 2.741384 0.130526 0.495722
v 2.684024 0.130526 0.379410
v 2.642338 0.130526 0.256605
v 2.617037 0.130526 0.129410
v 2.608555 0.130526 0.000000
v 2.617037 0.130526 -0.129410
v 2.642338 0.130526 -0.256605
v 2.684024 0.130526 -0.379410
v 2.741384 0.130526 -0.495722
v 2.813434 0.130526 -0.603553
v 2.898943 0.130526 -0.701057
v 2.996447 0.130526 -0.786566
v 3.104278 0.130526 -0.858616
v 3.220590 0.130526 -0.915976
v 3.343395 0.130526 -0.957662
v 3.470590 0.130526 -0.982963
v 3.600000 0.130526 -0.991445
v 3.729410 0.130526 -0.982963
v 3.856605 0.130526 -0.957662
v 3.979410 0.130526 -0.915976
v 4.095722 0.130526 -0.858616
v 4.203553 0.130526 -0.786566
v 4.301057 0.130526 -0.701057
v 4.386566 0.130526 -0.603553
v 4.458616 0.130526 -0.495722
v 4.515976 0.130526 -0.379410
v 4.557662 0.130526 -0.256605
v 4.582963 0.130526 -0.129410
v 4.600000 0.000000 0.000000
v 4.591445 0.000000 0.130526
v 4.565926 0.000000 0.258819
v 4.523880 0.000000 0.382683
v 4.466025 0.000000 0.500000
v 4.393353 0.000000 0.608761
v 4.307107 0.000000 0.707107
v 4.208761 0.000000 0.793353
v 4.100000 0.000000 0.866025
v 3.982683 0.000000 0.923880
v 3.858819 0.000000 0.965926
v 3.730526 0.000000 0.991445
v 3.600000 0.000000 1.000000
v 3.469474 0.000000 0.991445
v 3.341181 0.000000 0.965926
v 3.217317 0.000000 0.923880
v 3.100000 0.000000 0.866025
v 2.991239 0.000000 0.793353
v 2.892893 0.000000 0.707107
v 2.806647 0.000000 0.608761
v 2.733975 0.000000 0.500000
v 2.676120 0.000000 0.382683
v 2.634074 0.000000 0.258819
v 2.608555 0.000000 0.130526
v 2.600000 0.000000 0.000000
v 2.608555 0.000000 -0.130526
v 2.634074 0.000000 -0.258819
v 2.676120 0.000000 -0.382683
v 2.733975 0.000000 -0.500000
v 2.806647 0.000000 -0.608761
v 2.892893 0.000000 -0.707107
v 2.991239 0.000000 -0.793353
v 3.100000 0.000000 -0.866025
v 3.217317 0.000000 -0.923880
v 3.341181 0.000000 -0.965926
v 3.469474 0.000000 -0.991445
v 3.600000 0.000000 -1.000000
v 3.730526 0.000000 -0.991445
v 3.858819 0.000000 -0.965926
v 3.982683 0.000000 -0.923880
v 4.100000 0.000000 -0.866025
v 4.208761 0.000000 -0.793353
v 4.307107 0.000000 -0.707107
v 4.393353 0.000000 -0.608761
v 4.466025 0.000000 -0.500000
v 4.523880 0.000000 -0.382683
v 4.565926 0.000000 -0.258819
v 4.591445 0.000000 -0.130526
v 4.591445 -0.130526 0.000000
v 4.582963 -0.130526 0.129410
v 4.557662 -0.130526 0.256605
v 4.515976 -0.130526 0.379410
v 4.458616 -0.130526 0.495722
v 4.386566 -0.130526 0.603553
v 4.301057 -0.130526 0.701057
v 4.203553 -0.130526 0.786566
v 4.095722 -0.130526 0.858616
v 3.979410 -0.130526 0.915976
v 3.856605 -0.130526 0.957662
v 3.729410 -0.130526 0.982963
v 3.600000 -0.130526 0.991445
v 3.470590 -0.130526 0.982963
v 3.343395 -0.130526 0.957662
v 3.220590 -0.130526 0.915976
v 3.104278 -0.130526 0.858616
v 2.996447 -0.130526 0.786566
v 2.898943 -0.130526 0.701057
v 2.813434 -0.130526 0.603553
v 2.741384 -0.130526 0.495722
v 2.684024 -0.130526 0.379410
v 2.642338 -0.130526 0.256605
v 2.617037 -0.130526 0.129410
v 2.608555 -0.130526 0.000000
v 2.617037 -0.130526 -0.129410
v 2.642338 -0.130526 -0.256605
v 2.684024 -0.130526 -0.379410
v 2.741384 -0.130526 -0.495722
v 2.813434 -0.130526 -0.603553
v 2.898943 -0.130526 -0.701057
v 2.996447 -0.130526 -0.786566
v 3.104278 -0.130526 -0.858616
v 3.220590 -0.130526 -0.915976
v 3.343395 -0.130526 -0.957662
v 3.470590 -0.130526 -0.982963
v 3.600000 -0.130526 -0.991445
v 3.729410 -0.130526 -0.982963
v 3.856605 -0.130526 -0.957662
v 3.979410 -0.130526 -0.915976
v 4.095722 -0.130526 -0.858616
v 4.203553 -0.130526 -0.786566
v 4.301057 -0.130526 -0.701057
v 4.386566 -0.130526 -0.603553
v 4.458616 -0.130526 -0.495722
v 4.515976 -0.130526 -0.379410
v 4.557662 -0.130526 -0.256605
v 4.582963 -0.130526 -0.129410
v 4.565926 -0.258819 0.000000
v 4.557662 -0.258819 0.126079
v 4.533013 -0.258819 0.250000
v 4.492399 -0.258819 0.369644
v 4.436516 -0.258819 0.482963
v 4.366320 -0.258819 0.588018
v 4.283013 -0.258819 0.683013
v 4.188018 -0.258819 0.766320
v 4.082963 -0.258819 0.836516
v 3.969644 -0.258819 0.892399
v 3.850000 -0.258819 0.933013
v 3.726079 -0.258819 0.957662
v 3.600000 -0.258819 0.965926
v 3.473921 -0.258819 0.957662
v 3.350000 -0.258819 0.933013
v 3.230356 -0.258819 0.892399
v 3.117037 -0.258819 0.836516
v 3.011982 -0.258819 0.766320
v 2.916987 -0.258819 0.683013
v 2.833680 -0.258819 0.588018
v 2.763484 -0.258819 0.482963
v 2.707601 -0.258819 0.369644
v 2.666987 -0.258819 0.250000
v 2.642338 -0.258819 0.126079
v 2.634074 -0.258819 0.000000
v 2.642338 -0.258819 -0.126079
v 2.666987 -0.258819 -0.250000
v 2.707601 -0.258819 -0.369644
v 2.763484 -0.258819 -0.482963
v 2.833680 -0.258819 -0.588018
v 2.916987 -0.258819 -0.683013
v 3.011982 -0.258819 -0.766320
v 3.117037 -0.258819 -0.836516
v 3.230356 -0.258819 -0.892399
v 3.350000 -0.258819 -0.933013
v 3.473921 -0.258819 -0.957662
v 3.600000 -0.258819 -0.965926
v 3.726079 -0.258819 -0.957662
v 3.850000 -0.258819 -0.933013
v 3.969644 -0.258819 -0.892399
v 4.082963 -0.258819 -0.836516
v 4.188018 -0.258819 -0.766320
v 4.283013 -0.258819 -0.683013
v 4.366320 -0.258819 -0.588018
v 4.436516 -0.258819 -0.482963
v 4.492399 -0.258819 -0.369644
v 4.533013 -0.258819 -0.250000
v 4.557662 -0.258819 -0.126079
v 4.523880 -0.382683 0.000000
v 4.515976 -0.382683 0.120590
v 4.492399 -0.382683 0.239118
v 4.453553 -0.382683 0.353553
v 4.400103 -0.382683 0.461940
v 4.332963 -0.382683 0.562422
v 4.253281 -0.382683 0.653281
v 4.162422 -0.382683 0.732963
v 4.061940 -0.382683 0.800103
v 3.953553 -0.382683 0.853553
v 3.839118 -0.382683 0.892399
v 3.720590 -0.382683 0.915976
v 3.600000 -0.382683 0.923880
v 3.479410 -0.382683 0.915976
v 3.360882 -0.382683 0.892399
v 3.246447 -0.382683 0.853553
v 3.138060 -0.382683 0.800103
v 3.037578 -0.382683 0.732963
v 2.946719 -0.382683 0.653281
v 2.867037 -0.382683 0.562422
v 2.799897 -0.382683 0.461940
v 2.746447 -0.382683 0.353553
v 2.707601 -0.382683 0.239118
v 2.684024 -0.382683 0.120590
v 2.676120 -0.382683 0.000000
v 2.684024 -0.382683 -0.120590
v 2.707601 -0.382683 -0.239118
v 2.746447 -0.382683 -0.353553
v 2.799897 -0.382683 -0.461940
v 2.867037 -0.382683 -0.562422
v 2.946719 -0.382683 -0.653281
v 3.037578 -0.382683 -0.732963
v 3.138060 -0.382683 -0.800103
v 3.246447 -0.382683 -0.853553
v 3.360882 -0.382683 -0.892399
v 3.479410 -0.382683 -0.915976
v 3.600000 -0.382683 -0.923880
v 3.720590 -0.382683 -0.915976
v 3.839118 -0.382683 -0.892399
v 3.953553 -0.382683 -0.853553
v 4.061940 -0.382683 -0.800103
v 4.162422 -0.382683 -0.732963
v 4.253281 -0.382683 -0.653281
v 4.332963 -0.382683 -0.562422
v 4.400103 -0.382683 -0.461940
v 4.453553 -0.382683 -0.353553
v 4.492399 -0.382683 -0.239118
v 4.515976 -0.382683 -0.120590
v 4.466025 -0.500000 0.000000
v 4.458616 -0.500000 0.113039
v 4.436516 -0.500000 0.224144
v 4.400103 -0.500000 0.331414
v 4.350000 -0.500000 0.433013
v 4.287064 -0.500000 0.527203
v 4.212372 -0.500000 0.612372
v 4.127203 -0.500000 0.687064
v 4.033013 -0.500000 0.750000
v 3.931414 -0.500000 0.800103
v 3.824144 -0.500000 0.836516
v 3.713039 -0.500000 0.858616
v 3.600000 -0.500000 0.866025
v 3.486961 -0.500000 0.858616
v 3.375856 -0.500000 0.836516
v 3.268586 -0.500000 0.800103
v 3.166987 -0.500000 0.750000
v 3.072797 -0.500000 0.687064
v 2.987628 -0.500000 0.612372
v 2.912936 -0.500000 0.527203
v 2.850000 -0.500000 0.433013
v 2.799897 -0.500000 0.331414
v 2.763484 -0.500000 0.224144
v 2.741384 -0.500000 0.113039
v 2.733975 -0.500000 0.000000
v 2.741384 -0.500000 -0.113039
v 2.763484 -0.500000 -0.224144
v 2.799897 -0.500000 -0.331414
v 2.850000 -0.500000 -0.433013
v 2.912936 -0.500000 -0.527203
v 2.987628 -0.500000 -0.612372
v 3.072797 -0.500000 -0.687064
v 3.166987 -0.500000 -0.750000
v 3.268586 -0.500000 -0.800103
v 3.375856 -0.500000 -0.836516
v 3.486961 -0.500000 -0.858616
v 3.600000 -0.500000 -0.866025
v 3.713039 -0.500000 -0.858616
v 3.824144 -0.500000 -0.836516
v 3.931414 -0.500000 -0.800103
v 4.033013 -0.500000 -0.750000
v 4.127203 -0.500000 -0.687064
v 4.212372 -0.500000 -0.612372
v 4.287064 -0.500000 -0.527203
v 4.350000 -0.500000 -0.433013
v 4.400103 -0.500000 -0.331414
v 4.436516 -0.500000 -0.224144
v 4.458616 -0.500000 -0.113039
v 4.393353 -0.608761 0.000000
v 4.386566 -0.608761 0.103553
v 4.366320 -0.608761 0.205335
v 4.332963 -0.608761 0.303603
v 4.287064 -0.608761 0.396677
v 4.229410 -0.608761 0.482963
v 4.160986 -0.608761 0.560986
v 4.082963 -0.608761 0.629410
v 3.996677 -0.608761 0.687064
v 3.903603 -0.608761 0.732963
v 3.805335 -0.608761 0.766320
v 3.703553 -0.608761 0.786566
v 3.600000 -0.608761 0.793353
v 3.496447 -0.608761 0.786566
v 3.394665 -0.608761 0.766320
v 3.296397 -0.608761 0.732963
v 3.203323 -0.608761 0.687064
v 3.117037 -0.608761 0.629410
v 3.039014 -0.608761 0.560986
v 2.970590 -0.608761 0.482963
v 2.912936 -0.608761 0.396677
v 2.867037 -0.608761 0.303603
v 2.833680 -0.608761 0.205335
v 2.813434 -0.608761 0.103553
v 2.806647 -0.608761 0.000000
v 2.813434 -0.608761 -0.103553
v 2.833680 -0.608761 -0.205335
v 2.867037 -0.608761 -0.303603
v 2.912936 -0.608761 -0.396677
v 2.970590 -0.608761 -0.482963
v 3.039014 -0.608761 -0.560986
v 3.117037 -0.608761 -0.629410
v 3.203323 -0.608761 -0.687064
v 3.296397 -0.608761 -0.732963
v 3.394665 -0.608761 -0.766320
v 3.496447 -0.608761 -0.786566
v 3.600000 -0.608761 -0.793353
v 3.703553 -0.608761 -0.786566
v 3.805335 -0.608761 -0.766320
v 3.903603 -0.608761 -0.732963
v 3.996677 -0.608761 -0.687064
v 4.082963 -0.608761 -0.629410
v 4.160986 -0.608761 -0.560986
v 4.229410 -0.608761 -0.482963
v 4.287064 -0.608761 -0.396677
v 4.332963 -0.608761 -0.303603
v 4.366320 -0.608761 -0.205335
v 4.386566 -0.608761 -0.103553
v 4.307107 -0.707107 0.000000
v 4.301057 -0.707107 0.092296
v 4.283013 -0.707107 0.183013
v 4.253281 -0.707107 0.270598
v 4.212372 -0.707107 0.353553
v 4.160986 -0.707107 0.430459
v 4.100000 -0.707107 0.500000
v 4.030459 -0.707107 0.560986
v 3.953553 -0.707107 0.612372
v 3.870598 -0.707107 0.653281
v 3.783013 -0.707107 0.683013
v 3.692296 -0.707107 0.701057
v 3.600000 -0.707107 0.707107
v 3.507704 -0.707107 0.701057
v 3.416987 -0.707107 0.683013
v 3.329402 -0.707107 0.653281
v 3.246447 -0.707107 0.612372
v 3.169541 -0.707107 0.560986
v 3.100000 -0.707107 0.500000
v 3.039014 -0.707107 0.430459
v 2.987628 -0.707107 0.353553
v 2.946719 -0.707107 0.270598
v 2.916987 -0.707107 0.183013
v 2.898943 -0.707107 0.092296
v 2.892893 -0.707107 0.000000
v 2.898943 -0.707107 -0.092296
v 2.916987 -0.707107 -0.183013
v 2.946719 -0.707107 -0.270598
v 2.987628 -0.707107 -0.353553
v 3.039014 -0.707107 -0.430459
v 3.100000 -0.707107 -0.500000
v 3.169541 -0.707107 -0.560986
v 3.246447 -0.707107 -0.612372
v 3.329402 -0.707107 -0.653281
v 3.416987 -0.707107 -0.683013
v 3.507704 -0.707107 -0.701057
v 3.600000 -0.707107 -0.707107
v 3.692296 -0.707107 -0.701057
v 3.783013 -0.707107 -0.683013
v 3.870598 -0.707107 -0.653281
v 3.953553 -0.707107 -0.612372
v 4.030459 -0.707107 -0.560986
v 4.100000 -0.707107 -0.500000
v 4.160986 -0.707107 -0.430459
v 4.212372 -0.707107 -0.353553
v 4.253281 -0.707107 -0.270598
v 4.283013 -0.707107 -0.183013
v 4.301057 -0.707107 -0.092296
v 4.208761 -0.793353 0.000000
v 4.203553 -0.793353 0.079459
v 4.188018 -0.793353 0.157559
v 4.162422 -0.793353 0.232963
v 4.127203 -0.793353 0.304381
v 4.082963 -0.793353 0.370590
v 4.030459 -0.793353 0.430459
v 3.970590 -0.793353 0.482963
v 3.904381 -0.793353 0.527203
v 3.832963 -0.793353 0.562422
v 3.757559 -0.793353 0.588018
v 3.679459 -0.793353 0.603553
v 3.600000 -0.793353 0.608761
v 3.520541 -0.793353 0.603553
v 3.442441 -0.793353 0.588018
v 3.367037 -0.793353 0.562422
v 3.295619 -0.793353 0.527203
v 3.229410 -0.793353 0.482963
v 3.169541 -0.793353 0.430459
v 3.117037 -0.793353 0.370590
v 3.072797 -0.793353 0.304381
v 3.037578 -0.793353 0.232963
v 3.011982 -0.793353 0.157559
v 2.996447 -0.793353 0.079459
v 2.991239 -0.793353 0.000000
v 2.996447 -0.793353 -0.079459
v 3.011982 -0.793353 -0.157559
v 3.037578 -0.793353 -0.232963
v 3.072797 -0.793353 -0.304381
v 3.117037 -0.793353 -0.370590
v 3.169541 -0.793353 -0.430459
v 3.229410 -0.793353 -0.482963
v 3.295619 -0.793353 -0.527203
v 3.367037 -0.793353 -0.562422
v 3.442441 -0.793353 -0.588018
v 3.520541 -0.793353 -0.603553
v 3.600000 -0.793353 -0.608761
v 3.679459 -0.793353 -0.603553
v 3.757559 -0.793353 -0.588018
v 3.832963 -0.793353 -0.562422
v 3.904381 -0.793353 -0.527203
v 3.970590 -0.793353 -0.482963
v 4.030459 -0.793353 -0.430459
v 4.082963 -0.793353 -0.370590
v 4.127203 -0.793353 -0.304381
v 4.162422 -0.793353 -0.232963
v 4.188018 -0.793353 -0.157559
v 4.203553 -0.793353 -0.079459
v 4.100000 -0.866025 0.000000
v 4.095722 -0.866025 0.065263
v 4.082963 -0.866025 0.129410
v 4.061940 -0.866025 0.191342
v 4.033013 -0.866025 0.250000
v 3.996677 -0.866025 0.304381
v 3.953553 -0.866025 0.353553
v 3.904381 -0.866025 0.396677
v 3.850000 -0.866025 0.433013
v 3.791342 -0.866025 0.461940
v 3.729410 -0.866025 0.482963
v 3.665263 -0.866025 0.495722
v 3.600000 -0.866025 0.500000
v 3.534737 -0.866025 0.495722
v 3.470590 -0.866025 0.482963
v 3.408658 -0.866025 0.461940
v 3.350000 -0.866025 0.433013
v 3.295619 -0.866025 0.396677
v 3.246447 -0.866025 0.353553
v 3.203323 -0.866025 0.304381
v 3.166987 -0.866025 0.250000
v 3.138060 -0.866025 0.191342
v 3.117037 -0.866025 0.129410
v 3.104278 -0.866025 0.065263
v 3.100000 -0.866025 0.000000
v 3.104278 -0.866025 -0.065263
v 3.117037 -0.866025 -0.129410
v 3.138060 -0.866025 -0.191342
v 3.166987 -0.866025 -0.250000
v 3.203323 -0.866025 -0.304381
v 3.246447 -0.866025 -0.353553
v 3.295619 -0.866025 -0.396677
v 3.350000 -0.866025 -0.433013
v 3.408658 -0.866025 -0.461940
v 3.470590 -0.866025 -0.482963
v 3.534737 -0.866025 -0.495722
v 3.600000 -0.866025 -0.500000
v 3.665263 -0.866025 -0.495722
v 3.729410 -0.866025 -0.482963
v 3.791342 -0.866025 -0.461940
v 3.850000 -0.866025 -0.433013
v 3.904381 -0.866025 -0.396677
v 3.953553 -0.866025 -0.353553
v 3.996677 -0.866025 -0.304381
v 4.033013 -0.866025 -0.250000
v 4.061940 -0.866025 -0.191342
v 4.082963 -0.866025 -0.129410
v 4.095722 -0.866025 -0.065263
v 3.982683 -0.923880 0.000000
v 3.979410 -0.923880 0.049950
v 3.969644 -0.923880 0.099046
v 3.953553 -0.923880 0.146447
v 3.931414 -0.923880 0.191342
v 3.903603 -0.923880 0.232963
v 3.870598 -0.923880 0.270598
v 3.832963 -0.923880 0.303603
v 3.791342 -0.923880 0.331414
v 3.746447 -0.923880 0.353553
v 3.699046 -0.923880 0.369644
v 3.649950 -0.923880 0.379410
v 3.600000 -0.923880 0.382683
v 3.550050 -0.923880 0.379410
v 3.500954 -0.923880 0.369644
v 3.453553 -0.923880 0.353553
v 3.408658 -0.923880 0.331414
v 3.367037 -0.923880 0.303603
v 3.329402 -0.923880 0.270598
v 3.296397 -0.923880 0.232963
v 3.268586 -0.923880 0.191342
v 3.246447 -0.923880 0.146447
v 3.230356 -0.923880 0.099046
v 3.220590 -0.923880 0.049950
v 3.217317 -0.923880 0.000000
v 3.220590 -0.923880 -0.049950
v 3.230356 -0.923880 -0.099046
v 3.246447 -0.923880 -0.146447
v 3.268586 -0.923880 -0.191342
v 3.296397 -0.923880 -0.232963
v 3.329402 -0.923880 -0.270598
v 3.367037 -0.923880 -0.303603
v 3.408658 -0.923880 -0.331414
v 3.453553 -0.923880 -0.353553
v 3.500954 -0.923880 -0.369644
v 3.550050 -0.923880 -0.379410
v 3.600000 -0.923880 -0.382683
v 3.649950 -0.923880 -0.379410
v 3.699046 -0.923880 -0.369644
v 3.746447 -0.923880 -0.353553
v 3.791342 -0.923880 -0.331414
v 3.832963 -0.923880 -0.303603
v 3.870598 -0.923880 -0.270598
v 3.903603 -0.923880 -0.232963
v 3.931414 -0.923880 -0.191342
v 3.953553 -0.923880 -0.146447
v 3.969644 -0.923880 -0.099046
v 3.979410 -0.923880 -0.049950
v 3.858819 -0.965926 0.000000
v 3.856605 -0.965926 0.033783
v 3.850000 -0.965926 0.066987
v 3.839118 -0.965926 0.099046
v 3.824144 -0.965926 0.129410
v 3.805335 -0.965926 0.157559
v 3.783013 -0.965926 0.183013
v 3.757559 -0.965926 0.205335
v 3.729410 -0.965926 0.224144
v 3.699046 -0.965926 0.239118
v 3.666987 -0.965926 0.250000
v 3.633783 -0.965926 0.256605
v 3.600000 -0.965926 0.258819
v 3.566217 -0.965926 0.256605
v 3.533013 -0.965926 0.250000
v 3.500954 -0.965926 0.239118
v 3.470590 -0.965926 0.224144
v 3.442441 -0.965926 0.205335
v 3.416987 -0.965926 0.183013
v 3.394665 -0.965926 0.157559
v 3.375856 -0.965926 0.129410
v 3.360882 -0.965926 0.099046
v 3.350000 -0.965926 0.066987
v 3.343395 -0.965926 0.033783
v 3.341181 -0.965926 0.000000
v 3.343395 -0.965926 -0.033783
v 3.350000 -0.965926 -0.066987
v 3.360882 -0.965926 -0.099046
v 3.375856 -0.965926 -0.129410
v 3.394665 -0.965926 -0.157559
v 3.416987 -0.965926 -0.183013
v 3.442441 -0.965926 -0.205335
v 3.470590 -0.965926 -0.224144
v 3.500954 -0.965926 -0.239118
v 3.533013 -0.965926 -0.250000
v 3.566217 -0.965926 -0.256605
v 3.600000 -0.965926 -0.258819
v 3.633783 -0.965926 -0.256605
v 3.666987 -0.965926 -0.250000
v 3.699046 -0.965926 -0.239118
v 3.729410 -0.965926 -0.224144
v 3.757559 -0.965926 -0.205335
v 3.783013 -0.965926 -0.183013
v 3.805335 -0.965926 -0.157559
v 3.824144 -0.965926 -0.129410
v 3.839118 -0.965926 -0.099046
v 3.850000 -0.965926 -0.066987
v 3.856605 -0.965926 -0.033783
v 3.730526 -0.991445 0.000000
v 3.729410 -0.991445 0.017037
v 3.726079 -0.991445 0.033783
v 3.720590 -0.991445 0.049950
v 3.713039 -0.991445 0.065263
v 3.703553 -0.991445 0.079459
v 3.692296 -0.991445 0.092296
v 3.679459 -0.991445 0.103553
v 3.665263 -0.991445 0.113039
v 3.649950 -0.991445 0.120590
v 3.633783 -0.991445 0.126079
v 3.617037 -0.991445 0.129410
v 3.600000 -0.991445 0.130526
v 3.582963 -0.991445 0.129410
v 3.566217 -0.991445 0.126079
v 3.550050 -0.991445 0.120590
v 3.534737 -0.991445 0.113039
v 3.520541 -0.991445 0.103553
v 3.507704 -0.991445 0.092296
v 3.496447 -0.991445 0.079459
v 3.486961 -0.991445 0.065263
v 3.479410 -0.991445 0.049950
v 3.473921 -0.991445 0.033783
v 3.470590 -0.991445 0.017037
v 3.469474 -0.991445 0.000000
v 3.470590 -0.991445 -0.017037
v 3.473921 -0.991445 -0.033783
v 3.479410 -0.991445 -0.049950
v 3.486961 -0.991445 -0.065263
v 3.496447 -0.991445 -0.079459
v 3.507704 -0.991445 -0.092296
v 3.520541 -0.991445 -0.103553
v 3.534737 -0.991445 -0.113039
v 3.550050 -0.991445 -0.120590
v 3.566217 -0.991445 -0.126079
v 3.582963 -0.991445 -0.129410
v 3.600000 -0.991445 -0.130526
v 3.617037 -0.991445 -0.129410
v 3.633783 -0.991445 -0.126079
v 3.649950 -0.991445 -0.120590
v 3.665263 -0.991445 -0.113039
v 3.679459 -0.991445 -0.103553
v 3.692296 -0.991445 -0.092296
v 3.703553 -0.991445 -0.079459
v 3.713039 -0.991445 -0.065263
v 3.720590 -0.991445 -0.049950
v 3.726079 -0.991445 -0.033783
v 3.729410 -0.991445 -0.017037
v 3.600000 -1.000000 0.000000
vt 0.500000 1.000000
vt 0.000000 0.958333
vt 0.020833 0.958333
vt 0.041667 0.958333
vt 0.062500 0.958333
vt 0.083333 0.958333
vt 0.104167 0.958333
vt 0.125000 0.958333
vt 0.145833 0.958333
vt 0.166667 0.958333
vt 0.187500 0.958333
vt 0.208333 0.958333
vt 0.229167 0.958333
vt 0.250000 0.958333
vt 0.270833 0.958333
vt 0.291667 0.958333
vt 0.312500 0.958333
vt 0.333333 0.958333
vt 0.354167 0.958333
vt 0.375000 0.958333
vt 0.395833 0.958333
vt 0.416667 0.958333
vt 0.437500 0.958333
vt 0.458333 0.958333
vt 0.479167 0.958333
vt 0.500000 0.958333
vt 0.520833 0.958333
vt 0.541667 0.958333
vt 0.562500 0.958333
vt 0.583333 0.958333
vt 0.604167 0.958333
vt 0.625000 0.958333
vt 0.645833 0.958333
vt 0.666667 0.958333
vt 0.687500 0.958333
vt 0.708333 0.958333
vt 0.729167 0.958333
vt 0.750000 0.958333
vt 0.770833 0.958333
vt 0.791667 0.958333
vt 0.812500 0.958333
vt 0.833333 0.958333
vt 0.854167 0.958333
vt 0.875000 0.958333
vt 0.895833 0.958333
vt 0.916667 0.958333
vt 0.937500 0.958333
vt 0.958333 0.958333
vt 0.979167 0.958333
vt 0.000000 0.916667
vt 0.020833 0.916667
vt 0.041667 0.916667
vt 0.062500 0.916667
vt 0.083333 0.916667
vt 0.104167 0.916667
vt 0.125000 0.916667
vt 0.145833 0.916667
vt 0.166667 0.916667
vt 0.187500 0.916667
vt 0.208333 0.916667
vt 0.229167 0.916667
vt 0.250000 0.916667
vt 0.270833 0.916667
vt 0.291667 0.916667
vt 0.312500 0.916667
vt 0.333333 0.916667
vt 0.354167 0.916667
vt 0.375000 0.916667
vt 0.395833 0.916667
vt 0.416667 0.916667
vt 0.437500 0.916667
vt 0.458333 0.916667
vt 0.479167 0.916667
vt 0.500000 0.916667
vt 0.520833 0.916667
vt 0.541667 0.916667
vt 0.562500 0.916667
vt 0.583333 0.916667
vt 0.604167 0.916667
vt 0.625000 0.916667
vt 0.645833 0.916667
vt 0.666667 0.916667
vt 0.687500 0.916667
vt 0.708333 0.916667
vt 0.729167 0.916667
vt 0.750000 0.916667
vt 0.770833 0.916667
vt 0.791667 0.916667
vt 0.812500 0.916667
vt 0.833333 0.916667
vt 0.854167 0.916667
vt 0.875000 0.916667
vt 0.895833 0.916667
vt 0.916667 0.916667
vt 0.937500 0.916667
vt 0.958333 0.916667
vt 0.979167 0.916667
vt 0.000000 0.875000
vt 0.020833 0.875000
vt 0.041667 0.875000
vt 0.062500 0.875000
vt 0.083333 0.875000
vt 0.104167 0.875000
vt 0.125000 0.875000
vt 0.145833 0.875000
vt 0.166667 0.875000
vt 0.187500 0.875000
vt 0.208333 0.875000
vt 0.229167 0.875000
vt 0.250000 0.875000
vt 0.270833 0.875000
vt 0.291667 0.875000
vt 0.312500 0.875000
vt 0.333333 0.875000
vt 0.354167 0.875000
vt 0.375000 0.875000
vt 0.395833 0.875000
vt 0.416667 0.875000
vt 0.437500 0.875000
vt 0.458333 0.875000
vt 0.479167 0.875000
vt 0.500000 0.875000
vt 0.520833 0.875000
vt 0.541667 0.875000
vt 0.562500 0.875000
vt 0.583333 0.875000
vt 0.604167 0.875000
vt 0.625000 0.875000
vt 0.645833 0.875000
vt 0.666667 0.875000
vt 0.687500 0.875000
vt 0.708333 0.875000
vt 0.729167 0.875000
vt 0.750000 0.875000
vt 0.770833 0.875000
vt 0.791667 0.875000
vt 0.812500 0.875000
vt 0.833333 0.875000
vt 0.854167 0.875000
vt 0.875000 0.875000
vt 0.895833 0.875000
vt 0.916667 0.875000
vt 0.937500 0.875000
vt 0.958333 0.875000
vt 0.979167 0.875000
vt 0.000000 0.833333
vt 0.020833 0.833333
vt 0.041667 0.833333
vt 0.062500 0.833333
vt 0.083333 0.833333
vt 0.104167 0.833333
vt 0.125000 0.833333
vt 0.145833 0.833333
vt 0.166667 0.833333
vt 0.187500 0.833333
vt 0.208333 0.833333
vt 0.229167 0.833333
vt 0.250000 0.833333
vt 0.270833 0.833333
vt 0.291667 0.833333
vt 0.312500 0.833333
vt 0.333333 0.833333
vt 0.354167 0.833333
vt 0.375000 0.833333
vt 0.395833 0.833333
vt 0.416667 0.833333
vt 0.437500 0.833333
vt 0.458333 0.833333
vt 0.479167 0.833333
vt 0.500000 0.833333
vt 0.520833 0.833333
vt 0.541667 0.833333
vt 0.562500 0.833333
vt 0.583333 0.833333
vt 0.604167 0.833333
vt 0.625000 0.833333
vt 0.645833 0.833333
vt 0.666667 0.833333
vt 0.687500 0.833333
vt 0.708333 0.833333
vt 0.729167 0.833333
vt 0.750000 0.833333
vt 0.770833 0.833333
vt 0.791667 0.833333
vt 0.812500 0.833333
vt 0.833333 0.833333
vt 0.854167 0.833333
vt 0.875000 0.833333
vt 0.895833 0.833333
vt 0.916667 0.833333
vt 0.937500 0.833333
vt 0.958333 0.833333
vt 0.979167 0.833333
vt 0.000000 0.791667
vt 0.020833 0.791667
vt 0.041667 0.791667
vt 0.062500 0.791667
vt 0.083333 0.791667
vt 0.104167 0.791667
vt 0.125000 0.791667
vt 0.145833 0.791667
vt 0.166667 0.791667
vt 0.187500 0.791667
vt 0.208333 0.791667
vt 0.229167 0.791667
vt 0.250000 0.791667
vt 0.270833 0.791667
vt 0.291667 0.791667
vt 0.312500 0.791667
vt 0.333333 0.791667
vt 0.354167 0.791667
vt 0.375000 0.791667
vt 0.395833 0.791667
vt 0.416667 0.791667
vt 0.437500 0.791667
vt 0.458333 0.791667
vt 0.479167 0.791667
vt 0.500000 0.791667
vt 0.520833 0.791667
vt 0.541667 0.791667
vt 0.562500 0.791667
vt 0.583333 0.791667
vt 0.604167 0.791667
vt 0.625000 0.791667
vt 0.645833 0.791667
vt 0.666667 0.791667
vt 0.687500 0.791667
vt 0.708333 0.791667
vt 0.729167 0.791667
vt 0.750000 0.791667
vt 0.770833 0.791667
vt 0.791667 0.791667
vt 0.812500 0.791667
vt 0.833333 0.791667
vt 0.854167 0.791667
vt 0.875000 0.791667
vt 0.895833 0.791667
vt 0.916667 0.791667
vt 0.937500 0.791667
vt 0.958333 0.791667
vt 0.979167 0.791667
vt 0.000000 0.750000
vt 0.020833 0.750000
vt 0.041667 0.750000
vt 0.062500 0.750000
vt 0.083333 0.750000
vt 0.104167 0.750000
vt 0.125000 0.750000
vt 0.145833 0.750000
vt 0.166667 0.750000
vt 0.187500 0.750000
vt 0.208333 0.750000
vt 0.229167 0.750000
vt 0.250000 0.750000
vt 0.270833 0.750000
vt 0.291667 0.750000
vt 0.312500 0.750000
vt 0.333333 0.750000
vt 0.354167 0.750000
vt 0.375000 0.750000
vt 0.395833 0.750000
vt 0.416667 0.750000
vt 0.437500 0.750000
vt 0.458333 0.750000
vt 0.479167 0.750000
vt 0.500000 0.750000
vt 0.520833 0.750000
vt 0.541667 0.750000
vt 0.562500 0.750000
vt 0.583333 0.750000
vt 0.604167 0.750000
vt 0.625000 0.750000
vt 0.645833 0.750000
vt 0.666667 0.750000
vt 0.687500 0.750000
vt 0.708333 0.750000
vt 0.729167 0.750000
vt 0.750000 0.750000
vt 0.770833 0.750000
vt 0.791667 0.750000
vt 0.812500 0.750000
vt 0.833333 0.750000
vt 0.854167 0.750000
vt 0.875000 0.750000
vt 0.895833 0.750000
vt 0.916667 0.750000
vt 0.937500 0.750000
vt 0.958333 0.750000
vt 0.979167 0.750000
vt 0.000000 0.708333
vt 0.020833 0.708333
vt 0.041667 0.708333
vt 0.062500 0.708333
vt 0.083333 0.708333
vt 0.104167 0.708333
vt 0.125000 0.708333
vt 0.145833 0.708333
vt 0.166667 0.708333
vt 0.187500 0.708333
vt 0.208333 0.708333
vt 0.229167 0.708333
vt 0.250000 0.708333
vt 0.270833 0.708333
vt 0.291667 0.708333
vt 0.312500 0.708333
vt 0.333333 0.708333
vt 0.354167 0.708333
vt 0.375000 0.708333
vt 0.395833 0.708333
vt 0.416667 0.708333
vt 0.437500 0.708333
vt 0.458333 0.708333
vt 0.479167 0.708333
vt 0.500000 0.708333
vt 0.520833 0.708333
vt 0.541667 0.708333
vt 0.562500 0.708333
vt 0.583333 0.708333
vt 0.604167 0.708333
vt 0.625000 0.708333
vt 0.645833 0.708333
vt 0.666667 0.708333
vt 0.687500 0.708333
vt 0.708333 0.708333
vt 0.729167 0.708333
vt 0.750000 0.708333
vt 0.770833 0.708333
vt 0.791667 0.708333
vt 0.812500 0.708333
vt 0.833333 0.708333
vt 0.854167 0.708333
vt 0.875000 0.708333
vt 0.895833 0.708333
vt 0.916667 0.708333
vt 0.937500 0.708333
vt 0.958333 0.708333
vt 0.979167 0.708333
vt 0.000000 0.666667
vt 0.020833 0.666667
vt 0.041667 0.666667
vt 0.062500 0.666667
vt 0.083333 0.666667
vt 0.104167 0.666667
vt 0.125000 0.666667
vt 0.145833 0.666667
vt 0.166667 0.666667
vt 0.187500 0.666667
vt 0.208333 0.666667
vt 0.229167 0.666667
vt 0.250000 0.666667
vt 0.270833 0.666667
vt 0.291667 0.666667
vt 0.312500 0.666667
vt 0.333333 0.666667
vt 0.354167 0.666667
vt 0.375000 0.666667
vt 0.395833 0.666667
vt 0.416667 0.666667
vt 0.437500 0.666667
vt 0.458333 0.666667
vt 0.479167 0.666667
vt 0.500000 0.666667
vt 0.520833 0.666667
vt 0.541667 0.666667
vt 0.562500 0.666667
vt 0.583333 0.666667
vt 0.604167 0.666667
vt 0.625000 0.666667
vt 0.645833 0.666667
vt 0.666667 0.666667
vt 0.687500 0.666667
vt 0.708333 0.666667
vt 0.729167 0.666667
vt 0.750000 0.666667
vt 0.770833 0.666667
vt 0.791667 0.666667
vt 0.812500 0.666667
vt 0.833333 0.666667
vt 0.854167 0.666667
vt 0.875000 0.666667
vt 0.895833 0.666667
vt 0.916667 0.666667
vt 0.937500 0.666667
vt 0.958333 0.666667
vt 0.979167 0.666667
vt 0.000000 0.625000
vt 0.020833 0.625000
vt 0.041667 0.625000
vt 0.062500 0.625000
vt 0.083333 0.625000
vt 0.104167 0.625000
vt 0.125000 0.625000
vt 0.145833 0.625000
vt 0.166667 0.625000
vt 0.187500 0.625000
vt 0.208333 0.625000
vt 0.229167 0.625000
vt 0.250000 0.625000
vt 0.270833 0.625000
vt 0.291667 0.625000
vt 0.312500 0.625000
vt 0.333333 0.625000
vt 0.354167 0.625000
vt 0.375000 0.625000
vt 0.395833 0.625000
vt 0.416667 0.625000
vt 0.437500 0.625000
vt 0.458333 0.625000
vt 0.479167 0.625000
vt 0.500000 0.625000
vt 0.520833 0.625000
vt 0.541667 0.625000
vt 0.562500 0.625000
vt 0.583333 0.625000
vt 0.604167 0.625000
vt 0.625000 0.625000
vt 0.645833 0.625000
vt 0.666667 0.625000
vt 0.687500 0.625000
vt 0.708333 0.625000
vt 0.729167 0.625000
vt 0.750000 0.625000
vt 0.770833 0.625000
vt 0.791667 0.625000
vt 0.812500 0.625000
vt 0.833333 0.625000
vt 0.854167 0.625000
vt 0.875000 0.625000
vt 0.895833 0.625000
vt 0.916667 0.625000
vt 0.937500 0.625000
vt 0.958333 0.625000
vt 0.979167 0.625000
vt 0.000000 0.583333
vt 0.020833 0.583333
vt 0.041667 0.583333
vt 0.062500 0.583333
vt 0.083333 0.583333
vt 0.104167 0.583333
vt 0.125000 0.583333
vt 0.145833 0.583333
vt 0.166667 0.583333
vt 0.187500 0.583333
vt 0.208333 0.583333
vt 0.229167 0.583333
vt 0.250000 0.583333
vt 0.270833 0.583333
vt 0.291667 0.583333
vt 0.312500 0.583333
vt 0.333333 0.583333
vt 0.354167 0.583333
vt 0.375000 0.583333
vt 0.395833 0.583333
vt 0.416667 0.583333
vt 0.437500 0.583333
vt 0.458333 0.583333
vt 0.479167 0.583333
vt 0.500000 0.583333
vt 0.520833 0.583333
vt 0.541667 0.583333
vt 0.562500 0.583333
vt 0.583333 0.583333
vt 0.604167 0.583333
vt 0.625000 0.583333
vt 0.645833 0.583333
vt 0.666667 0.583333
vt 0.687500 0.583333
vt 0.708333 0.583333
vt 0.729167 0.583333
vt 0.750000 0.583333
vt 0.770833 0.583333
vt 0.791667 0.583333
vt 0.812500 0.583333
vt 0.833333 0.583333
vt 0.854167 0.583333
vt 0.875000 0.583333
vt 0.895833 0.583333
vt 0.916667 0.583333
vt 0.937500 0.583333
vt 0.958333 0.583333
vt 0.979167 0.583333
vt 0.000000 0.541667
vt 0.020833 0.541667
vt 0.041667 0.541667
vt 0.062500 0.541667
vt 0.083333 0.541667
vt 0.104167 0.541667
vt 0.125000 0.541667
vt 0.145833 0.541667
vt 0.166667 0.541667
vt 0.187500 0.541667
vt 0.208333 0.541667
vt 0.229167 0.541667
vt 0.250000 0.541667
vt 0.270833 0.541667
vt 0.291667 0.541667
vt 0.312500 0.541667
vt 0.333333 0.541667
vt 0.354167 0.541667
vt 0.375000 0.541667
vt 0.395833 0.541667
vt 0.416667 0.541667
vt 0.437500 0.541667
vt 0.458333 0.541667
vt 0.479167 0.541667
vt 0.500000 0.541667
vt 0.520833 0.541667
vt 0.541667 0.541667
vt 0.562500 0.541667
vt 0.583333 0.541667
vt 0.604167 0.541667
vt 0.625000 0.541667
vt 0.645833 0.541667
vt 0.666667 0.541667
vt 0.687500 0.541667
vt 0.708333 0.541667
vt 0.729167 0.541667
vt 0.750000 0.541667
vt 0.770833 0.541667
vt 0.791667 0.541667
vt 0.812500 0.541667
vt 0.833333 0.541667
vt 0.854167 0.541667
vt 0.875000 0.541667
vt 0.895833 0.541667
vt 0.916667 0.541667
vt 0.937500 0.541667
vt 0.958333 0.541667
vt 0.979167 0.541667
vt 0.000000 0.500000
vt 0.020833 0.500000
vt 0.041667 0.500000
vt 0.062500 0.500000
vt 0.083333 0.500000
vt 0.104167 0.500000
vt 0.125000 0.500000
vt 0.145833 0.500000
vt 0.166667 0.500000
vt 0.187500 0.500000
vt 0.208333 0.500000
vt 0.229167 0.500000
vt 0.250000 0.500000
vt 0.270833 0.500000
vt 0.291667 0.500000
vt 0.312500 0.500000
vt 0.333333 0.500000
vt 0.354167 0.500000
vt 0.375000 0.500000
vt 0.395833 0.500000
vt 0.416667 0.500000
vt 0.437500 0.500000
vt 0.458333 0.500000
vt 0.479167 0.500000
vt 0.500000 0.500000
vt 0.520833 0.500000
vt 0.541667 0.500000
vt 0.562500 0.500000
vt 0.583333 0.500000
vt 0.604167 0.500000
vt 0.625000 0.500000
vt 0.645833 0.500000
vt 0.666667 0.500000
vt 0.687500 0.500000
vt 0.708333 0.500000
vt 0.729167 0.500000
vt 0.750000 0.500000
vt 0.770833 0.500000
vt 0.791667 0.500000
vt 0.812500 0.500000
vt 0.833333 0.500000
vt 0.854167 0.500000
vt 0.875000 0.500000
vt 0.895833 0.500000
vt 0.916667 0.500000
vt 0.937500 0.500000
vt 0.958333 0.500000
vt 0.979167 0.500000
vt 0.000000 0.458333
vt 0.020833 0.458333
vt 0.041667 0.458333
vt 0.062500 0.458333
vt 0.083333 0.458333
vt 0.104167 0.458333
vt 0.125000 0.458333
vt 0.145833 0.458333
vt 0.166667 0.458333
vt 0.187500 0.458333
vt 0.208333 0.458333
vt 0.229167 0.458333
vt 0.250000 0.458333
vt 0.270833 0.458333
vt 0.291667 0.458333
vt 0.312500 0.458333
vt 0.333333 0.458333
vt 0.354167 0.458333
vt 0.375000 0.458333
vt 0.395833 0.458333
vt 0.416667 0.458333
vt 0.437500 0.458333
vt 0.458333 0.458333
vt 0.479167 0.458333
vt 0.500000 0.458333
vt 0.520833 0.458333
vt 0.541667 0.458333
vt 0.562500 0.458333
vt 0.583333 0.458333
vt 0.604167 0.458333
vt 0.625000 0.458333
vt 0.645833 0.458333
vt 0.666667 0.458333
vt 0.687500 0.458333
vt 0.708333 0.458333
vt 0.729167 0.458333
vt 0.750000 0.458333
vt 0.770833 0.458333
vt 0.791667 0.458333
vt 0.812500 0.458333
vt 0.833333 0.458333
vt 0.854167 0.458333
vt 0.875000 0.458333
vt 0.895833 0.458333
vt 0.916667 0.458333
vt 0.937500 0.458333
vt 0.958333 0.458333
vt 0.979167 0.458333
vt 0.000000 0.416667
vt 0.020833 0.416667
vt 0.041667 0.416667
vt 0.062500 0.416667
vt 0.083333 0.416667
vt 0.104167 0.416667
vt 0.125000 0.416667
vt 0.145833 0.416667
vt 0.166667 0.416667
vt 0.187500 0.416667
vt 0.208333 0.416667
vt 0.229167 0.416667
vt 0.250000 0.416667
vt 0.270833 0.416667
vt 0.291667 0.416667
vt 0.312500 0.416667
vt 0.333333 0.416667
vt 0.354167 0.416667
vt 0.375000 0.416667
vt 0.395833 0.416667
vt 0.416667 0.416667
vt 0.437500 0.416667
vt 0.458333 0.416667
vt 0.479167 0.416667
vt 0.500000 0.416667
vt 0.520833 0.416667
vt 0.541667 0.416667
vt 0.562500 0.416667
vt 0.583333 0.416667
vt 0.604167 0.416667
vt 0.625000 0.416667
vt 0.645833 0.416667
vt 0.666667 0.416667
vt 0.687500 0.416667
vt 0.708333 0.416667
vt 0.729167 0.416667
vt 0.750000 0.416667
vt 0.770833 0.416667
vt 0.791667 0.416667
vt 0.812500 0.416667
vt 0.833333 0.416667
vt 0.854167 0.416667
vt 0.875000 0.416667
vt 0.895833 0.416667
vt 0.916667 0.416667
vt 0.937500 0.416667
vt 0.958333 0.416667
vt 0.979167 0.416667
vt 0.000000 0.375000
vt 0.020833 0.375000
vt 0.041667 0.375000
vt 0.062500 0.375000
vt 0.083333 0.375000
vt 0.104167 0.375000
vt 0.125000 0.375000
vt 0.145833 0.375000
vt 0.166667 0.375000
vt 0.187500 0.375000
vt 0.208333 0.375000
vt 0.229167 0.375000
vt 0.250000 0.375000
vt 0.270833 0.375000
vt 0.291667 0.375000
vt 0.312500 0.375000
vt 0.333333 0.375000
vt 0.354167 0.375000
vt 0.375000 0.375000
vt 0.395833 0.375000
vt 0.416667 0.375000
vt 0.437500 0.375000
vt 0.458333 0.375000
vt 0.479167 0.375000
vt 0.500000 0.375000
vt 0.520833 0.375000
vt 0.541667 0.375000
vt 0.562500 0.375000
vt 0.583333 0.375000
vt 0.604167 0.375000
vt 0.625000 0.375000
vt 0.645833 0.375000
vt 0.666667 0.375000
vt 0.687500 0.375000
vt 0.708333 0.375000
vt 0.729167 0.375000
vt 0.750000 0.375000
vt 0.770833 0.375000
vt 0.791667 0.375000
vt 0.812500 0.375000
vt 0.833333 0.375000
vt 0.854167 0.375000
vt 0.875000 0.375000
vt 0.895833 0.375000
vt 0.916667 0.375000
vt 0.937500 0.375000
vt 0.958333 0.375000
vt 0.979167 0.375000
vt 0.000000 0.333333
vt 0.020833 0.333333
vt 0.041667 0.333333
vt 0.062500 0.333333
vt 0.083333 0.333333
vt 0.104167 0.333333
vt 0.125000 0.333333
vt 0.145833 0.333333
vt 0.166667 0.333333
vt 0.187500 0.333333
vt 0.208333 0.333333
vt 0.229167 0.333333
vt 0.250000 0.333333
vt 0.270833 0.333333
vt 0.291667 0.333333
vt 0.312500 0.333333
vt 0.333333 0.333333
vt 0.354167 0.333333
vt 0.375000 0.333333
vt 0.395833 0.333333
vt 0.416667 0.333333
vt 0.437500 0.333333
vt 0.458333 0.333333
vt 0.479167 0.333333
vt 0.500000 0.333333
vt 0.520833 0.333333
vt 0.541667 0.333333
vt 0.562500 0.333333
vt 0.583333 0.333333
vt 0.604167 0.333333
vt 0.625000 0.333333
vt 0.645833 0.333333
vt 0.666667 0.333333
vt 0.687500 0.333333
vt 0.708333 0.333333
vt 0.729167 0.333333
vt 0.750000 0.333333
vt 0.770833 0.333333
vt 0.791667 0.333333
vt 0.812500 0.333333
vt 0.833333 0.333333
vt 0.854167 0.333333
vt 0.875000 0.333333
vt 0.895833 0.333333
vt 0.916667 0.333333
vt 0.937500 0.333333
vt 0.958333 0.333333
vt 0.979167 0.333333
vt 0.000000 0.291667
vt 0.020833 0.291667
vt 0.041667 0.291667
vt 0.062500 0.291667
vt 0.083333 0.291667
vt 0.104167 0.291667
vt 0.125000 0.291667
vt 0.145833 0.291667
vt 0.166667 0.291667
vt 0.187500 0.291667
vt 0.208333 0.291667
vt 0.229167 0.291667
vt 0.250000 0.291667
vt 0.270833 0.291667
vt 0.291667 0.291667
vt 0.312500 0.291667
vt 0.333333 0.291667
vt 0.354167 0.291667
vt 0.375000 0.291667
vt 0.395833 0.291667
vt 0.416667 0.291667
vt 0.437500 0.291667
vt 0.458333 0.291667
vt 0.479167 0.291667
vt 0.500000 0.291667
vt 0.520833 0.291667
vt 0.541667 0.291667
vt 0.562500 0.291667
vt 0.583333 0.291667
vt 0.604167 0.291667
vt 0.625000 0.291667
vt 0.645833 0.291667
vt 0.666667 0.291667
vt 0.687500 0.291667
vt 0.708333 0.291667
vt 0.729167 0.291667
vt 0.750000 0.291667
vt 0.770833 0.291667
vt 0.791667 0.291667
vt 0.812500 0.291667
vt 0.833333 0.291667
vt 0.854167 0.291667
vt 0.875000 0.291667
vt 0.895833 0.291667
vt 0.916667 0.291667
vt 0.937500 0.291667
vt 0.958333 0.291667
vt 0.979167 0.291667
vt 0.000000 0.250000
vt 0.020833 0.250000
vt 0.041667 0.250000
vt 0.062500 0.250000
vt 0.083333 0.250000
vt 0.104167 0.250000
vt 0.125000 0.250000
vt 0.145833 0.250000
vt 0.166667 0.250000
vt 0.187500 0.250000
vt 0.208333 0.250000
vt 0.229167 0.250000
vt 0.250000 0.250000
vt 0.270833 0.250000
vt 0.291667 0.250000
vt 0.312500 0.250000
vt 0.333333 0.250000
vt 0.354167 0.250000
vt 0.375000 0.250000
vt 0.395833 0.250000
vt 0.416667 0.250000
vt 0.437500 0.250000
vt 0.458333 0.250000
vt 0.479167 0.250000
vt 0.500000 0.250000
vt 0.520833 0.250000
vt 0.541667 0.250000
vt 0.562500 0.250000
vt 0.583333 0.250000
vt 0.604167 0.250000
vt 0.625000 0.250000
vt 0.645833 0.250000
vt 0.666667 0.250000
vt 0.687500 0.250000
vt 0.708333 0.250000
vt 0.729167 0.250000
vt 0.750000 0.250000
vt 0.770833 0.250000
vt 0.791667 0.250000
vt 0.812500 0.250000
vt 0.833333 0.250000
vt 0.854167 0.250000
vt 0.875000 0.250000
vt 0.895833 0.250000
vt 0.916667 0.250000
vt 0.937500 0.250000
vt 0.958333 0.250000
vt 0.979167 0.250000
vt 0.000000 0.208333
vt 0.020833 0.208333
vt 0.041667 0.208333
vt 0.062500 0.208333
vt 0.083333 0.208333
vt 0.104167 0.208333
vt 0.125000 0.208333
vt 0.145833 0.208333
vt 0.166667 0.208333
vt 0.187500 0.208333
vt 0.208333 0.208333
vt 0.229167 0.208333
vt 0.250000 0.208333
vt 0.270833 0.208333
vt 0.291667 0.208333
vt 0.312500 0.208333
vt 0.333333 0.208333
vt 0.354167 0.208333
vt 0.375000 0.208333
vt 0.395833 0.208333
vt 0.416667 0.208333
vt 0.437500 0.208333
vt 0.458333 0.208333
vt 0.479167 0.208333
vt 0.500000 0.208333
vt 0.520833 0.208333
vt 0.541667 0.208333
vt 0.562500 0.208333
vt 0.583333 0.208333
vt 0.604167 0.208333
vt 0.625000 0.208333
vt 0.645833 0.208333
vt 0.666667 0.208333
vt 0.687500 0.208333
vt 0.708333 0.208333
vt 0.729167 0.208333
vt 0.750000 0.208333
vt 0.770833 0.208333
vt 0.791667 0.208333
vt 0.812500 0.208333
vt 0.833333 0.208333
vt 0.854167 0.208333
vt 0.875000 0.208333
vt 0.895833 0.208333
vt 0.916667 0.208333
vt 0.937500 0.208333
vt 0.958333 0.208333
vt 0.979167 0.208333
vt 0.000000 0.166667
vt 0.020833 0.166667
vt 0.041667 0.166667
vt 0.062500 0.166667
vt 0.083333 0.166667
vt 0.104167 0.166667
vt 0.125000 0.166667
vt 0.145833 0.166667
vt 0.166667 0.166667
vt 0.187500 0.166667
vt 0.208333 0.166667
vt 0.229167 0.166667
vt 0.250000 0.166667
vt 0.270833 0.166667
vt 0.291667 0.166667
vt 0.312500 0.166667
vt 0.333333 0.166667
vt 0.354167 0.166667
vt 0.375000 0.166667
vt 0.395833 0.166667
vt 0.416667 0.166667
vt 0.437500 0.166667
vt 0.458333 0.166667
vt 0.479167 0.166667
vt 0.500000 0.166667
vt 0.520833 0.166667
vt 0.541667 0.166667
vt 0.562500 0.166667
vt 0.583333 0.166667
vt 0.604167 0.166667
vt 0.625000 0.166667
vt 0.645833 0.166667
vt 0.666667 0.166667
vt 0.687500 0.166667
vt 0.708333 0.166667
vt 0.729167 0.166667
vt 0.750000 0.166667
vt 0.770833 0.166667
vt 0.791667 0.166667
vt 0.812500 0.166667
vt 0.833333 0.166667
vt 0.854167 0.166667
vt 0.875000 0.166667
vt 0.895833 0.166667
vt 0.916667 0.166667
vt 0.937500 0.166667
vt 0.958333 0.166667
vt 0.979167 0.166667
vt 0.000000 0.125000
vt 0.020833 0.125000
vt 0.041667 0.125000
vt 0.062500 0.125000
vt 0.083333 0.125000
vt 0.104167 0.125000
vt 0.125000 0.125000
vt 0.145833 0.125000
vt 0.166667 0.125000
vt 0.187500 0.125000
vt 0.208333 0.125000
vt 0.229167 0.125000
vt 0.250000 0.125000
vt 0.270833 0.125000
vt 0.291667 0.125000
vt 0.312500 0.125000
vt 0.333333 0.125000
vt 0.354167 0.125000
vt 0.375000 0.125000
vt 0.395833 0.125000
vt 0.416667 0.125000
vt 0.437500 0.125000
vt 0.458333 0.125000
vt 0.479167 0.125000
vt 0.500000 0.125000
vt 0.520833 0.125000
vt 0.541667 0.125000
vt 0.562500 0.125000
vt 0.583333 0.125000
vt 0.604167 0.125000
vt 0.625000 0.125000
vt 0.645833 0.125000
vt 0.666667 0.125000
vt 0.687500 0.125000
vt 0.708333 0.125000
vt 0.729167 0.125000
vt 0.750000 0.125000
vt 0.770833 0.125000
vt 0.791667 0.125000
vt 0.812500 0.125000
vt 0.833333 0.125000
vt 0.854167 0.125000
vt 0.875000 0.125000
vt 0.895833 0.125000
vt 0.916667 0.125000
vt 0.937500 0.125000
vt 0.958333 0.125000
vt 0.979167 0.125000
vt 0.000000 0.083333
vt 0.020833 0.083333
vt 0.041667 0.083333
vt 0.062500 0.083333
vt 0.083333 0.083333
vt 0.104167 0.083333
vt 0.125000 0.083333
vt 0.145833 0.083333
vt 0.166667 0.083333
vt 0.187500 0.083333
vt 0.208333 0.083333
vt 0.229167 0.083333
vt 0.250000 0.083333
vt 0.270833 0.083333
vt 0.291667 0.083333
vt 0.312500 0.083333
vt 0.333333 0.083333
vt 0.354167 0.083333
vt 0.375000 0.083333
vt 0.395833 0.083333
vt 0.416667 0.083333
vt 0.437500 0.083333
vt 0.458333 0.083333
vt 0.479167 0.083333
vt 0.500000 0.083333
vt 0.520833 0.083333
vt 0.541667 0.083333
vt 0.562500 0.083333
vt 0.583333 0.083333
vt 0.604167 0.083333
vt 0.625000 0.083333
vt 0.645833 0.083333
vt 0.666667 0.083333
vt 0.687500 0.083333
vt 0.708333 0.083333
vt 0.729167 0.083333
vt 0.750000 0.083333
vt 0.770833 0.083333
vt 0.791667 0.083333
vt 0.812500 0.083333
vt 0.833333 0.083333
vt 0.854167 0.083333
vt 0.875000 0.083333
vt 0.895833 0.083333
vt 0.916667 0.083333
vt 0.937500 0.083333
vt 0.958333 0.083333
vt 0.979167 0.083333
vt 0.000000 0.041667
vt 0.020833 0.041667
vt 0.041667 0.041667
vt 0.062500 0.041667
vt 0.083333 0.041667
vt 0.104167 0.041667
vt 0.125000 0.041667
vt 0.145833 0.041667
vt 0.166667 0.041667
vt 0.187500 0.041667
vt 0.208333 0.041667
vt 0.229167 0.041667
vt 0.250000 0.041667
vt 0.270833 0.041667
vt 0.291667 0.041667
vt 0.312500 0.041667
vt 0.333333 0.041667
vt 0.354167 0.041667
vt 0.375000 0.041667
vt 0.395833 0.041667
vt 0.416667 0.041667
vt 0.437500 0.041667
vt 0.458333 0.041667
vt 0.479167 0.041667
vt 0.500000 0.041667
vt 0.520833 0.041667
vt 0.541667 0.041667
vt 0.562500 0.041667
vt 0.583333 0.041667
vt 0.604167 0.041667
vt 0.625000 0.041667
vt 0.645833 0.041667
vt 0.666667 0.041667
vt 0.687500 0.041667
vt 0.708333 0.041667
vt 0.729167 0.041667
vt 0.750000 0.041667
vt 0.770833 0.041667
vt 0.791667 0.041667
vt 0.812500 0.041667
vt 0.833333 0.041667
vt 0.854167 0.041667
vt 0.875000 0.041667
vt 0.895833 0.041667
vt 0.916667 0.041667
vt 0.937500 0.041667
vt 0.958333 0.041667
vt 0.979167 0.041667
vt 0.500000 0.000000
vt 0.500000 1.000000
vt 0.000000 0.958333
vt 0.020833 0.958333
vt 0.041667 0.958333
vt 0.062500 0.958333
vt 0.083333 0.958333
vt 0.104167 0.958333
vt 0.125000 0.958333
vt 0.145833 0.958333
vt 0.166667 0.958333
vt 0.187500 0.958333
vt 0.208333 0.958333
vt 0.229167 0.958333
vt 0.250000 0.958333
vt 0.270833 0.958333
vt 0.291667 0.958333
vt 0.312500 0.958333
vt 0.333333 0.958333
vt 0.354167 0.958333
vt 0.375000 0.958333
vt 0.395833 0.958333
vt 0.416667 0.958333
vt 0.437500 0.958333
vt 0.458333 0.958333
vt 0.479167 0.958333
vt 0.500000 0.958333
vt 0.520833 0.958333
vt 0.541667 0.958333
vt 0.562500 0.958333
vt 0.583333 0.958333
vt 0.604167 0.958333
vt 0.625000 0.958333
vt 0.645833 0.958333
vt 0.666667 0.958333
vt 0.687500 0.958333
vt 0.708333 0.958333
vt 0.729167 0.958333
vt 0.750000 0.958333
vt 0.770833 0.958333
vt 0.791667 0.958333
vt 0.812500 0.958333
vt 0.833333 0.958333
vt 0.854167 0.958333
vt 0.875000 0.958333
vt 0.895833 0.958333
vt 0.916667 0.958333
vt 0.937500 0.958333
vt 0.958333 0.958333
vt 0.979167 0.958333
vt 0.000000 0.916667
vt 0.020833 0.916667
vt 0.041667 0.916667
vt 0.062500 0.916667
vt 0.083333 0.916667
vt 0.104167 0.916667
vt 0.125000 0.916667
vt 0.145833 0.916667
vt 0.166667 0.916667
vt 0.187500 0.916667
vt 0.208333 0.916667
vt 0.229167 0.916667
vt 0.250000 0.916667
vt 0.270833 0.916667
vt 0.291667 0.916667
vt 0.312500 0.916667
vt 0.333333 0.916667
vt 0.354167 0.916667
vt 0.375000 0.916667
vt 0.395833 0.916667
vt 0.416667 0.916667
vt 0.437500 0.916667
vt 0.458333 0.916667
vt 0.479167 0.916667
vt 0.500000 0.916667
vt 0.520833 0.916667
vt 0.541667 0.916667
vt 0.562500 0.916667
vt 0.583333 0.916667
vt 0.604167 0.916667
vt 0.625000 0.916667
vt 0.645833 0.916667
vt 0.666667 0.916667
vt 0.687500 0.916667
vt 0.708333 0.916667
vt 0.729167 0.916667
vt 0.750000 0.916667
vt 0.770833 0.916667
vt 0.791667 0.916667
vt 0.812500 0.916667
vt 0.833333 0.916667
vt 0.854167 0.916667
vt 0.875000 0.916667
vt 0.895833 0.916667
vt 0.916667 0.916667
vt 0.937500 0.916667
vt 0.958333 0.916667
vt 0.979167 0.916667
vt 0.000000 0.875000
vt 0.020833 0.875000
vt 0.041667 0.875000
vt 0.062500 0.875000
vt 0.083333 0.875000
vt 0.104167 0.875000
vt 0.125000 0.875000
vt 0.145833 0.875000
vt 0.166667 0.875000
vt 0.187500 0.875000
vt 0.208333 0.875000
vt 0.229167 0.875000
vt 0.250000 0.875000
vt 0.270833 0.875000
vt 0.291667 0.875000
vt 0.312500 0.875000
vt 0.333333 0.875000
vt 0.354167 0.875000
vt 0.375000 0.875000
vt 0.395833 0.875000
vt 0.416667 0.875000
vt 0.437500 0.875000
vt 0.458333 0.875000
vt 0.479167 0.875000
vt 0.500000 0.875000
vt 0.520833 0.875000
vt 0.541667 0.875000
vt 0.562500 0.875000
vt 0.583333 0.875000
vt 0.604167 0.875000
vt 0.625000 0.875000
vt 0.645833 0.875000
vt 0.666667 0.875000
vt 0.687500 0.875000
vt 0.708333 0.875000
vt 0.729167 0.875000
vt 0.750000 0.875000
vt 0.770833 0.875000
vt 0.791667 0.875000
vt 0.812500 0.875000
vt 0.833333 0.875000
vt 0.854167 0.875000
vt 0.875000 0.875000
vt 0.895833 0.875000
vt 0.916667 0.875000
vt 0.937500 0.875000
vt 0.958333 0.875000
vt 0.979167 0.875000
vt 0.000000 0.833333
vt 0.020833 0.833333
vt 0.041667 0.833333
vt 0.062500 0.833333
vt 0.083333 0.833333
vt 0.104167 0.833333
vt 0.125000 0.833333
vt 0.145833 0.833333
vt 0.166667 0.833333
vt 0.187500 0.833333
vt 0.208333 0.833333
vt 0.229167 0.833333
vt 0.250000 0.833333
vt 0.270833 0.833333
vt 0.291667 0.833333
vt 0.312500 0.833333
vt 0.333333 0.833333
vt 0.354167 0.833333
vt 0.375000 0.833333
vt 0.395833 0.833333
vt 0.416667 0.833333
vt 0.437500 0.833333
vt 0.458333 0.833333
vt 0.479167 0.833333
vt 0.500000 0.833333
vt 0.520833 0.833333
vt 0.541667 0.833333
vt 0.562500 0.833333
vt 0.583333 0.833333
vt 0.604167 0.833333
vt 0.625000 0.833333
vt 0.645833 0.833333
vt 0.666667 0.833333
vt 0.687500 0.833333
vt 0.708333 0.833333
vt 0.729167 0.833333
vt 0.750000 0.833333
vt 0.770833 0.833333
vt 0.791667 0.833333
vt 0.812500 0.833333
vt 0.833333 0.833333
vt 0.854167 0.833333
vt 0.875000 0.833333
vt 0.895833 0.833333
vt 0.916667 0.833333
vt 0.937500 0.833333
vt 0.958333 0.833333
vt 0.979167 0.833333
vt 0.000000 0.791667
vt 0.020833 0.791667
vt 0.041667 0.791667
vt 0.062500 0.791667
vt 0.083333 0.791667
vt 0.104167 0.791667
vt 0.125000 0.791667
vt 0.145833 0.791667
vt 0.166667 0.791667
vt 0.187500 0.791667
vt 0.208333 0.791667
vt 0.229167 0.791667
vt 0.250000 0.791667
vt 0.270833 0.791667
vt 0.291667 0.791667
vt 0.312500 0.791667
vt 0.333333 0.791667
vt 0.354167 0.791667
vt 0.375000 0.791667
vt 0.395833 0.791667
vt 0.416667 0.791667
vt 0.437500 0.791667
vt 0.458333 0.791667
vt 0.479167 0.791667
vt 0.500000 0.791667
vt 0.520833 0.791667
vt 0.541667 0.791667
vt 0.562500 0.791667
vt 0.583333 0.791667
vt 0.604167 0.791667
vt 0.625000 0.791667
vt 0.645833 0.791667
vt 0.666667 0.791667
vt 0.687500 0.791667
vt 0.708333 0.791667
vt 0.729167 0.791667
vt 0.750000 0.791667
vt 0.770833 0.791667
vt 0.791667 0.791667
vt 0.812500 0.791667
vt 0.833333 0.791667
vt 0.854167 0.791667
vt 0.875000 0.791667
vt 0.895833 0.791667
vt 0.916667 0.791667
vt 0.937500 0.791667
vt 0.958333 0.791667
vt 0.979167 0.791667
vt 0.000000 0.750000
vt 0.020833 0.750000
vt 0.041667 0.750000
vt 0.062500 0.750000
vt 0.083333 0.750000
vt 0.104167 0.750000
vt 0.125000 0.750000
vt 0.145833 0.750000
vt 0.166667 0.750000
vt 0.187500 0.750000
vt 0.208333 0.750000
vt 0.229167 0.750000
vt 0.250000 0.750000
vt 0.270833 0.750000
vt 0.291667 0.750000
vt 0.312500 0.750000
vt 0.333333 0.750000
vt 0.354167 0.750000
vt 0.375000 0.750000
vt 0.395833 0.750000
vt 0.416667 0.750000
vt 0.437500 0.750000
vt 0.458333 0.750000
vt 0.479167 0.750000
vt 0.500000 0.750000
vt 0.520833 0.750000
vt 0.541667 0.750000
vt 0.562500 0.750000
vt 0.583333 0.750000
vt 0.604167 0.750000
vt 0.625000 0.750000
vt 0.645833 0.750000
vt 0.666667 0.750000
vt 0.687500 0.750000
vt 0.708333 0.750000
vt 0.729167 0.750000
vt 0.750000 0.750000
vt 0.770833 0.750000
vt 0.791667 0.750000
vt 0.812500 0.750000
vt 0.833333 0.750000
vt 0.854167 0.750000
vt 0.875000 0.750000
vt 0.895833 0.750000
vt 0.916667 0.750000
vt 0.937500 0.750000
vt 0.958333 0.750000
vt 0.979167 0.750000
vt 0.000000 0.708333
vt 0.020833 0.708333
vt 0.041667 0.708333
vt 0.062500 0.708333
vt 0.083333 0.708333
vt 0.104167 0.708333
vt 0.125000 0.708333
vt 0.145833 0.708333
vt 0.166667 0.708333
vt 0.187500 0.708333
vt 0.208333 0.708333
vt 0.229167 0.708333
vt 0.250000 0.708333
vt 0.270833 0.708333
vt 0.291667 0.708333
vt 0.312500 0.708333
vt 0.333333 0.708333
vt 0.354167 0.708333
vt 0.375000 0.708333
vt 0.395833 0.708333
vt 0.416667 0.708333
vt 0.437500 0.708333
vt 0.458333 0.708333
vt 0.479167 0.708333
vt 0.500000 0.708333
vt 0.520833 0.708333
vt 0.541667 0.708333
vt 0.562500 0.708333
vt 0.583333 0.708333
vt 0.604167 0.708333
vt 0.625000 0.708333
vt 0.645833 0.708333
vt 0.666667 0.708333
vt 0.687500 0.708333
vt 0.708333 0.708333
vt 0.729167 0.708333
vt 0.750000 0.708333
vt 0.770833 0.708333
vt 0.791667 0.708333
vt 0.812500 0.708333
vt 0.833333 0.708333
vt 0.854167 0.708333
vt 0.875000 0.708333
vt 0.895833 0.708333
vt 0.916667 0.708333
vt 0.937500 0.708333
vt 0.958333 0.708333
vt 0.979167 0.708333
vt 0.000000 0.666667
vt 0.020833 0.666667
vt 0.041667 0.666667
vt 0.062500 0.666667
vt 0.083333 0.666667
vt 0.104167 0.666667
vt 0.125000 0.666667
vt 0.145833 0.666667
vt 0.166667 0.666667
vt 0.187500 0.666667
vt 0.208333 0.666667
vt 0.229167 0.666667
vt 0.250000 0.666667
vt 0.270833 0.666667
vt 0.291667 0.666667
vt 0.312500 0.666667
vt 0.333333 0.666667
vt 0.354167 0.666667
vt 0.375000 0.666667
vt 0.395833 0.666667
vt 0.416667 0.666667
vt 0.437500 0.666667
vt 0.458333 0.666667
vt 0.479167 0.666667
vt 0.500000 0.666667
vt 0.520833 0.666667
vt 0.541667 0.666667
vt 0.562500 0.666667
vt 0.583333 0.666667
vt 0.604167 0.666667
vt 0.625000 0.666667
vt 0.645833 0.666667
vt 0.666667 0.666667
vt 0.687500 0.666667
vt 0.708333 0.666667
vt 0.729167 0.666667
vt 0.750000 0.666667
vt 0.770833 0.666667
vt 0.791667 0.666667
vt 0.812500 0.666667
vt 0.833333 0.666667
vt 0.854167 0.666667
vt 0.875000 0.666667
vt 0.895833 0.666667
vt 0.916667 0.666667
vt 0.937500 0.666667
vt 0.958333 0.666667
vt 0.979167 0.666667
vt 0.000000 0.625000
vt 0.020833 0.625000
vt 0.041667 0.625000
vt 0.062500 0.625000
vt 0.083333 0.625000
vt 0.104167 0.625000
vt 0.125000 0.625000
vt 0.145833 0.625000
vt 0.166667 0.625000
vt 0.187500 0.625000
vt 0.208333 0.625000
vt 0.229167 0.625000
vt 0.250000 0.625000
vt 0.270833 0.625000
vt 0.291667 0.625000
vt 0.312500 0.625000
vt 0.333333 0.625000
vt 0.354167 0.625000
vt 0.375000 0.625000
vt 0.395833 0.625000
vt 0.416667 0.625000
vt 0.437500 0.625000
vt 0.458333 0.625000
vt 0.479167 0.625000
vt 0.500000 0.625000
vt 0.520833 0.625000
vt 0.541667 0.625000
vt 0.562500 0.625000
vt 0.583333 0.625000
vt 0.604167 0.625000
vt 0.625000 0.625000
vt 0.645833 0.625000
vt 0.666667 0.625000
vt 0.687500 0.625000
vt 0.708333 0.625000
vt 0.729167 0.625000
vt 0.750000 0.625000
vt 0.770833 0.625000
vt 0.791667 0.625000
vt 0.812500 0.625000
vt 0.833333 0.625000
vt 0.854167 0.625000
vt 0.875000 0.625000
vt 0.895833 0.625000
vt 0.916667 0.625000
vt 0.937500 0.625000
vt 0.958333 0.625000
vt 0.979167 0.625000
vt 0.000000 0.583333
vt 0.020833 0.583333
vt 0.041667 0.583333
vt 0.062500 0.583333
vt 0.083333 0.583333
vt 0.104167 0.583333
vt 0.125000 0.583333
vt 0.145833 0.583333
vt 0.166667 0.583333
vt 0.187500 0.583333
vt 0.208333 0.583333
vt 0.229167 0.583333
vt 0.250000 0.583333
vt 0.270833 0.583333
vt 0.291667 0.583333
vt 0.312500 0.583333
vt 0.333333 0.583333
vt 0.354167 0.583333
vt 0.375000 0.583333
vt 0.395833 0.583333
vt 0.416667 0.583333
vt 0.437500 0.583333
vt 0.458333 0.583333
vt 0.479167 0.583333
vt 0.500000 0.583333
vt 0.520833 0.583333
vt 0.541667 0.583333
vt 0.562500 0.583333
vt 0.583333 0.583333
vt 0.604167 0.583333
vt 0.625000 0.583333
vt 0.645833 0.583333
vt 0.666667 0.583333
vt 0.687500 0.583333
vt 0.708333 0.583333
vt 0.729167 0.583333
vt 0.750000 0.583333
vt 0.770833 0.583333
vt 0.791667 0.583333
vt 0.812500 0.583333
vt 0.833333 0.583333
vt 0.854167 0.583333
vt 0.875000 0.583333
vt 0.895833 0.583333
vt 0.916667 0.583333
vt 0.937500 0.583333
vt 0.958333 0.583333
vt 0.979167 0.583333
vt 0.000000 0.541667
vt 0.020833 0.541667
vt 0.041667 0.541667
vt 0.062500 0.541667
vt 0.083333 0.541667
vt 0.104167 0.541667
vt 0.125000 0.541667
vt 0.145833 0.541667
vt 0.166667 0.541667
vt 0.187500 0.541667
vt 0.208333 0.541667
vt 0.229167 0.541667
vt 0.250000 0.541667
vt 0.270833 0.541667
vt 0.291667 0.541667
vt 0.312500 0.541667
vt 0.333333 0.541667
vt 0.354167 0.541667
vt 0.375000 0.541667
vt 0.395833 0.541667
vt 0.416667 0.541667
vt 0.437500 0.541667
vt 0.458333 0.541667
vt 0.479167 0.541667
vt 0.500000 0.541667
vt 0.520833 0.541667
vt 0.541667 0.541667
vt 0.562500 0.541667
vt 0.583333 0.541667
vt 0.604167 0.541667
vt 0.625000 0.541667
vt 0.645833 0.541667
vt 0.666667 0.541667
vt 0.687500 0.541667
vt 0.708333 0.541667
vt 0.729167 0.541667
vt 0.750000 0.541667
vt 0.770833 0.541667
vt 0.791667 0.541667
vt 0.812500 0.541667
vt 0.833333 0.541667
vt 0.854167 0.541667
vt 0.875000 0.541667
vt 0.895833 0.541667
vt 0.916667 0.541667
vt 0.937500 0.541667
vt 0.958333 0.541667
vt 0.979167 0.541667
vt 0.000000 0.500000
vt 0.020833 0.500000
vt 0.041667 0.500000
vt 0.062500 0.500000
vt 0.083333 0.500000
vt 0.104167 0.500000
vt 0.125000 0.500000
vt 0.145833 0.500000
vt 0.166667 0.500000
vt 0.187500 0.500000
vt 0.208333 0.500000
vt 0.229167 0.500000
vt 0.250000 0.500000
vt 0.270833 0.500000
vt 0.291667 0.500000
vt 0.312500 0.500000
vt 0.333333 0.500000
vt 0.354167 0.500000
vt 0.375000 0.500000
vt 0.395833 0.500000
vt 0.416667 0.500000
vt 0.437500 0.500000
vt 0.458333 0.500000
vt 0.479167 0.500000
vt 0.500000 0.500000
vt 0.520833 0.500000
vt 0.541667 0.500000
vt 0.562500 0.500000
vt 0.583333 0.500000
vt 0.604167 0.500000
vt 0.625000 0.500000
vt 0.645833 0.500000
vt 0.666667 0.500000
vt 0.687500 0.500000
vt 0.708333 0.500000
vt 0.729167 0.500000
vt 0.750000 0.500000
vt 0.770833 0.500000
vt 0.791667 0.500000
vt 0.812500 0.500000
vt 0.833333 0.500000
vt 0.854167 0.500000
vt 0.875000 0.500000
vt 0.895833 0.500000
vt 0.916667 0.500000
vt 0.937500 0.500000
vt 0.958333 0.500000
vt 0.979167 0.500000
vt 0.000000 0.458333
vt 0.020833 0.458333
vt 0.041667 0.458333
vt 0.062500 0.458333
vt 0.083333 0.458333
vt 0.104167 0.458333
vt 0.125000 0.458333
vt 0.145833 0.458333
vt 0.166667 0.458333
vt 0.187500 0.458333
vt 0.208333 0.458333
vt 0.229167 0.458333
vt 0.250000 0.458333
vt 0.270833 0.458333
vt 0.291667 0.458333
vt 0.312500 0.458333
vt 0.333333 0.458333
vt 0.354167 0.458333
vt 0.375000 0.458333
vt 0.395833 0.458333
vt 0.416667 0.458333
vt 0.437500 0.458333
vt 0.458333 0.458333
vt 0.479167 0.458333
vt 0.500000 0.458333
vt 0.520833 0.458333
vt 0.541667 0.458333
vt 0.562500 0.458333
vt 0.583333 0.458333
vt 0.604167 0.458333
vt 0.625000 0.458333
vt 0.645833 0.458333
vt 0.666667 0.458333
vt 0.687500 0.458333
vt 0.708333 0.458333
vt 0.729167 0.458333
vt 0.750000 0.458333
vt 0.770833 0.458333
vt 0.791667 0.458333
vt 0.812500 0.458333
vt 0.833333 0.458333
vt 0.854167 0.458333
vt 0.875000 0.458333
vt 0.895833 0.458333
vt 0.916667 0.458333
vt 0.937500 0.458333
vt 0.958333 0.458333
vt 0.979167 0.458333
vt 0.000000 0.416667
vt 0.020833 0.416667
vt 0.041667 0.416667
vt 0.062500 0.416667
vt 0.083333 0.416667
vt 0.104167 0.416667
vt 0.125000 0.416667
vt 0.145833 0.416667
vt 0.166667 0.416667
vt 0.187500 0.416667
vt 0.208333 0.416667
vt 0.229167 0.416667
vt 0.250000 0.416667
vt 0.270833 0.416667
vt 0.291667 0.416667
vt 0.312500 0.416667
vt 0.333333 0.416667
vt 0.354167 0.416667
vt 0.375000 0.416667
vt 0.395833 0.416667
vt 0.416667 0.416667
vt 0.437500 0.416667
vt 0.458333 0.416667
vt 0.479167 0.416667
vt 0.500000 0.416667
vt 0.520833 0.416667
vt 0.541667 0.416667
vt 0.562500 0.416667
vt 0.583333 0.416667
vt 0.604167 0.416667
vt 0.625000 0.416667
vt 0.645833 0.416667
vt 0.666667 0.416667
vt 0.687500 0.416667
vt 0.708333 0.416667
vt 0.729167 0.416667
vt 0.750000 0.416667
vt 0.770833 0.416667
vt 0.791667 0.416667
vt 0.812500 0.416667
vt 0.833333 0.416667
vt 0.854167 0.416667
vt 0.875000 0.416667
vt 0.895833 0.416667
vt 0.916667 0.416667
vt 0.937500 0.416667
vt 0.958333 0.416667
vt 0.979167 0.416667
vt 0.000000 0.375000
vt 0.020833 0.375000
vt 0.041667 0.375000
vt 0.062500 0.375000
vt 0.083333 0.375000
vt 0.104167 0.375000
vt 0.125000 0.375000
vt 0.145833 0.375000
vt 0.166667 0.375000
vt 0.187500 0.375000
vt 0.208333 0.375000
vt 0.229167 0.375000
vt 0.250000 0.375000
vt 0.270833 0.375000
vt 0.291667 0.375000
vt 0.312500 0.375000
vt 0.333333 0.375000
vt 0.354167 0.375000
vt 0.375000 0.375000
vt 0.395833 0.375000
vt 0.416667 0.375000
vt 0.437500 0.375000
vt 0.458333 0.375000
vt 0.479167 0.375000
vt 0.500000 0.375000
vt 0.520833 0.375000
vt 0.541667 0.375000
vt 0.562500 0.375000
vt 0.583333 0.375000
vt 0.604167 0.375000
vt 0.625000 0.375000
vt 0.645833 0.375000
vt 0.666667 0.375000
vt 0.687500 0.375000
vt 0.708333 0.375000
vt 0.729167 0.375000
vt 0.750000 0.375000
vt 0.770833 0.375000
vt 0.791667 0.375000
vt 0.812500 0.375000
vt 0.833333 0.375000
vt 0.854167 0.375000
vt 0.875000 0.375000
vt 0.895833 0.375000
vt 0.916667 0.375000
vt 0.937500 0.375000
vt 0.958333 0.375000
vt 0.979167 0.375000
vt 0.000000 0.333333
vt 0.020833 0.333333
vt 0.041667 0.333333
vt 0.062500 0.333333
vt 0.083333 0.333333
vt 0.104167 0.333333
vt 0.125000 0.333333
vt 0.145833 0.333333
vt 0.166667 0.333333
vt 0.187500 0.333333
vt 0.208333 0.333333
vt 0.229167 0.333333
vt 0.250000 0.333333
vt 0.270833 0.333333
vt 0.291667 0.333333
vt 0.312500 0.333333
vt 0.333333 0.333333
vt 0.354167 0.333333
vt 0.375000 0.333333
vt 0.395833 0.333333
vt 0.416667 0.333333
vt 0.437500 0.333333
vt 0.458333 0.333333
vt 0.479167 0.333333
vt 0.500000 0.333333
vt 0.520833 0.333333
vt 0.541667 0.333333
vt 0.562500 0.333333
vt 0.583333 0.333333
vt 0.604167 0.333333
vt 0.625000 0.333333
vt 0.645833 0.333333
vt 0.666667 0.333333
vt 0.687500 0.333333
vt 0.708333 0.333333
vt 0.729167 0.333333
vt 0.750000 0.333333
vt 0.770833 0.333333
vt 0.791667 0.333333
vt 0.812500 0.333333
vt 0.833333 0.333333
vt 0.854167 0.333333
vt 0.875000 0.333333
vt 0.895833 0.333333
vt 0.916667 0.333333
vt 0.937500 0.333333
vt 0.958333 0.333333
vt 0.979167 0.333333
vt 0.000000 0.291667
vt 0.020833 0.291667
vt 0.041667 0.291667
vt 0.062500 0.291667
vt 0.083333 0.291667
vt 0.104167 0.291667
vt 0.125000 0.291667
vt 0.145833 0.291667
vt 0.166667 0.291667
vt 0.187500 0.291667
vt 0.208333 0.291667
vt 0.229167 0.291667
vt 0.250000 0.291667
vt 0.270833 0.291667
vt 0.291667 0.291667
vt 0.312500 0.291667
vt 0.333333 0.291667
vt 0.354167 0.291667
vt 0.375000 0.291667
vt 0.395833 0.291667
vt 0.416667 0.291667
vt 0.437500 0.291667
vt 0.458333 0.291667
vt 0.479167 0.291667
vt 0.500000 0.291667
vt 0.520833 0.291667
vt 0.541667 0.291667
vt 0.562500 0.291667
vt 0.583333 0.291667
vt 0.604167 0.291667
vt 0.625000 0.291667
vt 0.645833 0.291667
vt 0.666667 0.291667
vt 0.687500 0.291667
vt 0.708333 0.291667
vt 0.729167 0.291667
vt 0.750000 0.291667
vt 0.770833 0.291667
vt 0.791667 0.291667
vt 0.812500 0.291667
vt 0.833333 0.291667
vt 0.854167 0.291667
vt 0.875000 0.291667
vt 0.895833 0.291667
vt 0.916667 0.291667
vt 0.937500 0.291667
vt 0.958333 0.291667
vt 0.979167 0.291667
vt 0.000000 0.250000
vt 0.020833 0.250000
vt 0.041667 0.250000
vt 0.062500 0.250000
vt 0.083333 0.250000
vt 0.104167 0.250000
vt 0.125000 0.250000
vt 0.145833 0.250000
vt 0.166667 0.250000
vt 0.187500 0.250000
vt 0.208333 0.250000
vt 0.229167 0.250000
vt 0.250000 0.250000
vt 0.270833 0.250000
vt 0.291667 0.250000
vt 0.312500 0.250000
vt 0.333333 0.250000
vt 0.354167 0.250000
vt 0.375000 0.250000
vt 0.395833 0.250000
vt 0.416667 0.250000
vt 0.437500 0.250000
vt 0.458333 0.250000
vt 0.479167 0.250000
vt 0.500000 0.250000
vt 0.520833 0.250000
vt 0.541667 0.250000
vt 0.562500 0.250000
vt 0.583333 0.250000
vt 0.604167 0.250000
vt 0.625000 0.250000
vt 0.645833 0.250000
vt 0.666667 0.250000
vt 0.687500 0.250000
vt 0.708333 0.250000
vt 0.729167 0.250000
vt 0.750000 0.250000
vt 0.770833 0.250000
vt 0.791667 0.250000
vt 0.812500 0.250000
vt 0.833333 0.250000
vt 0.854167 0.250000
vt 0.875000 0.250000
vt 0.895833 0.250000
vt 0.916667 0.250000
vt 0.937500 0.250000
vt 0.958333 0.250000
vt 0.979167 0.250000
vt 0.000000 0.208333
vt 0.020833 0.208333
vt 0.041667 0.208333
vt 0.062500 0.208333
vt 0.083333 0.208333
vt 0.104167 0.208333
vt 0.125000 0.208333
vt 0.145833 0.208333
vt 0.166667 0.208333
vt 0.187500 0.208333
vt 0.208333 0.208333
vt 0.229167 0.208333
vt 0.250000 0.208333
vt 0.270833 0.208333
vt 0.291667 0.208333
vt 0.312500 0.208333
vt 0.333333 0.208333
vt 0.354167 0.208333
vt 0.375000 0.208333
vt 0.395833 0.208333
vt 0.416667 0.208333
vt 0.437500 0.208333
vt 0.458333 0.208333
vt 0.479167 0.208333
vt 0.500000 0.208333
vt 0.520833 0.208333
vt 0.541667 0.208333
vt 0.562500 0.208333
vt 0.583333 0.208333
vt 0.604167 0.208333
vt 0.625000 0.208333
vt 0.645833 0.208333
vt 0.666667 0.208333
vt 0.687500 0.208333
vt 0.708333 0.208333
vt 0.729167 0.208333
vt 0.750000 0.208333
vt 0.770833 0.208333
vt 0.791667 0.208333
vt 0.812500 0.208333
vt 0.833333 0.208333
vt 0.854167 0.208333
vt 0.875000 0.208333
vt 0.895833 0.208333
vt 0.916667 0.208333
vt 0.937500 0.208333
vt 0.958333 0.208333
vt 0.979167 0.208333
vt 0.000000 0.166667
vt 0.020833 0.166667
vt 0.041667 0.166667
vt 0.062500 0.166667
vt 0.083333 0.166667
vt 0.104167 0.166667
vt 0.125000 0.166667
vt 0.145833 0.166667
vt 0.166667 0.166667
vt 0.187500 0.166667
vt 0.208333 0.166667
vt 0.229167 0.166667
vt 0.250000 0.166667
vt 0.270833 0.166667
vt 0.291667 0.166667
vt 0.312500 0.166667
vt 0.333333 0.166667
vt 0.354167 0.166667
vt 0.375000 0.166667
vt 0.395833 0.166667
vt 0.416667 0.166667
vt 0.437500 0.166667
vt 0.458333 0.166667
vt 0.479167 0.166667
vt 0.500000 0.166667
vt 0.520833 0.166667
vt 0.541667 0.166667
vt 0.562500 0.166667
vt 0.583333 0.166667
vt 0.604167 0.166667
vt 0.625000 0.166667
vt 0.645833 0.166667
vt 0.666667 0.166667
vt 0.687500 0.166667
vt 0.708333 0.166667
vt 0.729167 0.166667
vt 0.750000 0.166667
vt 0.770833 0.166667
vt 0.791667 0.166667
vt 0.812500 0.166667
vt 0.833333 0.166667
vt 0.854167 0.166667
vt 0.875000 0.166667
vt 0.895833 0.166667
vt 0.916667 0.166667
vt 0.937500 0.166667
vt 0.958333 0.166667
vt 0.979167 0.166667
vt 0.000000 0.125000
vt 0.020833 0.125000
vt 0.041667 0.125000
vt 0.062500 0.125000
vt 0.083333 0.125000
vt 0.104167 0.125000
vt 0.125000 0.125000
vt 0.145833 0.125000
vt 0.166667 0.125000
vt 0.187500 0.125000
vt 0.208333 0.125000
vt 0.229167 0.125000
vt 0.250000 0.125000
vt 0.270833 0.125000
vt 0.291667 0.125000
vt 0.312500 0.125000
vt 0.333333 0.125000
vt 0.354167 0.125000
vt 0.375000 0.125000
vt 0.395833 0.125000
vt 0.416667 0.125000
vt 0.437500 0.125000
vt 0.458333 0.125000
vt 0.479167 0.125000
vt 0.500000 0.125000
vt 0.520833 0.125000
vt 0.541667 0.125000
vt 0.562500 0.125000
vt 0.583333 0.125000
vt 0.604167 0.125000
vt 0.625000 0.125000
vt 0.645833 0.125000
vt 0.666667 0.125000
vt 0.687500 0.125000
vt 0.708333 0.125000
vt 0.729167 0.125000
vt 0.750000 0.125000
vt 0.770833 0.125000
vt 0.791667 0.125000
vt 0.812500 0.125000
vt 0.833333 0.125000
vt 0.854167 0.125000
vt 0.875000 0.125000
vt 0.895833 0.125000
vt 0.916667 0.125000
vt 0.937500 0.125000
vt 0.958333 0.125000
vt 0.979167 0.125000
vt 0.000000 0.083333
vt 0.020833 0.083333
vt 0.041667 0.083333
vt 0.062500 0.083333
vt 0.083333 0.083333
vt 0.104167 0.083333
vt 0.125000 0.083333
vt 0.145833 0.083333
vt 0.166667 0.083333
vt 0.187500 0.083333
vt 0.208333 0.083333
vt 0.229167 0.083333
vt 0.250000 0.083333
vt 0.270833 0.083333
vt 0.291667 0.083333
vt 0.312500 0.083333
vt 0.333333 0.083333
vt 0.354167 0.083333
vt 0.375000 0.083333
vt 0.395833 0.083333
vt 0.416667 0.083333
vt 0.437500 0.083333
vt 0.458333 0.083333
vt 0.479167 0.083333
vt 0.500000 0.083333
vt 0.520833 0.083333
vt 0.541667 0.083333
vt 0.562500 0.083333
vt 0.583333 0.083333
vt 0.604167 0.083333
vt 0.625000 0.083333
vt 0.645833 0.083333
vt 0.666667 0.083333
vt 0.687500 0.083333
vt 0.708333 0.083333
vt 0.729167 0.083333
vt 0.750000 0.083333
vt 0.770833 0.083333
vt 0.791667 0.083333
vt 0.812500 0.083333
vt 0.833333 0.083333
vt 0.854167 0.083333
vt 0.875000 0.083333
vt 0.895833 0.083333
vt 0.916667 0.083333
vt 0.937500 0.083333
vt 0.958333 0.083333
vt 0.979167 0.083333
vt 0.000000 0.041667
vt 0.020833 0.041667
vt 0.041667 0.041667
vt 0.062500 0.041667
vt 0.083333 0.041667
vt 0.104167 0.041667
vt 0.125000 0.041667
vt 0.145833 0.041667
vt 0.166667 0.041667
vt 0.187500 0.041667
vt 0.208333 0.041667
vt 0.229167 0.041667
vt 0.250000 0.041667
vt 0.270833 0.041667
vt 0.291667 0.041667
vt 0.312500 0.041667
vt 0.333333 0.041667
vt 0.354167 0.041667
vt 0.375000 0.041667
vt 0.395833 0.041667
vt 0.416667 0.041667
vt 0.437500 0.041667
vt 0.458333 0.041667
vt 0.479167 0.041667
vt 0.500000 0.041667
vt 0.520833 0.041667
vt 0.541667 0.041667
vt 0.562500 0.041667
vt 0.583333 0.041667
vt 0.604167 0.041667
vt 0.625000 0.041667
vt 0.645833 0.041667
vt 0.666667 0.041667
vt 0.687500 0.041667
vt 0.708333 0.041667
vt 0.729167 0.041667
vt 0.750000 0.041667
vt 0.770833 0.041667
vt 0.791667 0.041667
vt 0.812500 0.041667
vt 0.833333 0.041667
vt 0.854167 0.041667
vt 0.875000 0.041667
vt 0.895833 0.041667
vt 0.916667 0.041667
vt 0.937500 0.041667
vt 0.958333 0.041667
vt 0.979167 0.041667
vt 0.500000 0.000000
vt 0.500000 1.000000
vt 0.000000 0.958333
vt 0.020833 0.958333
vt 0.041667 0.958333
vt 0.062500 0.958333
vt 0.083333 0.958333
vt 0.104167 0.958333
vt 0.125000 0.958333
vt 0.145833 0.958333
vt 0.166667 0.958333
vt 0.187500 0.958333
vt 0.208333 0.958333
vt 0.229167 0.958333
vt 0.250000 0.958333
vt 0.270833 0.958333
vt 0.291667 0.958333
vt 0.312500 0.958333
vt 0.333333 0.958333
vt 0.354167 0.958333
vt 0.375000 0.958333
vt 0.395833 0.958333
vt 0.416667 0.958333
vt 0.437500 0.958333
vt 0.458333 0.958333
vt 0.479167 0.958333
vt 0.500000 0.958333
vt 0.520833 0.958333
vt 0.541667 0.958333
vt 0.562500 0.958333
vt 0.583333 0.958333
vt 0.604167 0.958333
vt 0.625000 0.958333
vt 0.645833 0.958333
vt 0.666667 0.958333
vt 0.687500 0.958333
vt 0.708333 0.958333
vt 0.729167 0.958333
vt 0.750000 0.958333
vt 0.770833 0.958333
vt 0.791667 0.958333
vt 0.812500 0.958333
vt 0.833333 0.958333
vt 0.854167 0.958333
vt 0.875000 0.958333
vt 0.895833 0.958333
vt 0.916667 0.958333
vt 0.937500 0.958333
vt 0.958333 0.958333
vt 0.979167 0.958333
vt 0.000000 0.916667
vt 0.020833 0.916667
vt 0.041667 0.916667
vt 0.062500 0.916667
vt 0.083333 0.916667
vt 0.104167 0.916667
vt 0.125000 0.916667
vt 0.145833 0.916667
vt 0.166667 0.916667
vt 0.187500 0.916667
vt 0.208333 0.916667
vt 0.229167 0.916667
vt 0.250000 0.916667
vt 0.270833 0.916667
vt 0.291667 0.916667
vt 0.312500 0.916667
vt 0.333333 0.916667
vt 0.354167 0.916667
vt 0.375000 0.916667
vt 0.395833 0.916667
vt 0.416667 0.916667
vt 0.437500 0.916667
vt 0.458333 0.916667
vt 0.479167 0.916667
vt 0.500000 0.916667
vt 0.520833 0.916667
vt 0.541667 0.916667
vt 0.562500 0.916667
vt 0.583333 0.916667
vt 0.604167 0.916667
vt 0.625000 0.916667
vt 0.645833 0.916667
vt 0.666667 0.916667
vt 0.687500 0.916667
vt 0.708333 0.916667
vt 0.729167 0.916667
vt 0.750000 0.916667
vt 0.770833 0.916667
vt 0.791667 0.916667
vt 0.812500 0.916667
vt 0.833333 0.916667
vt 0.854167 0.916667
vt 0.875000 0.916667
vt 0.895833 0.916667
vt 0.916667 0.916667
vt 0.937500 0.916667
vt 0.958333 0.916667
vt 0.979167 0.916667
vt 0.000000 0.875000
vt 0.020833 0.875000
vt 0.041667 0.875000
vt 0.062500 0.875000
vt 0.083333 0.875000
vt 0.104167 0.875000
vt 0.125000 0.875000
vt 0.145833 0.875000
vt 0.166667 0.875000
vt 0.187500 0.875000
vt 0.208333 0.875000
vt 0.229167 0.875000
vt 0.250000 0.875000
vt 0.270833 0.875000
vt 0.291667 0.875000
vt 0.312500 0.875000
vt 0.333333 0.875000
vt 0.354167 0.875000
vt 0.375000 0.875000
vt 0.395833 0.875000
vt 0.416667 0.875000
vt 0.437500 0.875000
vt 0.458333 0.875000
vt 0.479167 0.875000
vt 0.500000 0.875000
vt 0.520833 0.875000
vt 0.541667 0.875000
vt 0.562500 0.875000
vt 0.583333 0.875000
vt 0.604167 0.875000
vt 0.625000 0.875000
vt 0.645833 0.875000
vt 0.666667 0.875000
vt 0.687500 0.875000
vt 0.708333 0.875000
vt 0.729167 0.875000
vt 0.750000 0.875000
vt 0.770833 0.875000
vt 0.791667 0.875000
vt 0.812500 0.875000
vt 0.833333 0.875000
vt 0.854167 0.875000
vt 0.875000 0.875000
vt 0.895833 0.875000
vt 0.916667 0.875000
vt 0.937500 0.875000
vt 0.958333 0.875000
vt 0.979167 0.875000
vt 0.000000 0.833333
vt 0.020833 0.833333
vt 0.041667 0.833333
vt 0.062500 0.833333
vt 0.083333 0.833333
vt 0.104167 0.833333
vt 0.125000 0.833333
vt 0.145833 0.833333
vt 0.166667 0.833333
vt 0.187500 0.833333
vt 0.208333 0.833333
vt 0.229167 0.833333
vt 0.250000 0.833333
vt 0.270833 0.833333
vt 0.291667 0.833333
vt 0.312500 0.833333
vt 0.333333 0.833333
vt 0.354167 0.833333
vt 0.375000 0.833333
vt 0.395833 0.833333
vt 0.416667 0.833333
vt 0.437500 0.833333
vt 0.458333 0.833333
vt 0.479167 0.833333
vt 0.500000 0.833333
vt 0.520833 0.833333
vt 0.541667 0.833333
vt 0.562500 0.833333
vt 0.583333 0.833333
vt 0.604167 0.833333
vt 0.625000 0.833333
vt 0.645833 0.833333
vt 0.666667 0.833333
vt 0.687500 0.833333
vt 0.708333 0.833333
vt 0.729167 0.833333
vt 0.750000 0.833333
vt 0.770833 0.833333
vt 0.791667 0.833333
vt 0.812500 0.833333
vt 0.833333 0.833333
vt 0.854167 0.833333
vt 0.875000 0.833333
vt 0.895833 0.833333
vt 0.916667 0.833333
vt 0.937500 0.833333
vt 0.958333 0.833333
vt 0.979167 0.833333
vt 0.000000 0.791667
vt 0.020833 0.791667
vt 0.041667 0.791667
vt 0.062500 0.791667
vt 0.083333 0.791667
vt 0.104167 0.791667
vt 0.125000 0.791667
vt 0.145833 0.791667
vt 0.166667 0.791667
vt 0.187500 0.791667
vt 0.208333 0.791667
vt 0.229167 0.791667
vt 0.250000 0.791667
vt 0.270833 0.791667
vt 0.291667 0.791667
vt 0.312500 0.791667
vt 0.333333 0.791667
vt 0.354167 0.791667
vt 0.375000 0.791667
vt 0.395833 0.791667
vt 0.416667 0.791667
vt 0.437500 0.791667
vt 0.458333 0.791667
vt 0.479167 0.791667
vt 0.500000 0.791667
vt 0.520833 0.791667
vt 0.541667 0.791667
vt 0.562500 0.791667
vt 0.583333 0.791667
vt 0.604167 0.791667
vt 0.625000 0.791667
vt 0.645833 0.791667
vt 0.666667 0.791667
vt 0.687500 0.791667
vt 0.708333 0.791667
vt 0.729167 0.791667
vt 0.750000 0.791667
vt 0.770833 0.791667
vt 0.791667 0.791667
vt 0.812500 0.791667
vt 0.833333 0.791667
vt 0.854167 0.791667
vt 0.875000 0.791667
vt 0.895833 0.791667
vt 0.916667 0.791667
vt 0.937500 0.791667
vt 0.958333 0.791667
vt 0.979167 0.791667
vt 0.000000 0.750000
vt 0.020833 0.750000
vt 0.041667 0.750000
vt 0.062500 0.750000
vt 0.083333 0.750000
vt 0.104167 0.750000
vt 0.125000 0.750000
vt 0.145833 0.750000
vt 0.166667 0.750000
vt 0.187500 0.750000
vt 0.208333 0.750000
vt 0.229167 0.750000
vt 0.250000 0.750000
vt 0.270833 0.750000
vt 0.291667 0.750000
vt 0.312500 0.750000
vt 0.333333 0.750000
vt 0.354167 0.750000
vt 0.375000 0.750000
vt 0.395833 0.750000
vt 0.416667 0.750000
vt 0.437500 0.750000
vt 0.458333 0.750000
vt 0.479167 0.750000
vt 0.500000 0.750000
vt 0.520833 0.750000
vt 0.541667 0.750000
vt 0.562500 0.750000
vt 0.583333 0.750000
vt 0.604167 0.750000
vt 0.625000 0.750000
vt 0.645833 0.750000
vt 0.666667 0.750000
vt 0.687500 0.750000
vt 0.708333 0.750000
vt 0.729167 0.750000
vt 0.750000 0.750000
vt 0.770833 0.750000
vt 0.791667 0.750000
vt 0.812500 0.750000
vt 0.833333 0.750000
vt 0.854167 0.750000
vt 0.875000 0.750000
vt 0.895833 0.750000
vt 0.916667 0.750000
vt 0.937500 0.750000
vt 0.958333 0.750000
vt 0.979167 0.750000
vt 0.000000 0.708333
vt 0.020833 0.708333
vt 0.041667 0.708333
vt 0.062500 0.708333
vt 0.083333 0.708333
vt 0.104167 0.708333
vt 0.125000 0.708333
vt 0.145833 0.708333
vt 0.166667 0.708333
vt 0.187500 0.708333
vt 0.208333 0.708333
vt 0.229167 0.708333
vt 0.250000 0.708333
vt 0.270833 0.708333
vt 0.291667 0.708333
vt 0.312500 0.708333
vt 0.333333 0.708333
vt 0.354167 0.708333
vt 0.375000 0.708333
vt 0.395833 0.708333
vt 0.416667 0.708333
vt 0.437500 0.708333
vt 0.458333 0.708333
vt 0.479167 0.708333
vt 0.500000 0.708333
vt 0.520833 0.708333
vt 0.541667 0.708333
vt 0.562500 0.708333
vt 0.583333 0.708333
vt 0.604167 0.708333
vt 0.625000 0.708333
vt 0.645833 0.708333
vt 0.666667 0.708333
vt 0.687500 0.708333
vt 0.708333 0.708333
vt 0.729167 0.708333
vt 0.750000 0.708333
vt 0.770833 0.708333
vt 0.791667 0.708333
vt 0.812500 0.708333
vt 0.833333 0.708333
vt 0.854167 0.708333
vt 0.875000 0.708333
vt 0.895833 0.708333
vt 0.916667 0.708333
vt 0.937500 0.708333
vt 0.958333 0.708333
vt 0.979167 0.708333
vt 0.000000 0.666667
vt 0.020833 0.666667
vt 0.041667 0.666667
vt 0.062500 0.666667
vt 0.083333 0.666667
vt 0.104167 0.666667
vt 0.125000 0.666667
vt 0.145833 0.666667
vt 0.166667 0.666667
vt 0.187500 0.666667
vt 0.208333 0.666667
vt 0.229167 0.666667
vt 0.250000 0.666667
vt 0.270833 0.666667
vt 0.291667 0.666667
vt 0.312500 0.666667
vt 0.333333 0.666667
vt 0.354167 0.666667
vt 0.375000 0.666667
vt 0.395833 0.666667
vt 0.416667 0.666667
vt 0.437500 0.666667
vt 0.458333 0.666667
vt 0.479167 0.666667
vt 0.500000 0.666667
vt 0.520833 0.666667
vt 0.541667 0.666667
vt 0.562500 0.666667
vt 0.583333 0.666667
vt 0.604167 0.666667
vt 0.625000 0.666667
vt 0.645833 0.666667
vt 0.666667 0.666667
vt 0.687500 0.666667
vt 0.708333 0.666667
vt 0.729167 0.666667
vt 0.750000 0.666667
vt 0.770833 0.666667
vt 0.791667 0.666667
vt 0.812500 0.666667
vt 0.833333 0.666667
vt 0.854167 0.666667
vt 0.875000 0.666667
vt 0.895833 0.666667
vt 0.916667 0.666667
vt 0.937500 0.666667
vt 0.958333 0.666667
vt 0.979167 0.666667
vt 0.000000 0.625000
vt 0.020833 0.625000
vt 0.041667 0.625000
vt 0.062500 0.625000
vt 0.083333 0.625000
vt 0.104167 0.625000
vt 0.125000 0.625000
vt 0.145833 0.625000
vt 0.166667 0.625000
vt 0.187500 0.625000
vt 0.208333 0.625000
vt 0.229167 0.625000
vt 0.250000 0.625000
vt 0.270833 0.625000
vt 0.291667 0.625000
vt 0.312500 0.625000
vt 0.333333 0.625000
vt 0.354167 0.625000
vt 0.375000 0.625000
vt 0.395833 0.625000
vt 0.416667 0.625000
vt 0.437500 0.625000
vt 0.458333 0.625000
vt 0.479167 0.625000
vt 0.500000 0.625000
vt 0.520833 0.625000
vt 0.541667 0.625000
vt 0.562500 0.625000
vt 0.583333 0.625000
vt 0.604167 0.625000
vt 0.625000 0.625000
vt 0.645833 0.625000
vt 0.666667 0.625000
vt 0.687500 0.625000
vt 0.708333 0.625000
vt 0.729167 0.625000
vt 0.750000 0.625000
vt 0.770833 0.625000
vt 0.791667 0.625000
vt 0.812500 0.625000
vt 0.833333 0.625000
vt 0.854167 0.625000
vt 0.875000 0.625000
vt 0.895833 0.625000
vt 0.916667 0.625000
vt 0.937500 0.625000
vt 0.958333 0.625000
vt 0.979167 0.625000
vt 0.000000 0.583333
vt 0.020833 0.583333
vt 0.041667 0.583333
vt 0.062500 0.583333
vt 0.083333 0.583333
vt 0.104167 0.583333
vt 0.125000 0.583333
vt 0.145833 0.583333
vt 0.166667 0.583333
vt 0.187500 0.583333
vt 0.208333 0.583333
vt 0.229167 0.583333
vt 0.250000 0.583333
vt 0.270833 0.583333
vt 0.291667 0.583333
vt 0.312500 0.583333
vt 0.333333 0.583333
vt 0.354167 0.583333
vt 0.375000 0.583333
vt 0.395833 0.583333
vt 0.416667 0.583333
vt 0.437500 0.583333
vt 0.458333 0.583333
vt 0.479167 0.583333
vt 0.500000 0.583333
vt 0.520833 0.583333
vt 0.541667 0.583333
vt 0.562500 0.583333
vt 0.583333 0.583333
vt 0.604167 0.583333
vt 0.625000 0.583333
vt 0.645833 0.583333
vt 0.666667 0.583333
vt 0.687500 0.583333
vt 0.708333 0.583333
vt 0.729167 0.583333
vt 0.750000 0.583333
vt 0.770833 0.583333
vt 0.791667 0.583333
vt 0.812500 0.583333
vt 0.833333 0.583333
vt 0.854167 0.583333
vt 0.875000 0.583333
vt 0.895833 0.583333
vt 0.916667 0.583333
vt 0.937500 0.583333
vt 0.958333 0.583333
vt 0.979167 0.583333
vt 0.000000 0.541667
vt 0.020833 0.541667
vt 0.041667 0.541667
vt 0.062500 0.541667
vt 0.083333 0.541667
vt 0.104167 0.541667
vt 0.125000 0.541667
vt 0.145833 0.541667
vt 0.166667 0.541667
vt 0.187500 0.541667
vt 0.208333 0.541667
vt 0.229167 0.541667
vt 0.250000 0.541667
vt 0.270833 0.541667
vt 0.291667 0.541667
vt 0.312500 0.541667
vt 0.333333 0.541667
vt 0.354167 0.541667
vt 0.375000 0.541667
vt 0.395833 0.541667
vt 0.416667 0.541667
vt 0.437500 0.541667
vt 0.458333 0.541667
vt 0.479167 0.541667
vt 0.500000 0.541667
vt 0.520833 0.541667
vt 0.541667 0.541667
vt 0.562500 0.541667
vt 0.583333 0.541667
vt 0.604167 0.541667
vt 0.625000 0.541667
vt 0.645833 0.541667
vt 0.666667 0.541667
vt 0.687500 0.541667
vt 0.708333 0.541667
vt 0.729167 0.541667
vt 0.750000 0.541667
vt 0.770833 0.541667
vt 0.791667 0.541667
vt 0.812500 0.541667
vt 0.833333 0.541667
vt 0.854167 0.541667
vt 0.875000 0.541667
vt 0.895833 0.541667
vt 0.916667 0.541667
vt 0.937500 0.541667
vt 0.958333 0.541667
vt 0.979167 0.541667
vt 0.000000 0.500000
vt 0.020833 0.500000
vt 0.041667 0.500000
vt 0.062500 0.500000
vt 0.083333 0.500000
vt 0.104167 0.500000
vt 0.125000 0.500000
vt 0.145833 0.500000
vt 0.166667 0.500000
vt 0.187500 0.500000
vt 0.208333 0.500000
vt 0.229167 0.500000
vt 0.250000 0.500000
vt 0.270833 0.500000
vt 0.291667 0.500000
vt 0.312500 0.500000
vt 0.333333 0.500000
vt 0.354167 0.500000
vt 0.375000 0.500000
vt 0.395833 0.500000
vt 0.416667 0.500000
vt 0.437500 0.500000
vt 0.458333 0.500000
vt 0.479167 0.500000
vt 0.500000 0.500000
vt 0.520833 0.500000
vt 0.541667 0.500000
vt 0.562500 0.500000
vt 0.583333 0.500000
vt 0.604167 0.500000
vt 0.625000 0.500000
vt 0.645833 0.500000
vt 0.666667 0.500000
vt 0.687500 0.500000
vt 0.708333 0.500000
vt 0.729167 0.500000
vt 0.750000 0.500000
vt 0.770833 0.500000
vt 0.791667 0.500000
vt 0.812500 0.500000
vt 0.833333 0.500000
vt 0.854167 0.500000
vt 0.875000 0.500000
vt 0.895833 0.500000
vt 0.916667 0.500000
vt 0.937500 0.500000
vt 0.958333 0.500000
vt 0.979167 0.500000
vt 0.000000 0.458333
vt 0.020833 0.458333
vt 0.041667 0.458333
vt 0.062500 0.458333
vt 0.083333 0.458333
vt 0.104167 0.458333
vt 0.125000 0.458333
vt 0.145833 0.458333
vt 0.166667 0.458333
vt 0.187500 0.458333
vt 0.208333 0.458333
vt 0.229167 0.458333
vt 0.250000 0.458333
vt 0.270833 0.458333
vt 0.291667 0.458333
vt 0.312500 0.458333
vt 0.333333 0.458333
vt 0.354167 0.458333
vt 0.375000 0.458333
vt 0.395833 0.458333
vt 0.416667 0.458333
vt 0.437500 0.458333
vt 0.458333 0.458333
vt 0.479167 0.458333
vt 0.500000 0.458333
vt 0.520833 0.458333
vt 0.541667 0.458333
vt 0.562500 0.458333
vt 0.583333 0.458333
vt 0.604167 0.458333
vt 0.625000 0.458333
vt 0.645833 0.458333
vt 0.666667 0.458333
vt 0.687500 0.458333
vt 0.708333 0.458333
vt 0.729167 0.458333
vt 0.750000 0.458333
vt 0.770833 0.458333
vt 0.791667 0.458333
vt 0.812500 0.458333
vt 0.833333 0.458333
vt 0.854167 0.458333
vt 0.875000 0.458333
vt 0.895833 0.458333
vt 0.916667 0.458333
vt 0.937500 0.458333
vt 0.958333 0.458333
vt 0.979167 0.458333
vt 0.000000 0.416667
vt 0.020833 0.416667
vt 0.041667 0.416667
vt 0.062500 0.416667
vt 0.083333 0.416667
vt 0.104167 0.416667
vt 0.125000 0.416667
vt 0.145833 0.416667
vt 0.166667 0.416667
vt 0.187500 0.416667
vt 0.208333 0.416667
vt 0.229167 0.416667
vt 0.250000 0.416667
vt 0.270833 0.416667
vt 0.291667 0.416667
vt 0.312500 0.416667
vt 0.333333 0.416667
vt 0.354167 0.416667
vt 0.375000 0.416667
vt 0.395833 0.416667
vt 0.416667 0.416667
vt 0.437500 0.416667
vt 0.458333 0.416667
vt 0.479167 0.416667
vt 0.500000 0.416667
vt 0.520833 0.416667
vt 0.541667 0.416667
vt 0.562500 0.416667
vt 0.583333 0.416667
vt 0.604167 0.416667
vt 0.625000 0.416667
vt 0.645833 0.416667
vt 0.666667 0.416667
vt 0.687500 0.416667
vt 0.708333 0.416667
vt 0.729167 0.416667
vt 0.750000 0.416667
vt 0.770833 0.416667
vt 0.791667 0.416667
vt 0.812500 0.416667
vt 0.833333 0.416667
vt 0.854167 0.416667
vt 0.875000 0.416667
vt 0.895833 0.416667
vt 0.916667 0.416667
vt 0.937500 0.416667
vt 0.958333 0.416667
vt 0.979167 0.416667
vt 0.000000 0.375000
vt 0.020833 0.375000
vt 0.041667 0.375000
vt 0.062500 0.375000
vt 0.083333 0.375000
vt 0.104167 0.375000
vt 0.125000 0.375000
vt 0.145833 0.375000
vt 0.166667 0.375000
vt 0.187500 0.375000
vt 0.208333 0.375000
vt 0.229167 0.375000
vt 0.250000 0.375000
vt 0.270833 0.375000
vt 0.291667 0.375000
vt 0.312500 0.375000
vt 0.333333 0.375000
vt 0.354167 0.375000
vt 0.375000 0.375000
vt 0.395833 0.375000
vt 0.416667 0.375000
vt 0.437500 0.375000
vt 0.458333 0.375000
vt 0.479167 0.375000
vt 0.500000 0.375000
vt 0.520833 0.375000
vt 0.541667 0.375000
vt 0.562500 0.375000
vt 0.583333 0.375000
vt 0.604167 0.375000
vt 0.625000 0.375000
vt 0.645833 0.375000
vt 0.666667 0.375000
vt 0.687500 0.375000
vt 0.708333 0.375000
vt 0.729167 0.375000
vt 0.750000 0.375000
vt 0.770833 0.375000
vt 0.791667 0.375000
vt 0.812500 0.375000
vt 0.833333 0.375000
vt 0.854167 0.375000
vt 0.875000 0.375000
vt 0.895833 0.375000
vt 0.916667 0.375000
vt 0.937500 0.375000
vt 0.958333 0.375000
vt 0.979167 0.375000
vt 0.000000 0.333333
vt 0.020833 0.333333
vt 0.041667 0.333333
vt 0.062500 0.333333
vt 0.083333 0.333333
vt 0.104167 0.333333
vt 0.125000 0.333333
vt 0.145833 0.333333
vt 0.166667 0.333333
vt 0.187500 0.333333
vt 0.208333 0.333333
vt 0.229167 0.333333
vt 0.250000 0.333333
vt 0.270833 0.333333
vt 0.291667 0.333333
vt 0.312500 0.333333
vt 0.333333 0.333333
vt 0.354167 0.333333
vt 0.375000 0.333333
vt 0.395833 0.333333
vt 0.416667 0.333333
vt 0.437500 0.333333
vt 0.458333 0.333333
vt 0.479167 0.333333
vt 0.500000 0.333333
vt 0.520833 0.333333
vt 0.541667 0.333333
vt 0.562500 0.333333
vt 0.583333 0.333333
vt 0.604167 0.333333
vt 0.625000 0.333333
vt 0.645833 0.333333
vt 0.666667 0.333333
vt 0.687500 0.333333
vt 0.708333 0.333333
vt 0.729167 0.333333
vt 0.750000 0.333333
vt 0.770833 0.333333
vt 0.791667 0.333333
vt 0.812500 0.333333
vt 0.833333 0.333333
vt 0.854167 0.333333
vt 0.875000 0.333333
vt 0.895833 0.333333
vt 0.916667 0.333333
vt 0.937500 0.333333
vt 0.958333 0.333333
vt 0.979167 0.333333
vt 0.000000 0.291667
vt 0.020833 0.291667
vt 0.041667 0.291667
vt 0.062500 0.291667
vt 0.083333 0.291667
vt 0.104167 0.291667
vt 0.125000 0.291667
vt 0.145833 0.291667
vt 0.166667 0.291667
vt 0.187500 0.291667
vt 0.208333 0.291667
vt 0.229167 0.291667
vt 0.250000 0.291667
vt 0.270833 0.291667
vt 0.291667 0.291667
vt 0.312500 0.291667
vt 0.333333 0.291667
vt 0.354167 0.291667
vt 0.375000 0.291667
vt 0.395833 0.291667
vt 0.416667 0.291667
vt 0.437500 0.291667
vt 0.458333 0.291667
vt 0.479167 0.291667
vt 0.500000 0.291667
vt 0.520833 0.291667
vt 0.541667 0.291667
vt 0.562500 0.291667
vt 0.583333 0.291667
vt 0.604167 0.291667
vt 0.625000 0.291667
vt 0.645833 0.291667
vt 0.666667 0.291667
vt 0.687500 0.291667
vt 0.708333 0.291667
vt 0.729167 0.291667
vt 0.750000 0.291667
vt 0.770833 0.291667
vt 0.791667 0.291667
vt 0.812500 0.291667
vt 0.833333 0.291667
vt 0.854167 0.291667
vt 0.875000 0.291667
vt 0.895833 0.291667
vt 0.916667 0.291667
vt 0.937500 0.291667
vt 0.958333 0.291667
vt 0.979167 0.291667
vt 0.000000 0.250000
vt 0.020833 0.250000
vt 0.041667 0.250000
vt 0.062500 0.250000
vt 0.083333 0.250000
vt 0.104167 0.250000
vt 0.125000 0.250000
vt 0.145833 0.250000
vt 0.166667 0.250000
vt 0.187500 0.250000
vt 0.208333 0.250000
vt 0.229167 0.250000
vt 0.250000 0.250000
vt 0.270833 0.250000
vt 0.291667 0.250000
vt 0.312500 0.250000
vt 0.333333 0.250000
vt 0.354167 0.250000
vt 0.375000 0.250000
vt 0.395833 0.250000
vt 0.416667 0.250000
vt 0.437500 0.250000
vt 0.458333 0.250000
vt 0.479167 0.250000
vt 0.500000 0.250000
vt 0.520833 0.250000
vt 0.541667 0.250000
vt 0.562500 0.250000
vt 0.583333 0.250000
vt 0.604167 0.250000
vt 0.625000 0.250000
vt 0.645833 0.250000
vt 0.666667 0.250000
vt 0.687500 0.250000
vt 0.708333 0.250000
vt 0.729167 0.250000
vt 0.750000 0.250000
vt 0.770833 0.250000
vt 0.791667 0.250000
vt 0.812500 0.250000
vt 0.833333 0.250000
vt 0.854167 0.250000
vt 0.875000 0.250000
vt 0.895833 0.250000
vt 0.916667 0.250000
vt 0.937500 0.250000
vt 0.958333 0.250000
vt 0.979167 0.250000
vt 0.000000 0.208333
vt 0.020833 0.208333
vt 0.041667 0.208333
vt 0.062500 0.208333
vt 0.083333 0.208333
vt 0.104167 0.208333
vt 0.125000 0.208333
vt 0.145833 0.208333
vt 0.166667 0.208333
vt 0.187500 0.208333
vt 0.208333 0.208333
vt 0.229167 0.208333
vt 0.250000 0.208333
vt 0.270833 0.208333
vt 0.291667 0.208333
vt 0.312500 0.208333
vt 0.333333 0.208333
vt 0.354167 0.208333
vt 0.375000 0.208333
vt 0.395833 0.208333
vt 0.416667 0.208333
vt 0.437500 0.208333
vt 0.458333 0.208333
vt 0.479167 0.208333
vt 0.500000 0.208333
vt 0.520833 0.208333
vt 0.541667 0.208333
vt 0.562500 0.208333
vt 0.583333 0.208333
vt 0.604167 0.208333
vt 0.625000 0.208333
vt 0.645833 0.208333
vt 0.666667 0.208333
vt 0.687500 0.208333
vt 0.708333 0.208333
vt 0.729167 0.208333
vt 0.750000 0.208333
vt 0.770833 0.208333
vt 0.791667 0.208333
vt 0.812500 0.208333
vt 0.833333 0.208333
vt 0.854167 0.208333
vt 0.875000 0.208333
vt 0.895833 0.208333
vt 0.916667 0.208333
vt 0.937500 0.208333
vt 0.958333 0.208333
vt 0.979167 0.208333
vt 0.000000 0.166667
vt 0.020833 0.166667
vt 0.041667 0.166667
vt 0.062500 0.166667
vt 0.083333 0.166667
vt 0.104167 0.166667
vt 0.125000 0.166667
vt 0.145833 0.166667
vt 0.166667 0.166667
vt 0.187500 0.166667
vt 0.208333 0.166667
vt 0.229167 0.166667
vt 0.250000 0.166667
vt 0.270833 0.166667
vt 0.291667 0.166667
vt 0.312500 0.166667
vt 0.333333 0.166667
vt 0.354167 0.166667
vt 0.375000 0.166667
vt 0.395833 0.166667
vt 0.416667 0.166667
vt 0.437500 0.166667
vt 0.458333 0.166667
vt 0.479167 0.166667
vt 0.500000 0.166667
vt 0.520833 0.166667
vt 0.541667 0.166667
vt 0.562500 0.166667
vt 0.583333 0.166667
vt 0.604167 0.166667
vt 0.625000 0.166667
vt 0.645833 0.166667
vt 0.666667 0.166667
vt 0.687500 0.166667
vt 0.708333 0.166667
vt 0.729167 0.166667
vt 0.750000 0.166667
vt 0.770833 0.166667
vt 0.791667 0.166667
vt 0.812500 0.166667
vt 0.833333 0.166667
vt 0.854167 0.166667
vt 0.875000 0.166667
vt 0.895833 0.166667
vt 0.916667 0.166667
vt 0.937500 0.166667
vt 0.958333 0.166667
vt 0.979167 0.166667
vt 0.000000 0.125000
vt 0.020833 0.125000
vt 0.041667 0.125000
vt 0.062500 0.125000
vt 0.083333 0.125000
vt 0.104167 0.125000
vt 0.125000 0.125000
vt 0.145833 0.125000
vt 0.166667 0.125000
vt 0.187500 0.125000
vt 0.208333 0.125000
vt 0.229167 0.125000
vt 0.250000 0.125000
vt 0.270833 0.125000
vt 0.291667 0.125000
vt 0.312500 0.125000
vt 0.333333 0.125000
vt 0.354167 0.125000
vt 0.375000 0.125000
vt 0.395833 0.125000
vt 0.416667 0.125000
vt 0.437500 0.125000
vt 0.458333 0.125000
vt 0.479167 0.125000
vt 0.500000 0.125000
vt 0.520833 0.125000
vt 0.541667 0.125000
vt 0.562500 0.125000
vt 0.583333 0.125000
vt 0.604167 0.125000
vt 0.625000 0.125000
vt 0.645833 0.125000
vt 0.666667 0.125000
vt 0.687500 0.125000
vt 0.708333 0.125000
vt 0.729167 0.125000
vt 0.750000 0.125000
vt 0.770833 0.125000
vt 0.791667 0.125000
vt 0.812500 0.125000
vt 0.833333 0.125000
vt 0.854167 0.125000
vt 0.875000 0.125000
vt 0.895833 0.125000
vt 0.916667 0.125000
vt 0.937500 0.125000
vt 0.958333 0.125000
vt 0.979167 0.125000
vt 0.000000 0.083333
vt 0.020833 0.083333
vt 0.041667 0.083333
vt 0.062500 0.083333
vt 0.083333 0.083333
vt 0.104167 0.083333
vt 0.125000 0.083333
vt 0.145833 0.083333
vt 0.166667 0.083333
vt 0.187500 0.083333
vt 0.208333 0.083333
vt 0.229167 0.083333
vt 0.250000 0.083333
vt 0.270833 0.083333
vt 0.291667 0.083333
vt 0.312500 0.083333
vt 0.333333 0.083333
vt 0.354167 0.083333
vt 0.375000 0.083333
vt 0.395833 0.083333
vt 0.416667 0.083333
vt 0.437500 0.083333
vt 0.458333 0.083333
vt 0.479167 0.083333
vt 0.500000 0.083333
vt 0.520833 0.083333
vt 0.541667 0.083333
vt 0.562500 0.083333
vt 0.583333 0.083333
vt 0.604167 0.083333
vt 0.625000 0.083333
vt 0.645833 0.083333
vt 0.666667 0.083333
vt 0.687500 0.083333
vt 0.708333 0.083333
vt 0.729167 0.083333
vt 0.750000 0.083333
vt 0.770833 0.083333
vt 0.791667 0.083333
vt 0.812500 0.083333
vt 0.833333 0.083333
vt 0.854167 0.083333
vt 0.875000 0.083333
vt 0.895833 0.083333
vt 0.916667 0.083333
vt 0.937500 0.083333
vt 0.958333 0.083333
vt 0.979167 0.083333
vt 0.000000 0.041667
vt 0.020833 0.041667
vt 0.041667 0.041667
vt 0.062500 0.041667
vt 0.083333 0.041667
vt 0.104167 0.041667
vt 0.125000 0.041667
vt 0.145833 0.041667
vt 0.166667 0.041667
vt 0.187500 0.041667
vt 0.208333 0.041667
vt 0.229167 0.041667
vt 0.250000 0.041667
vt 0.270833 0.041667
vt 0.291667 0.041667
vt 0.312500 0.041667
vt 0.333333 0.041667
vt 0.354167 0.041667
vt 0.375000 0.041667
vt 0.395833 0.041667
vt 0.416667 0.041667
vt 0.437500 0.041667
vt 0.458333 0.041667
vt 0.479167 0.041667
vt 0.500000 0.041667
vt 0.520833 0.041667
vt 0.541667 0.041667
vt 0.562500 0.041667
vt 0.583333 0.041667
vt 0.604167 0.041667
vt 0.625000 0.041667
vt 0.645833 0.041667
vt 0.666667 0.041667
vt 0.687500 0.041667
vt 0.708333 0.041667
vt 0.729167 0.041667
vt 0.750000 0.041667
vt 0.770833 0.041667
vt 0.791667 0.041667
vt 0.812500 0.041667
vt 0.833333 0.041667
vt 0.854167 0.041667
vt 0.875000 0.041667
vt 0.895833 0.041667
vt 0.916667 0.041667
vt 0.937500 0.041667
vt 0.958333 0.041667
vt 0.979167 0.041667
vt 0.500000 0.000000
vt 0.500000 1.000000
vt 0.000000 0.958333
vt 0.020833 0.958333
vt 0.041667 0.958333
vt 0.062500 0.958333
vt 0.083333 0.958333
vt 0.104167 0.958333
vt 0.125000 0.958333
vt 0.145833 0.958333
vt 0.166667 0.958333
vt 0.187500 0.958333
vt 0.208333 0.958333
vt 0.229167 0.958333
vt 0.250000 0.958333
vt 0.270833 0.958333
vt 0.291667 0.958333
vt 0.312500 0.958333
vt 0.333333 0.958333
vt 0.354167 0.958333
vt 0.375000 0.958333
vt 0.395833 0.958333
vt 0.416667 0.958333
vt 0.437500 0.958333
vt 0.458333 0.958333
vt 0.479167 0.958333
vt 0.500000 0.958333
vt 0.520833 0.958333
vt 0.541667 0.958333
vt 0.562500 0.958333
vt 0.583333 0.958333
vt 0.604167 0.958333
vt 0.625000 0.958333
vt 0.645833 0.958333
vt 0.666667 0.958333
vt 0.687500 0.958333
vt 0.708333 0.958333
vt 0.729167 0.958333
vt 0.750000 0.958333
vt 0.770833 0.958333
vt 0.791667 0.958333
vt 0.812500 0.958333
vt 0.833333 0.958333
vt 0.854167 0.958333
vt 0.875000 0.958333
vt 0.895833 0.958333
vt 0.916667 0.958333
vt 0.937500 0.958333
vt 0.958333 0.958333
vt 0.979167 0.958333
vt 0.000000 0.916667
vt 0.020833 0.916667
vt 0.041667 0.916667
vt 0.062500 0.916667
vt 0.083333 0.916667
vt 0.104167 0.916667
vt 0.125000 0.916667
vt 0.145833 0.916667
vt 0.166667 0.916667
vt 0.187500 0.916667
vt 0.208333 0.916667
vt 0.229167 0.916667
vt 0.250000 0.916667
vt 0.270833 0.916667
vt 0.291667 0.916667
vt 0.312500 0.916667
vt 0.333333 0.916667
vt 0.354167 0.916667
vt 0.375000 0.916667
vt 0.395833 0.916667
vt 0.416667 0.916667
vt 0.437500 0.916667
vt 0.458333 0.916667
vt 0.479167 0.916667
vt 0.500000 0.916667
vt 0.520833 0.916667
vt 0.541667 0.916667
vt 0.562500 0.916667
vt 0.583333 0.916667
vt 0.604167 0.916667
vt 0.625000 0.916667
vt 0.645833 0.916667
vt 0.666667 0.916667
vt 0.687500 0.916667
vt 0.708333 0.916667
vt 0.729167 0.916667
vt 0.750000 0.916667
vt 0.770833 0.916667
vt 0.791667 0.916667
vt 0.812500 0.916667
vt 0.833333 0.916667
vt 0.854167 0.916667
vt 0.875000 0.916667
vt 0.895833 0.916667
vt 0.916667 0.916667
vt 0.937500 0.916667
vt 0.958333 0.916667
vt 0.979167 0.916667
vt 0.000000 0.875000
vt 0.020833 0.875000
vt 0.041667 0.875000
vt 0.062500 0.875000
vt 0.083333 0.875000
vt 0.104167 0.875000
vt 0.125000 0.875000
vt 0.145833 0.875000
vt 0.166667 0.875000
vt 0.187500 0.875000
vt 0.208333 0.875000
vt 0.229167 0.875000
vt 0.250000 0.875000
vt 0.270833 0.875000
vt 0.291667 0.875000
vt 0.312500 0.875000
vt 0.333333 0.875000
vt 0.354167 0.875000
vt 0.375000 0.875000
vt 0.395833 0.875000
vt 0.416667 0.875000
vt 0.437500 0.875000
vt 0.458333 0.875000
vt 0.479167 0.875000
vt 0.500000 0.875000
vt 0.520833 0.875000
vt 0.541667 0.875000
vt 0.562500 0.875000
vt 0.583333 0.875000
vt 0.604167 0.875000
vt 0.625000 0.875000
vt 0.645833 0.875000
vt 0.666667 0.875000
vt 0.687500 0.875000
vt 0.708333 0.875000
vt 0.729167 0.875000
vt 0.750000 0.875000
vt 0.770833 0.875000
vt 0.791667 0.875000
vt 0.812500 0.875000
vt 0.833333 0.875000
vt 0.854167 0.875000
vt 0.875000 0.875000
vt 0.895833 0.875000
vt 0.916667 0.875000
vt 0.937500 0.875000
vt 0.958333 0.875000
vt 0.979167 0.875000
vt 0.000000 0.833333
vt 0.020833 0.833333
vt 0.041667 0.833333
vt 0.062500 0.833333
vt 0.083333 0.833333
vt 0.104167 0.833333
vt 0.125000 0.833333
vt 0.145833 0.833333
vt 0.166667 0.833333
vt 0.187500 0.833333
vt 0.208333 0.833333
vt 0.229167 0.833333
vt 0.250000 0.833333
vt 0.270833 0.833333
vt 0.291667 0.833333
vt 0.312500 0.833333
vt 0.333333 0.833333
vt 0.354167 0.833333
vt 0.375000 0.833333
vt 0.395833 0.833333
vt 0.416667 0.833333
vt 0.437500 0.833333
vt 0.458333 0.833333
vt 0.479167 0.833333
vt 0.500000 0.833333
vt 0.520833 0.833333
vt 0.541667 0.833333
vt 0.562500 0.833333
vt 0.583333 0.833333
vt 0.604167 0.833333
vt 0.625000 0.833333
vt 0.645833 0.833333
vt 0.666667 0.833333
vt 0.687500 0.833333
vt 0.708333 0.833333
vt 0.729167 0.833333
vt 0.750000 0.833333
vt 0.770833 0.833333
vt 0.791667 0.833333
vt 0.812500 0.833333
vt 0.833333 0.833333
vt 0.854167 0.833333
vt 0.875000 0.833333
vt 0.895833 0.833333
vt 0.916667 0.833333
vt 0.937500 0.833333
vt 0.958333 0.833333
vt 0.979167 0.833333
vt 0.000000 0.791667
vt 0.020833 0.791667
vt 0.041667 0.791667
vt 0.062500 0.791667
vt 0.083333 0.791667
vt 0.104167 0.791667
vt 0.125000 0.791667
vt 0.145833 0.791667
vt 0.166667 0.791667
vt 0.187500 0.791667
vt 0.208333 0.791667
vt 0.229167 0.791667
vt 0.250000 0.791667
vt 0.270833 0.791667
vt 0.291667 0.791667
vt 0.312500 0.791667
vt 0.333333 0.791667
vt 0.354167 0.791667
vt 0.375000 0.791667
vt 0.395833 0.791667
vt 0.416667 0.791667
vt 0.437500 0.791667
vt 0.458333 0.791667
vt 0.479167 0.791667
vt 0.500000 0.791667
vt 0.520833 0.791667
vt 0.541667 0.791667
vt 0.562500 0.791667
vt 0.583333 0.791667
vt 0.604167 0.791667
vt 0.625000 0.791667
vt 0.645833 0.791667
vt 0.666667 0.791667
vt 0.687500 0.791667
vt 0.708333 0.791667
vt 0.729167 0.791667
vt 0.750000 0.791667
vt 0.770833 0.791667
vt 0.791667 0.791667
vt 0.812500 0.791667
vt 0.833333 0.791667
vt 0.854167 0.791667
vt 0.875000 0.791667
vt 0.895833 0.791667
vt 0.916667 0.791667
vt 0.937500 0.791667
vt 0.958333 0.791667
vt 0.979167 0.791667
vt 0.000000 0.750000
vt 0.020833 0.750000
vt 0.041667 0.750000
vt 0.062500 0.750000
vt 0.083333 0.750000
vt 0.104167 0.750000
vt 0.125000 0.750000
vt 0.145833 0.750000
vt 0.166667 0.750000
vt 0.187500 0.750000
vt 0.208333 0.750000
vt 0.229167 0.750000
vt 0.250000 0.750000
vt 0.270833 0.750000
vt 0.291667 0.750000
vt 0.312500 0.750000
vt 0.333333 0.750000
vt 0.354167 0.750000
vt 0.375000 0.750000
vt 0.395833 0.750000
vt 0.416667 0.750000
vt 0.437500 0.750000
vt 0.458333 0.750000
vt 0.479167 0.750000
vt 0.500000 0.750000
vt 0.520833 0.750000
vt 0.541667 0.750000
vt 0.562500 0.750000
vt 0.583333 0.750000
vt 0.604167 0.750000
vt 0.625000 0.750000
vt 0.645833 0.750000
vt 0.666667 0.750000
vt 0.687500 0.750000
vt 0.708333 0.750000
vt 0.729167 0.750000
vt 0.750000 0.750000
vt 0.770833 0.750000
vt 0.791667 0.750000
vt 0.812500 0.750000
vt 0.833333 0.750000
vt 0.854167 0.750000
vt 0.875000 0.750000
vt 0.895833 0.750000
vt 0.916667 0.750000
vt 0.937500 0.750000
vt 0.958333 0.750000
vt 0.979167 0.750000
vt 0.000000 0.708333
vt 0.020833 0.708333
vt 0.041667 0.708333
vt 0.062500 0.708333
vt 0.083333 0.708333
vt 0.104167 0.708333
vt 0.125000 0.708333
vt 0.145833 0.708333
vt 0.166667 0.708333
vt 0.187500 0.708333
vt 0.208333 0.708333
vt 0.229167 0.708333
vt 0.250000 0.708333
vt 0.270833 0.708333
vt 0.291667 0.708333
vt 0.312500 0.708333
vt 0.333333 0.708333
vt 0.354167 0.708333
vt 0.375000 0.708333
vt 0.395833 0.708333
vt 0.416667 0.708333
vt 0.437500 0.708333
vt 0.458333 0.708333
vt 0.479167 0.708333
vt 0.500000 0.708333
vt 0.520833 0.708333
vt 0.541667 0.708333
vt 0.562500 0.708333
vt 0.583333 0.708333
vt 0.604167 0.708333
vt 0.625000 0.708333
vt 0.645833 0.708333
vt 0.666667 0.708333
vt 0.687500 0.708333
vt 0.708333 0.708333
vt 0.729167 0.708333
vt 0.750000 0.708333
vt 0.770833 0.708333
vt 0.791667 0.708333
vt 0.812500 0.708333
vt 0.833333 0.708333
vt 0.854167 0.708333
vt 0.875000 0.708333
vt 0.895833 0.708333
vt 0.916667 0.708333
vt 0.937500 0.708333
vt 0.958333 0.708333
vt 0.979167 0.708333
vt 0.000000 0.666667
vt 0.020833 0.666667
vt 0.041667 0.666667
vt 0.062500 0.666667
vt 0.083333 0.666667
vt 0.104167 0.666667
vt 0.125000 0.666667
vt 0.145833 0.666667
vt 0.166667 0.666667
vt 0.187500 0.666667
vt 0.208333 0.666667
vt 0.229167 0.666667
vt 0.250000 0.666667
vt 0.270833 0.666667
vt 0.291667 0.666667
vt 0.312500 0.666667
vt 0.333333 0.666667
vt 0.354167 0.666667
vt 0.375000 0.666667
vt 0.395833 0.666667
vt 0.416667 0.666667
vt 0.437500 0.666667
vt 0.458333 0.666667
vt 0.479167 0.666667
vt 0.500000 0.666667
vt 0.520833 0.666667
vt 0.541667 0.666667
vt 0.562500 0.666667
vt 0.583333 0.666667
vt 0.604167 0.666667
vt 0.625000 0.666667
vt 0.645833 0.666667
vt 0.666667 0.666667
vt 0.687500 0.666667
vt 0.708333 0.666667
vt 0.729167 0.666667
vt 0.750000 0.666667
vt 0.770833 0.666667
vt 0.791667 0.666667
vt 0.812500 0.666667
vt 0.833333 0.666667
vt 0.854167 0.666667
vt 0.875000 0.666667
vt 0.895833 0.666667
vt 0.916667 0.666667
vt 0.937500 0.666667
vt 0.958333 0.666667
vt 0.979167 0.666667
vt 0.000000 0.625000
vt 0.020833 0.625000
vt 0.041667 0.625000
vt 0.062500 0.625000
vt 0.083333 0.625000
vt 0.104167 0.625000
vt 0.125000 0.625000
vt 0.145833 0.625000
vt 0.166667 0.625000
vt 0.187500 0.625000
vt 0.208333 0.625000
vt 0.229167 0.625000
vt 0.250000 0.625000
vt 0.270833 0.625000
vt 0.291667 0.625000
vt 0.312500 0.625000
vt 0.333333 0.625000
vt 0.354167 0.625000
vt 0.375000 0.625000
vt 0.395833 0.625000
vt 0.416667 0.625000
vt 0.437500 0.625000
vt 0.458333 0.625000
vt 0.479167 0.625000
vt 0.500000 0.625000
vt 0.520833 0.625000
vt 0.541667 0.625000
vt 0.562500 0.625000
vt 0.583333 0.625000
vt 0.604167 0.625000
vt 0.625000 0.625000
vt 0.645833 0.625000
vt 0.666667 0.625000
vt 0.687500 0.625000
vt 0.708333 0.625000
vt 0.729167 0.625000
vt 0.750000 0.625000
vt 0.770833 0.625000
vt 0.791667 0.625000
vt 0.812500 0.625000
vt 0.833333 0.625000
vt 0.854167 0.625000
vt 0.875000 0.625000
vt 0.895833 0.625000
vt 0.916667 0.625000
vt 0.937500 0.625000
vt 0.958333 0.625000
vt 0.979167 0.625000
vt 0.000000 0.583333
vt 0.020833 0.583333
vt 0.041667 0.583333
vt 0.062500 0.583333
vt 0.083333 0.583333
vt 0.104167 0.583333
vt 0.125000 0.583333
vt 0.145833 0.583333
vt 0.166667 0.583333
vt 0.187500 0.583333
vt 0.208333 0.583333
vt 0.229167 0.583333
vt 0.250000 0.583333
vt 0.270833 0.583333
vt 0.291667 0.583333
vt 0.312500 0.583333
vt 0.333333 0.583333
vt 0.354167 0.583333
vt 0.375000 0.583333
vt 0.395833 0.583333
vt 0.416667 0.583333
vt 0.437500 0.583333
vt 0.458333 0.583333
vt 0.479167 0.583333
vt 0.500000 0.583333
vt 0.520833 0.583333
vt 0.541667 0.583333
vt 0.562500 0.583333
vt 0.583333 0.583333
vt 0.604167 0.583333
vt 0.625000 0.583333
vt 0.645833 0.583333
vt 0.666667 0.583333
vt 0.687500 0.583333
vt 0.708333 0.583333
vt 0.729167 0.583333
vt 0.750000 0.583333
vt 0.770833 0.583333
vt 0.791667 0.583333
vt 0.812500 0.583333
vt 0.833333 0.583333
vt 0.854167 0.583333
vt 0.875000 0.583333
vt 0.895833 0.583333
vt 0.916667 0.583333
vt 0.937500 0.583333
vt 0.958333 0.583333
vt 0.979167 0.583333
vt 0.000000 0.541667
vt 0.020833 0.541667
vt 0.041667 0.541667
vt 0.062500 0.541667
vt 0.083333 0.541667
vt 0.104167 0.541667
vt 0.125000 0.541667
vt 0.145833 0.541667
vt 0.166667 0.541667
vt 0.187500 0.541667
vt 0.208333 0.541667
vt 0.229167 0.541667
vt 0.250000 0.541667
vt 0.270833 0.541667
vt 0.291667 0.541667
vt 0.312500 0.541667
vt 0.333333 0.541667
vt 0.354167 0.541667
vt 0.375000 0.541667
vt 0.395833 0.541667
vt 0.416667 0.541667
vt 0.437500 0.541667
vt 0.458333 0.541667
vt 0.479167 0.541667
vt 0.500000 0.541667
vt 0.520833 0.541667
vt 0.541667 0.541667
vt 0.562500 0.541667
vt 0.583333 0.541667
vt 0.604167 0.541667
vt 0.625000 0.541667
vt 0.645833 0.541667
vt 0.666667 0.541667
vt 0.687500 0.541667
vt 0.708333 0.541667
vt 0.729167 0.541667
vt 0.750000 0.541667
vt 0.770833 0.541667
vt 0.791667 0.541667
vt 0.812500 0.541667
vt 0.833333 0.541667
vt 0.854167 0.541667
vt 0.875000 0.541667
vt 0.895833 0.541667
vt 0.916667 0.541667
vt 0.937500 0.541667
vt 0.958333 0.541667
vt 0.979167 0.541667
vt 0.000000 0.500000
vt 0.020833 0.500000
vt 0.041667 0.500000
vt 0.062500 0.500000
vt 0.083333 0.500000
vt 0.104167 0.500000
vt 0.125000 0.500000
vt 0.145833 0.500000
vt 0.166667 0.500000
vt 0.187500 0.500000
vt 0.208333 0.500000
vt 0.229167 0.500000
vt 0.250000 0.500000
vt 0.270833 0.500000
vt 0.291667 0.500000
vt 0.312500 0.500000
vt 0.333333 0.500000
vt 0.354167 0.500000
vt 0.375000 0.500000
vt 0.395833 0.500000
vt 0.416667 0.500000
vt 0.437500 0.500000
vt 0.458333 0.500000
vt 0.479167 0.500000
vt 0.500000 0.500000
vt 0.520833 0.500000
vt 0.541667 0.500000
vt 0.562500 0.500000
vt 0.583333 0.500000
vt 0.604167 0.500000
vt 0.625000 0.500000
vt 0.645833 0.500000
vt 0.666667 0.500000
vt 0.687500 0.500000
vt 0.708333 0.500000
vt 0.729167 0.500000
vt 0.750000 0.500000
vt 0.770833 0.500000
vt 0.791667 0.500000
vt 0.812500 0.500000
vt 0.833333 0.500000
vt 0.854167 0.500000
vt 0.875000 0.500000
vt 0.895833 0.500000
vt 0.916667 0.500000
vt 0.937500 0.500000
vt 0.958333 0.500000
vt 0.979167 0.500000
vt 0.000000 0.458333
vt 0.020833 0.458333
vt 0.041667 0.458333
vt 0.062500 0.458333
vt 0.083333 0.458333
vt 0.104167 0.458333
vt 0.125000 0.458333
vt 0.145833 0.458333
vt 0.166667 0.458333
vt 0.187500 0.458333
vt 0.208333 0.458333
vt 0.229167 0.458333
vt 0.250000 0.458333
vt 0.270833 0.458333
vt 0.291667 0.458333
vt 0.312500 0.458333
vt 0.333333 0.458333
vt 0.354167 0.458333
vt 0.375000 0.458333
vt 0.395833 0.458333
vt 0.416667 0.458333
vt 0.437500 0.458333
vt 0.458333 0.458333
vt 0.479167 0.458333
vt 0.500000 0.458333
vt 0.520833 0.458333
vt 0.541667 0.458333
vt 0.562500 0.458333
vt 0.583333 0.458333
vt 0.604167 0.458333
vt 0.625000 0.458333
vt 0.645833 0.458333
vt 0.666667 0.458333
vt 0.687500 0.458333
vt 0.708333 0.458333
vt 0.729167 0.458333
vt 0.750000 0.458333
vt 0.770833 0.458333
vt 0.791667 0.458333
vt 0.812500 0.458333
vt 0.833333 0.458333
vt 0.854167 0.458333
vt 0.875000 0.458333
vt 0.895833 0.458333
vt 0.916667 0.458333
vt 0.937500 0.458333
vt 0.958333 0.458333
vt 0.979167 0.458333
vt 0.000000 0.416667
vt 0.020833 0.416667
vt 0.041667 0.416667
vt 0.062500 0.416667
vt 0.083333 0.416667
vt 0.104167 0.416667
vt 0.125000 0.416667
vt 0.145833 0.416667
vt 0.166667 0.416667
vt 0.187500 0.416667
vt 0.208333 0.416667
vt 0.229167 0.416667
vt 0.250000 0.416667
vt 0.270833 0.416667
vt 0.291667 0.416667
vt 0.312500 0.416667
vt 0.333333 0.416667
vt 0.354167 0.416667
vt 0.375000 0.416667
vt 0.395833 0.416667
vt 0.416667 0.416667
vt 0.437500 0.416667
vt 0.458333 0.416667
vt 0.479167 0.416667
vt 0.500000 0.416667
vt 0.520833 0.416667
vt 0.541667 0.416667
vt 0.562500 0.416667
vt 0.583333 0.416667
vt 0.604167 0.416667
vt 0.625000 0.416667
vt 0.645833 0.416667
vt 0.666667 0.416667
vt 0.687500 0.416667
vt 0.708333 0.416667
vt 0.729167 0.416667
vt 0.750000 0.416667
vt 0.770833 0.416667
vt 0.791667 0.416667
vt 0.812500 0.416667
vt 0.833333 0.416667
vt 0.854167 0.416667
vt 0.875000 0.416667
vt 0.895833 0.416667
vt 0.916667 0.416667
vt 0.937500 0.416667
vt 0.958333 0.416667
vt 0.979167 0.416667
vt 0.000000 0.375000
vt 0.020833 0.375000
vt 0.041667 0.375000
vt 0.062500 0.375000
vt 0.083333 0.375000
vt 0.104167 0.375000
vt 0.125000 0.375000
vt 0.145833 0.375000
vt 0.166667 0.375000
vt 0.187500 0.375000
vt 0.208333 0.375000
vt 0.229167 0.375000
vt 0.250000 0.375000
vt 0.270833 0.375000
vt 0.291667 0.375000
vt 0.312500 0.375000
vt 0.333333 0.375000
vt 0.354167 0.375000
vt 0.375000 0.375000
vt 0.395833 0.375000
vt 0.416667 0.375000
vt 0.437500 0.375000
vt 0.458333 0.375000
vt 0.479167 0.375000
vt 0.500000 0.375000
vt 0.520833 0.375000
vt 0.541667 0.375000
vt 0.562500 0.375000
vt 0.583333 0.375000
vt 0.604167 0.375000
vt 0.625000 0.375000
vt 0.645833 0.375000
vt 0.666667 0.375000
vt 0.687500 0.375000
vt 0.708333 0.375000
vt 0.729167 0.375000
vt 0.750000 0.375000
vt 0.770833 0.375000
vt 0.791667 0.375000
vt 0.812500 0.375000
vt 0.833333 0.375000
vt 0.854167 0.375000
vt 0.875000 0.375000
vt 0.895833 0.375000
vt 0.916667 0.375000
vt 0.937500 0.375000
vt 0.958333 0.375000
vt 0.979167 0.375000
vt 0.000000 0.333333
vt 0.020833 0.333333
vt 0.041667 0.333333
vt 0.062500 0.333333
vt 0.083333 0.333333
vt 0.104167 0.333333
vt 0.125000 0.333333
vt 0.145833 0.333333
vt 0.166667 0.333333
vt 0.187500 0.333333
vt 0.208333 0.333333
vt 0.229167 0.333333
vt 0.250000 0.333333
vt 0.270833 0.333333
vt 0.291667 0.333333
vt 0.312500 0.333333
vt 0.333333 0.333333
vt 0.354167 0.333333
vt 0.375000 0.333333
vt 0.395833 0.333333
vt 0.416667 0.333333
vt 0.437500 0.333333
vt 0.458333 0.333333
vt 0.479167 0.333333
vt 0.500000 0.333333
vt 0.520833 0.333333
vt 0.541667 0.333333
vt 0.562500 0.333333
vt 0.583333 0.333333
vt 0.604167 0.333333
vt 0.625000 0.333333
vt 0.645833 0.333333
vt 0.666667 0.333333
vt 0.687500 0.333333
vt 0.708333 0.333333
vt 0.729167 0.333333
vt 0.750000 0.333333
vt 0.770833 0.333333
vt 0.791667 0.333333
vt 0.812500 0.333333
vt 0.833333 0.333333
vt 0.854167 0.333333
vt 0.875000 0.333333
vt 0.895833 0.333333
vt 0.916667 0.333333
vt 0.937500 0.333333
vt 0.958333 0.333333
vt 0.979167 0.333333
vt 0.000000 0.291667
vt 0.020833 0.291667
vt 0.041667 0.291667
vt 0.062500 0.291667
vt 0.083333 0.291667
vt 0.104167 0.291667
vt 0.125000 0.291667
vt 0.145833 0.291667
vt 0.166667 0.291667
vt 0.187500 0.291667
vt 0.208333 0.291667
vt 0.229167 0.291667
vt 0.250000 0.291667
vt 0.270833 0.291667
vt 0.291667 0.291667
vt 0.312500 0.291667
vt 0.333333 0.291667
vt 0.354167 0.291667
vt 0.375000 0.291667
vt 0.395833 0.291667
vt 0.416667 0.291667
vt 0.437500 0.291667
vt 0.458333 0.291667
vt 0.479167 0.291667
vt 0.500000 0.291667
vt 0.520833 0.291667
vt 0.541667 0.291667
vt 0.562500 0.291667
vt 0.583333 0.291667
vt 0.604167 0.291667
vt 0.625000 0.291667
vt 0.645833 0.291667
vt 0.666667 0.291667
vt 0.687500 0.291667
vt 0.708333 0.291667
vt 0.729167 0.291667
vt 0.750000 0.291667
vt 0.770833 0.291667
vt 0.791667 0.291667
vt 0.812500 0.291667
vt 0.833333 0.291667
vt 0.854167 0.291667
vt 0.875000 0.291667
vt 0.895833 0.291667
vt 0.916667 0.291667
vt 0.937500 0.291667
vt 0.958333 0.291667
vt 0.979167 0.291667
vt 0.000000 0.250000
vt 0.020833 0.250000
vt 0.041667 0.250000
vt 0.062500 0.250000
vt 0.083333 0.250000
vt 0.104167 0.250000
vt 0.125000 0.250000
vt 0.145833 0.250000
vt 0.166667 0.250000
vt 0.187500 0.250000
vt 0.208333 0.250000
vt 0.229167 0.250000
vt 0.250000 0.250000
vt 0.270833 0.250000
vt 0.291667 0.250000
vt 0.312500 0.250000
vt 0.333333 0.250000
vt 0.354167 0.250000
vt 0.375000 0.250000
vt 0.395833 0.250000
vt 0.416667 0.250000
vt 0.437500 0.250000
vt 0.458333 0.250000
vt 0.479167 0.250000
vt 0.500000 0.250000
vt 0.520833 0.250000
vt 0.541667 0.250000
vt 0.562500 0.250000
vt 0.583333 0.250000
vt 0.604167 0.250000
vt 0.625000 0.250000
vt 0.645833 0.250000
vt 0.666667 0.250000
vt 0.687500 0.250000
vt 0.708333 0.250000
vt 0.729167 0.250000
vt 0.750000 0.250000
vt 0.770833 0.250000
vt 0.791667 0.250000
vt 0.812500 0.250000
vt 0.833333 0.250000
vt 0.854167 0.250000
vt 0.875000 0.250000
vt 0.895833 0.250000
vt 0.916667 0.250000
vt 0.937500 0.250000
vt 0.958333 0.250000
vt 0.979167 0.250000
vt 0.000000 0.208333
vt 0.020833 0.208333
vt 0.041667 0.208333
vt 0.062500 0.208333
vt 0.083333 0.208333
vt 0.104167 0.208333
vt 0.125000 0.208333
vt 0.145833 0.208333
vt 0.166667 0.208333
vt 0.187500 0.208333
vt 0.208333 0.208333
vt 0.229167 0.208333
vt 0.250000 0.208333
vt 0.270833 0.208333
vt 0.291667 0.208333
vt 0.312500 0.208333
vt 0.333333 0.208333
vt 0.354167 0.208333
vt 0.375000 0.208333
vt 0.395833 0.208333
vt 0.416667 0.208333
vt 0.437500 0.208333
vt 0.458333 0.208333
vt 0.479167 0.208333
vt 0.500000 0.208333
vt 0.520833 0.208333
vt 0.541667 0.208333
vt 0.562500 0.208333
vt 0.583333 0.208333
vt 0.604167 0.208333
vt 0.625000 0.208333
vt 0.645833 0.208333
vt 0.666667 0.208333
vt 0.687500 0.208333
vt 0.708333 0.208333
vt 0.729167 0.208333
vt 0.750000 0.208333
vt 0.770833 0.208333
vt 0.791667 0.208333
vt 0.812500 0.208333
vt 0.833333 0.208333
vt 0.854167 0.208333
vt 0.875000 0.208333
vt 0.895833 0.208333
vt 0.916667 0.208333
vt 0.937500 0.208333
vt 0.958333 0.208333
vt 0.979167 0.208333
vt 0.000000 0.166667
vt 0.020833 0.166667
vt 0.041667 0.166667
vt 0.062500 0.166667
vt 0.083333 0.166667
vt 0.104167 0.166667
vt 0.125000 0.166667
vt 0.145833 0.166667
vt 0.166667 0.166667
vt 0.187500 0.166667
vt 0.208333 0.166667
vt 0.229167 0.166667
vt 0.250000 0.166667
vt 0.270833 0.166667
vt 0.291667 0.166667
vt 0.312500 0.166667
vt 0.333333 0.166667
vt 0.354167 0.166667
vt 0.375000 0.166667
vt 0.395833 0.166667
vt 0.416667 0.166667
vt 0.437500 0.166667
vt 0.458333 0.166667
vt 0.479167 0.166667
vt 0.500000 0.166667
vt 0.520833 0.166667
vt 0.541667 0.166667
vt 0.562500 0.166667
vt 0.583333 0.166667
vt 0.604167 0.166667
vt 0.625000 0.166667
vt 0.645833 0.166667
vt 0.666667 0.166667
vt 0.687500 0.166667
vt 0.708333 0.166667
vt 0.729167 0.166667
vt 0.750000 0.166667
vt 0.770833 0.166667
vt 0.791667 0.166667
vt 0.812500 0.166667
vt 0.833333 0.166667
vt 0.854167 0.166667
vt 0.875000 0.166667
vt 0.895833 0.166667
vt 0.916667 0.166667
vt 0.937500 0.166667
vt 0.958333 0.166667
vt 0.979167 0.166667
vt 0.000000 0.125000
vt 0.020833 0.125000
vt 0.041667 0.125000
vt 0.062500 0.125000
vt 0.083333 0.125000
vt 0.104167 0.125000
vt 0.125000 0.125000
vt 0.145833 0.125000
vt 0.166667 0.125000
vt 0.187500 0.125000
vt 0.208333 0.125000
vt 0.229167 0.125000
vt 0.250000 0.125000
vt 0.270833 0.125000
vt 0.291667 0.125000
vt 0.312500 0.125000
vt 0.333333 0.125000
vt 0.354167 0.125000
vt 0.375000 0.125000
vt 0.395833 0.125000
vt 0.416667 0.125000
vt 0.437500 0.125000
vt 0.458333 0.125000
vt 0.479167 0.125000
vt 0.500000 0.125000
vt 0.520833 0.125000
vt 0.541667 0.125000
vt 0.562500 0.125000
vt 0.583333 0.125000
vt 0.604167 0.125000
vt 0.625000 0.125000
vt 0.645833 0.125000
vt 0.666667 0.125000
vt 0.687500 0.125000
vt 0.708333 0.125000
vt 0.729167 0.125000
vt 0.750000 0.125000
vt 0.770833 0.125000
vt 0.791667 0.125000
vt 0.812500 0.125000
vt 0.833333 0.125000
vt 0.854167 0.125000
vt 0.875000 0.125000
vt 0.895833 0.125000
vt 0.916667 0.125000
vt 0.937500 0.125000
vt 0.958333 0.125000
vt 0.979167 0.125000
vt 0.000000 0.083333
vt 0.020833 0.083333
vt 0.041667 0.083333
vt 0.062500 0.083333
vt 0.083333 0.083333
vt 0.104167 0.083333
vt 0.125000 0.083333
vt 0.145833 0.083333
vt 0.166667 0.083333
vt 0.187500 0.083333
vt 0.208333 0.083333
vt 0.229167 0.083333
vt 0.250000 0.083333
vt 0.270833 0.083333
vt 0.291667 0.083333
vt 0.312500 0.083333
vt 0.333333 0.083333
vt 0.354167 0.083333
vt 0.375000 0.083333
vt 0.395833 0.083333
vt 0.416667 0.083333
vt 0.437500 0.083333
vt 0.458333 0.083333
vt 0.479167 0.083333
vt 0.500000 0.083333
vt 0.520833 0.083333
vt 0.541667 0.083333
vt 0.562500 0.083333
vt 0.583333 0.083333
vt 0.604167 0.083333
vt 0.625000 0.083333
vt 0.645833 0.083333
vt 0.666667 0.083333
vt 0.687500 0.083333
vt 0.708333 0.083333
vt 0.729167 0.083333
vt 0.750000 0.083333
vt 0.770833 0.083333
vt 0.791667 0.083333
vt 0.812500 0.083333
vt 0.833333 0.083333
vt 0.854167 0.083333
vt 0.875000 0.083333
vt 0.895833 0.083333
vt 0.916667 0.083333
vt 0.937500 0.083333
vt 0.958333 0.083333
vt 0.979167 0.083333
vt 0.000000 0.041667
vt 0.020833 0.041667
vt 0.041667 0.041667
vt 0.062500 0.041667
vt 0.083333 0.041667
vt 0.104167 0.041667
vt 0.125000 0.041667
vt 0.145833 0.041667
vt 0.166667 0.041667
vt 0.187500 0.041667
vt 0.208333 0.041667
vt 0.229167 0.041667
vt 0.250000 0.041667
vt 0.270833 0.041667
vt 0.291667 0.041667
vt 0.312500 0.041667
vt 0.333333 0.041667
vt 0.354167 0.041667
vt 0.375000 0.041667
vt 0.395833 0.041667
vt 0.416667 0.041667
vt 0.437500 0.041667
vt 0.458333 0.041667
vt 0.479167 0.041667
vt 0.500000 0.041667
vt 0.520833 0.041667
vt 0.541667 0.041667
vt 0.562500 0.041667
vt 0.583333 0.041667
vt 0.604167 0.041667
vt 0.625000 0.041667
vt 0.645833 0.041667
vt 0.666667 0.041667
vt 0.687500 0.041667
vt 0.708333 0.041667
vt 0.729167 0.041667
vt 0.750000 0.041667
vt 0.770833 0.041667
vt 0.791667 0.041667
vt 0.812500 0.041667
vt 0.833333 0.041667
vt 0.854167 0.041667
vt 0.875000 0.041667
vt 0.895833 0.041667
vt 0.916667 0.041667
vt 0.937500 0.041667
vt 0.958333 0.041667
vt 0.979167 0.041667
vt 0.500000 0.000000
vn 0.000000 1.000000 0.000000
vn 0.130526 0.991445 0.000000
vn 0.129410 0.991445 0.017037
vn 0.126079 0.991445 0.033783
vn 0.120590 0.991445 0.049950
vn 0.113039 0.991445 0.065263
vn 0.103553 0.991445 0.079459
vn 0.092296 0.991445 0.092296
vn 0.079459 0.991445 0.103553
vn 0.065263 0.991445 0.113039
vn 0.049950 0.991445 0.120590
vn 0.033783 0.991445 0.126079
vn 0.017037 0.991445 0.129410
vn 0.000000 0.991445 0.130526
vn -0.017037 0.991445 0.129410
vn -0.033783 0.991445 0.126079
vn -0.049950 0.991445 0.120590
vn -0.065263 0.991445 0.113039
vn -0.079459 0.991445 0.103553
vn -0.092296 0.991445 0.092296
vn -0.103553 0.991445 0.079459
vn -0.113039 0.991445 0.065263
vn -0.120590 0.991445 0.049950
vn -0.126079 0.991445 0.033783
vn -0.129410 0.991445 0.017037
vn -0.130526 0.991445 0.000000
vn -0.129410 0.991445 -0.017037
vn -0.126079 0.991445 -0.033783
vn -0.120590 0.991445 -0.049950
vn -0.113039 0.991445 -0.065263
vn -0.103553 0.991445 -0.079459
vn -0.092296 0.991445 -0.092296
vn -0.079459 0.991445 -0.103553
vn -0.065263 0.991445 -0.113039
vn -0.049950 0.991445 -0.120590
vn -0.033783 0.991445 -0.126079
vn -0.017037 0.991445 -0.129410
vn -0.000000 0.991445 -0.130526
vn 0.017037 0.991445 -0.129410
vn 0.033783 0.991445 -0.126079
vn 0.049950 0.991445 -0.120590
vn 0.065263 0.991445 -0.113039
vn 0.079459 0.991445 -0.103553
vn 0.092296 0.991445 -0.092296
vn 0.103553 0.991445 -0.079459
vn 0.113039 0.991445 -0.065263
vn 0.120590 0.991445 -0.049950
vn 0.126079 0.991445 -0.033783
vn 0.129410 0.991445 -0.017037
vn 0.258819 0.965926 0.000000
vn 0.256605 0.965926 0.033783
vn 0.250000 0.965926 0.066987
vn 0.239118 0.965926 0.099046
vn 0.224144 0.965926 0.129410
vn 0.205335 0.965926 0.157559
vn 0.183013 0.965926 0.183013
vn 0.157559 0.965926 0.205335
vn 0.129410 0.965926 0.224144
vn 0.099046 0.965926 0.239118
vn 0.066987 0.965926 0.250000
vn 0.033783 0.965926 0.256605
vn 0.000000 0.965926 0.258819
vn -0.033783 0.965926 0.256605
vn -0.066987 0.965926 0.250000
vn -0.099046 0.965926 0.239118
vn -0.129410 0.965926 0.224144
vn -0.157559 0.965926 0.205335
vn -0.183013 0.965926 0.183013
vn -0.205335 0.965926 0.157559
vn -0.224144 0.965926 0.129410
vn -0.239118 0.965926 0.099046
vn -0.250000 0.965926 0.066987
vn -0.256605 0.965926 0.033783
vn -0.258819 0.965926 0.000000
vn -0.256605 0.965926 -0.033783
vn -0.250000 0.965926 -0.066987
vn -0.239118 0.965926 -0.099046
vn -0.224144 0.965926 -0.129410
vn -0.205335 0.965926 -0.157559
vn -0.183013 0.965926 -0.183013
vn -0.157559 0.965926 -0.205335
vn -0.129410 0.965926 -0.224144
vn -0.099046 0.965926 -0.239118
vn -0.066987 0.965926 -0.250000
vn -0.033783 0.965926 -0.256605
vn -0.000000 0.965926 -0.258819
vn 0.033783 0.965926 -0.256605
vn 0.066987 0.965926 -0.250000
vn 0.099046 0.965926 -0.239118
vn 0.129410 0.965926 -0.224144
vn 0.157559 0.965926 -0.205335
vn 0.183013 0.965926 -0.183013
vn 0.205335 0.965926 -0.157559
vn 0.224144 0.965926 -0.129410
vn 0.239118 0.965926 -0.099046
vn 0.250000 0.965926 -0.066987
vn 0.256605 0.965926 -0.033783
vn 0.382683 0.923880 0.000000
vn 0.379410 0.923880 0.049950
vn 0.369644 0.923880 0.099046
vn 0.353553 0.923880 0.146447
vn 0.331414 0.923880 0.191342
vn 0.303603 0.923880 0.232963
vn 0.270598 0.923880 0.270598
vn 0.232963 0.923880 0.303603
vn 0.191342 0.923880 0.331414
vn 0.146447 0.923880 0.353553
vn 0.099046 0.923880 0.369644
vn 0.049950 0.923880 0.379410
vn 0.000000 0.923880 0.382683
vn -0.049950 0.923880 0.379410
vn -0.099046 0.923880 0.369644
vn -0.146447 0.923880 0.353553
vn -0.191342 0.923880 0.331414
vn -0.232963 0.923880 0.303603
vn -0.270598 0.923880 0.270598
vn -0.303603 0.923880 0.232963
vn -0.331414 0.923880 0.191342
vn -0.353553 0.923880 0.146447
vn -0.369644 0.923880 0.099046
vn -0.379410 0.923880 0.049950
vn -0.382683 0.923880 0.000000
vn -0.379410 0.923880 -0.049950
vn -0.369644 0.923880 -0.099046
vn -0.353553 0.923880 -0.146447
vn -0.331414 0.923880 -0.191342
vn -0.303603 0.923880 -0.232963
vn -0.270598 0.923880 -0.270598
vn -0.232963 0.923880 -0.303603
vn -0.191342 0.923880 -0.331414
vn -0.146447 0.923880 -0.353553
vn -0.099046 0.923880 -0.369644
vn -0.049950 0.923880 -0.379410
vn -0.000000 0.923880 -0.382683
vn 0.049950 0.923880 -0.379410
vn 0.099046 0.923880 -0.369644
vn 0.146447 0.923880 -0.353553
vn 0.191342 0.923880 -0.331414
vn 0.232963 0.923880 -0.303603
vn 0.270598 0.923880 -0.270598
vn 0.303603 0.923880 -0.232963
vn 0.331414 0.923880 -0.191342
vn 0.353553 0.923880 -0.146447
vn 0.369644 0.923880 -0.099046
vn 0.379410 0.923880 -0.049950
vn 0.500000 0.866025 0.000000
vn 0.495722 0.866025 0.065263
vn 0.482963 0.866025 0.129410
vn 0.461940 0.866025 0.191342
vn 0.433013 0.866025 0.250000
vn 0.396677 0.866025 0.304381
vn 0.353553 0.866025 0.353553
vn 0.304381 0.866025 0.396677
vn 0.250000 0.866025 0.433013
vn 0.191342 0.866025 0.461940
vn 0.129410 0.866025 0.482963
vn 0.065263 0.866025 0.495722
vn 0.000000 0.866025 0.500000
vn -0.065263 0.866025 0.495722
vn -0.129410 0.866025 0.482963
vn -0.191342 0.866025 0.461940
vn -0.250000 0.866025 0.433013
vn -0.304381 0.866025 0.396677
vn -0.353553 0.866025 0.353553
vn -0.396677 0.866025 0.304381
vn -0.433013 0.866025 0.250000
vn -0.461940 0.866025 0.191342
vn -0.482963 0.866025 0.129410
vn -0.495722 0.866025 0.065263
vn -0.500000 0.866025 0.000000
vn -0.495722 0.866025 -0.065263
vn -0.482963 0.866025 -0.129410
vn -0.461940 0.866025 -0.191342
vn -0.433013 0.866025 -0.250000
vn -0.396677 0.866025 -0.304381
vn -0.353553 0.866025 -0.353553
vn -0.304381 0.866025 -0.396677
vn -0.250000 0.866025 -0.433013
vn -0.191342 0.866025 -0.461940
vn -0.129410 0.866025 -0.482963
vn -0.065263 0.866025 -0.495722
vn -0.000000 0.866025 -0.500000
vn 0.065263 0.866025 -0.495722
vn 0.129410 0.866025 -0.482963
vn 0.191342 0.866025 -0.461940
vn 0.250000 0.866025 -0.433013
vn 0.304381 0.866025 -0.396677
vn 0.353553 0.866025 -0.353553
vn 0.396677 0.866025 -0.304381
vn 0.433013 0.866025 -0.250000
vn 0.461940 0.866025 -0.191342
vn 0.482963 0.866025 -0.129410
vn 0.495722 0.866025 -0.065263
vn 0.608761 0.793353 0.000000
vn 0.603553 0.793353 0.079459
vn 0.588018 0.793353 0.157559
vn 0.562422 0.793353 0.232963
vn 0.527203 0.793353 0.304381
vn 0.482963 0.793353 0.370590
vn 0.430459 0.793353 0.430459
vn 0.370590 0.793353 0.482963
vn 0.304381 0.793353 0.527203
vn 0.232963 0.793353 0.562422
vn 0.157559 0.793353 0.588018
vn 0.079459 0.793353 0.603553
vn 0.000000 0.793353 0.608761
vn -0.079459 0.793353 0.603553
vn -0.157559 0.793353 0.588018
vn -0.232963 0.793353 0.562422
vn -0.304381 0.793353 0.527203
vn -0.370590 0.793353 0.482963
vn -0.430459 0.793353 0.430459
vn -0.482963 0.793353 0.370590
vn -0.527203 0.793353 0.304381
vn -0.562422 0.793353 0.232963
vn -0.588018 0.793353 0.157559
vn -0.603553 0.793353 0.079459
vn -0.608761 0.793353 0.000000
vn -0.603553 0.793353 -0.079459
vn -0.588018 0.793353 -0.157559
vn -0.562422 0.793353 -0.232963
vn -0.527203 0.793353 -0.304381
vn -0.482963 0.793353 -0.370590
vn -0.430459 0.793353 -0.430459
vn -0.370590 0.793353 -0.482963
vn -0.304381 0.793353 -0.527203
vn -0.232963 0.793353 -0.562422
vn -0.157559 0.793353 -0.588018
vn -0.079459 0.793353 -0.603553
vn -0.000000 0.793353 -0.608761
vn 0.079459 0.793353 -0.603553
vn 0.157559 0.793353 -0.588018
vn 0.232963 0.793353 -0.562422
vn 0.304381 0.793353 -0.527203
vn 0.370590 0.793353 -0.482963
vn 0.430459 0.793353 -0.430459
vn 0.482963 0.793353 -0.370590
vn 0.527203 0.793353 -0.304381
vn 0.562422 0.793353 -0.232963
vn 0.588018 0.793353 -0.157559
vn 0.603553 0.793353 -0.079459
vn 0.707107 0.707107 0.000000
vn 0.701057 0.707107 0.092296
vn 0.683013 0.707107 0.183013
vn 0.653281 0.707107 0.270598
vn 0.612372 0.707107 0.353553
vn 0.560986 0.707107 0.430459
vn 0.500000 0.707107 0.500000
vn 0.430459 0.707107 0.560986
vn 0.353553 0.707107 0.612372
vn 0.270598 0.707107 0.653281
vn 0.183013 0.707107 0.683013
vn 0.092296 0.707107 0.701057
vn 0.000000 0.707107 0.707107
vn -0.092296 0.707107 0.701057
vn -0.183013 0.707107 0.683013
vn -0.270598 0.707107 0.653281
vn -0.353553 0.707107 0.612372
vn -0.430459 0.707107 0.560986
vn -0.500000 0.707107 0.500000
vn -0.560986 0.707107 0.430459
vn -0.612372 0.707107 0.353553
vn -0.653281 0.707107 0.270598
vn -0.683013 0.707107 0.183013
vn -0.701057 0.707107 0.092296
vn -0.707107 0.707107 0.000000
vn -0.701057 0.707107 -0.092296
vn -0.683013 0.707107 -0.183013
vn -0.653281 0.707107 -0.270598
vn -0.612372 0.707107 -0.353553
vn -0.560986 0.707107 -0.430459
vn -0.500000 0.707107 -0.500000
vn -0.430459 0.707107 -0.560986
vn -0.353553 0.707107 -0.612372
vn -0.270598 0.707107 -0.653281
vn -0.183013 0.707107 -0.683013
vn -0.092296 0.707107 -0.701057
vn -0.000000 0.707107 -0.707107
vn 0.092296 0.707107 -0.701057
vn 0.183013 0.707107 -0.683013
vn 0.270598 0.707107 -0.653281
vn 0.353553 0.707107 -0.612372
vn 0.430459 0.707107 -0.560986
vn 0.500000 0.707107 -0.500000
vn 0.560986 0.707107 -0.430459
vn 0.612372 0.707107 -0.353553
vn 0.653281 0.707107 -0.270598
vn 0.683013 0.707107 -0.183013
vn 0.701057 0.707107 -0.092296
vn 0.793353 0.608761 0.000000
vn 0.786566 0.608761 0.103553
vn 0.766320 0.608761 0.205335
vn 0.732963 0.608761 0.303603
vn 0.687064 0.608761 0.396677
vn 0.629410 0.608761 0.482963
vn 0.560986 0.608761 0.560986
vn 0.482963 0.608761 0.629410
vn 0.396677 0.608761 0.687064
vn 0.303603 0.608761 0.732963
vn 0.205335 0.608761 0.766320
vn 0.103553 0.608761 0.786566
vn 0.000000 0.608761 0.793353
vn -0.103553 0.608761 0.786566
vn -0.205335 0.608761 0.766320
vn -0.303603 0.608761 0.732963
vn -0.396677 0.608761 0.687064
vn -0.482963 0.608761 0.629410
vn -0.560986 0.608761 0.560986
vn -0.629410 0.608761 0.482963
vn -0.687064 0.608761 0.396677
vn -0.732963 0.608761 0.303603
vn -0.766320 0.608761 0.205335
vn -0.786566 0.608761 0.103553
vn -0.793353 0.608761 0.000000
vn -0.786566 0.608761 -0.103553
vn -0.766320 0.608761 -0.205335
vn -0.732963 0.608761 -0.303603
vn -0.687064 0.608761 -0.396677
vn -0.629410 0.608761 -0.482963
vn -0.560986 0.608761 -0.560986
vn -0.482963 0.608761 -0.629410
vn -0.396677 0.608761 -0.687064
vn -0.303603 0.608761 -0.732963
vn -0.205335 0.608761 -0.766320
vn -0.103553 0.608761 -0.786566
vn -0.000000 0.608761 -0.793353
vn 0.103553 0.608761 -0.786566
vn 0.205335 0.608761 -0.766320
vn 0.303603 0.608761 -0.732963
vn 0.396677 0.608761 -0.687064
vn 0.482963 0.608761 -0.629410
vn 0.560986 0.608761 -0.560986
vn 0.629410 0.608761 -0.482963
vn 0.687064 0.608761 -0.396677
vn 0.732963 0.608761 -0.303603
vn 0.766320 0.608761 -0.205335
vn 0.786566 0.608761 -0.103553
vn 0.866025 0.500000 0.000000
vn 0.858616 0.500000 0.113039
vn 0.836516 0.500000 0.224144
vn 0.800103 0.500000 0.331414
vn 0.750000 0.500000 0.433013
vn 0.687064 0.500000 0.527203
vn 0.612372 0.500000 0.612372
vn 0.527203 0.500000 0.687064
vn 0.433013 0.500000 0.750000
vn 0.331414 0.500000 0.800103
vn 0.224144 0.500000 0.836516
vn 0.113039 0.500000 0.858616
vn 0.000000 0.500000 0.866025
vn -0.113039 0.500000 0.858616
vn -0.224144 0.500000 0.836516
vn -0.331414 0.500000 0.800103
vn -0.433013 0.500000 0.750000
vn -0.527203 0.500000 0.687064
vn -0.612372 0.500000 0.612372
vn -0.687064 0.500000 0.527203
vn -0.750000 0.500000 0.433013
vn -0.800103 0.500000 0.331414
vn -0.836516 0.500000 0.224144
vn -0.858616 0.500000 0.113039
vn -0.866025 0.500000 0.000000
vn -0.858616 0.500000 -0.113039
vn -0.836516 0.500000 -0.224144
vn -0.800103 0.500000 -0.331414
vn -0.750000 0.500000 -0.433013
vn -0.687064 0.500000 -0.527203
vn -0.612372 0.500000 -0.612372
vn -0.527203 0.500000 -0.687064
vn -0.433013 0.500000 -0.750000
vn -0.331414 0.500000 -0.800103
vn -0.224144 0.500000 -0.836516
vn -0.113039 0.500000 -0.858616
vn -0.000000 0.500000 -0.866025
vn 0.113039 0.500000 -0.858616
vn 0.224144 0.500000 -0.836516
vn 0.331414 0.500000 -0.800103
vn 0.433013 0.500000 -0.750000
vn 0.527203 0.500000 -0.687064
vn 0.612372 0.500000 -0.612372
vn 0.687064 0.500000 -0.527203
vn 0.750000 0.500000 -0.433013
vn 0.800103 0.500000 -0.331414
vn 0.836516 0.500000 -0.224144
vn 0.858616 0.500000 -0.113039
vn 0.923880 0.382683 0.000000
vn 0.915976 0.382683 0.120590
vn 0.892399 0.382683 0.239118
vn 0.853553 0.382683 0.353553
vn 0.800103 0.382683 0.461940
vn 0.732963 0.382683 0.562422
vn 0.653281 0.382683 0.653281
vn 0.562422 0.382683 0.732963
vn 0.461940 0.382683 0.800103
vn 0.353553 0.382683 0.853553
vn 0.239118 0.382683 0.892399
vn 0.120590 0.382683 0.915976
vn 0.000000 0.382683 0.923880
vn -0.120590 0.382683 0.915976
vn -0.239118 0.382683 0.892399
vn -0.353553 0.382683 0.853553
vn -0.461940 0.382683 0.800103
vn -0.562422 0.382683 0.732963
vn -0.653281 0.382683 0.653281
vn -0.732963 0.382683 0.562422
vn -0.800103 0.382683 0.461940
vn -0.853553 0.382683 0.353553
vn -0.892399 0.382683 0.239118
vn -0.915976 0.382683 0.120590
vn -0.923880 0.382683 0.000000
vn -0.915976 0.382683 -0.120590
vn -0.892399 0.382683 -0.239118
vn -0.853553 0.382683 -0.353553
vn -0.800103 0.382683 -0.461940
vn -0.732963 0.382683 -0.562422
vn -0.653281 0.382683 -0.653281
vn -0.562422 0.382683 -0.732963
vn -0.461940 0.382683 -0.800103
vn -0.353553 0.382683 -0.853553
vn -0.239118 0.382683 -0.892399
vn -0.120590 0.382683 -0.915976
vn -0.000000 0.382683 -0.923880
vn 0.120590 0.382683 -0.915976
vn 0.239118 0.382683 -0.892399
vn 0.353553 0.382683 -0.853553
vn 0.461940 0.382683 -0.800103
vn 0.562422 0.382683 -0.732963
vn 0.653281 0.382683 -0.653281
vn 0.732963 0.382683 -0.562422
vn 0.800103 0.382683 -0.461940
vn 0.853553 0.382683 -0.353553
vn 0.892399 0.382683 -0.239118
vn 0.915976 0.382683 -0.120590
vn 0.965926 0.258819 0.000000
vn 0.957662 0.258819 0.126079
vn 0.933013 0.258819 0.250000
vn 0.892399 0.258819 0.369644
vn 0.836516 0.258819 0.482963
vn 0.766320 0.258819 0.588018
vn 0.683013 0.258819 0.683013
vn 0.588018 0.258819 0.766320
vn 0.482963 0.258819 0.836516
vn 0.369644 0.258819 0.892399
vn 0.250000 0.258819 0.933013
vn 0.126079 0.258819 0.957662
vn 0.000000 0.258819 0.965926
vn -0.126079 0.258819 0.957662
vn -0.250000 0.258819 0.933013
vn -0.369644 0.258819 0.892399
vn -0.482963 0.258819 0.836516
vn -0.588018 0.258819 0.766320
vn -0.683013 0.258819 0.683013
vn -0.766320 0.258819 0.588018
vn -0.836516 0.258819 0.482963
vn -0.892399 0.258819 0.369644
vn -0.933013 0.258819 0.250000
vn -0.957662 0.258819 0.126079
vn -0.965926 0.258819 0.000000
vn -0.957662 0.258819 -0.126079
vn -0.933013 0.258819 -0.250000
vn -0.892399 0.258819 -0.369644
vn -0.836516 0.258819 -0.482963
vn -0.766320 0.258819 -0.588018
vn -0.683013 0.258819 -0.683013
vn -0.588018 0.258819 -0.766320
vn -0.482963 0.258819 -0.836516
vn -0.369644 0.258819 -0.892399
vn -0.250000 0.258819 -0.933013
vn -0.126079 0.258819 -0.957662
vn -0.000000 0.258819 -0.965926
vn 0.126079 0.258819 -0.957662
vn 0.250000 0.258819 -0.933013
vn 0.369644 0.258819 -0.892399
vn 0.482963 0.258819 -0.836516
vn 0.588018 0.258819 -0.766320
vn 0.683013 0.258819 -0.683013
vn 0.766320 0.258819 -0.588018
vn 0.836516 0.258819 -0.482963
vn 0.892399 0.258819 -0.369644
vn 0.933013 0.258819 -0.250000
vn 0.957662 0.258819 -0.126079
vn 0.991445 0.130526 0.000000
vn 0.982963 0.130526 0.129410
vn 0.957662 0.130526 0.256605
vn 0.915976 0.130526 0.379410
vn 0.858616 0.130526 0.495722
vn 0.786566 0.130526 0.603553
vn 0.701057 0.130526 0.701057
vn 0.603553 0.130526 0.786566
vn 0.495722 0.130526 0.858616
vn 0.379410 0.130526 0.915976
vn 0.256605 0.130526 0.957662
vn 0.129410 0.130526 0.982963
vn 0.000000 0.130526 0.991445
vn -0.129410 0.130526 0.982963
vn -0.256605 0.130526 0.957662
vn -0.379410 0.130526 0.915976
vn -0.495722 0.130526 0.858616
vn -0.603553 0.130526 0.786566
vn -0.701057 0.130526 0.701057
vn -0.786566 0.130526 0.603553
vn -0.858616 0.130526 0.495722
vn -0.915976 0.130526 0.379410
vn -0.957662 0.130526 0.256605
vn -0.982963 0.130526 0.129410
vn -0.991445 0.130526 0.000000
vn -0.982963 0.130526 -0.129410
vn -0.957662 0.130526 -0.256605
vn -0.915976 0.130526 -0.379410
vn -0.858616 0.130526 -0.495722
vn -0.786566 0.130526 -0.603553
vn -0.701057 0.130526 -0.701057
vn -0.603553 0.130526 -0.786566
vn -0.495722 0.130526 -0.858616
vn -0.379410 0.130526 -0.915976
vn -0.256605 0.130526 -0.957662
vn -0.129410 0.130526 -0.982963
vn -0.000000 0.130526 -0.991445
vn 0.129410 0.130526 -0.982963
vn 0.256605 0.130526 -0.957662
vn 0.379410 0.130526 -0.915976
vn 0.495722 0.130526 -0.858616
vn 0.603553 0.130526 -0.786566
vn 0.701057 0.130526 -0.701057
vn 0.786566 0.130526 -0.603553
vn 0.858616 0.130526 -0.495722
vn 0.915976 0.130526 -0.379410
vn 0.957662 0.130526 -0.256605
vn 0.982963 0.130526 -0.129410
vn 1.000000 0.000000 0.000000
vn 0.991445 0.000000 0.130526
vn 0.965926 0.000000 0.258819
vn 0.923880 0.000000 0.382683
vn 0.866025 0.000000 0.500000
vn 0.793353 0.000000 0.608761
vn 0.707107 0.000000 0.707107
vn 0.608761 0.000000 0.793353
vn 0.500000 0.000000 0.866025
vn 0.382683 0.000000 0.923880
vn 0.258819 0.000000 0.965926
vn 0.130526 0.000000 0.991445
vn 0.000000 0.000000 1.000000
vn -0.130526 0.000000 0.991445
vn -0.258819 0.000000 0.965926
vn -0.382683 0.000000 0.923880
vn -0.500000 0.000000 0.866025
vn -0.608761 0.000000 0.793353
vn -0.707107 0.000000 0.707107
vn -0.793353 0.000000 0.608761
vn -0.866025 0.000000 0.500000
vn -0.923880 0.000000 0.382683
vn -0.965926 0.000000 0.258819
vn -0.991445 0.000000 0.130526
vn -1.000000 0.000000 0.000000
vn -0.991445 0.000000 -0.130526
vn -0.965926 0.000000 -0.258819
vn -0.923880 0.000000 -0.382683
vn -0.866025 0.000000 -0.500000
vn -0.793353 0.000000 -0.608761
vn -0.707107 0.000000 -0.707107
vn -0.608761 0.000000 -0.793353
vn -0.500000 0.000000 -0.866025
vn -0.382683 0.000000 -0.923880
vn -0.258819 0.000000 -0.965926
vn -0.130526 0.000000 -0.991445
vn -0.000000 0.000000 -1.000000
vn 0.130526 0.000000 -0.991445
vn 0.258819 0.000000 -0.965926
vn 0.382683 0.000000 -0.923880
vn 0.500000 0.000000 -0.866025
vn 0.608761 0.000000 -0.793353
vn 0.707107 0.000000 -0.707107
vn 0.793353 0.000000 -0.608761
vn 0.866025 0.000000 -0.500000
vn 0.923880 0.000000 -0.382683
vn 0.965926 0.000000 -0.258819
vn 0.991445 0.000000 -0.130526
vn 0.991445 -0.130526 0.000000
vn 0.982963 -0.130526 0.129410
vn 0.957662 -0.130526 0.256605
vn 0.915976 -0.130526 0.379410
vn 0.858616 -0.130526 0.495722
vn 0.786566 -0.130526 0.603553
vn 0.701057 -0.130526 0.701057
vn 0.603553 -0.130526 0.786566
vn 0.495722 -0.130526 0.858616
vn 0.379410 -0.130526 0.915976
vn 0.256605 -0.130526 0.957662
vn 0.129410 -0.130526 0.982963
vn 0.000000 -0.130526 0.991445
vn -0.129410 -0.130526 0.982963
vn -0.256605 -0.130526 0.957662
vn -0.379410 -0.130526 0.915976
vn -0.495722 -0.130526 0.858616
vn -0.603553 -0.130526 0.786566
vn -0.701057 -0.130526 0.701057
vn -0.786566 -0.130526 0.603553
vn -0.858616 -0.130526 0.495722
vn -0.915976 -0.130526 0.379410
vn -0.957662 -0.130526 0.256605
vn -0.982963 -0.130526 0.129410
vn -0.991445 -0.130526 0.000000
vn -0.982963 -0.130526 -0.129410
vn -0.957662 -0.130526 -0.256605
vn -0.915976 -0.130526 -0.379410
vn -0.858616 -0.130526 -0.495722
vn -0.786566 -0.130526 -0.603553
vn -0.701057 -0.130526 -0.701057
vn -0.603553 -0.130526 -0.786566
vn -0.495722 -0.130526 -0.858616
vn -0.379410 -0.130526 -0.915976
vn -0.256605 -0.130526 -0.957662
vn -0.129410 -0.130526 -0.982963
vn -0.000000 -0.130526 -0.991445
vn 0.129410 -0.130526 -0.982963
vn 0.256605 -0.130526 -0.957662
vn 0.379410 -0.130526 -0.915976
vn 0.495722 -0.130526 -0.858616
vn 0.603553 -0.130526 -0.786566
vn 0.701057 -0.130526 -0.701057
vn 0.786566 -0.130526 -0.603553
vn 0.858616 -0.130526 -0.495722
vn 0.915976 -0.130526 -0.379410
vn 0.957662 -0.130526 -0.256605
vn 0.982963 -0.130526 -0.129410
vn 0.965926 -0.258819 0.000000
vn 0.957662 -0.258819 0.126079
vn 0.933013 -0.258819 0.250000
vn 0.892399 -0.258819 0.369644
vn 0.836516 -0.258819 0.482963
vn 0.766320 -0.258819 0.588018
vn 0.683013 -0.258819 0.683013
vn 0.588018 -0.258819 0.766320
vn 0.482963 -0.258819 0.836516
vn 0.369644 -0.258819 0.892399
vn 0.250000 -0.258819 0.933013
vn 0.126079 -0.258819 0.957662
vn 0.000000 -0.258819 0.965926
vn -0.126079 -0.258819 0.957662
vn -0.250000 -0.258819 0.933013
vn -0.369644 -0.258819 0.892399
vn -0.482963 -0.258819 0.836516
vn -0.588018 -0.258819 0.766320
vn -0.683013 -0.258819 0.683013
vn -0.766320 -0.258819 0.588018
vn -0.836516 -0.258819 0.482963
vn -0.892399 -0.258819 0.369644
vn -0.933013 -0.258819 0.250000
vn -0.957662 -0.258819 0.126079
vn -0.965926 -0.258819 0.000000
vn -0.957662 -0.258819 -0.126079
vn -0.933013 -0.258819 -0.250000
vn -0.892399 -0.258819 -0.369644
vn -0.836516 -0.258819 -0.482963
vn -0.766320 -0.258819 -0.588018
vn -0.683013 -0.258819 -0.683013
vn -0.588018 -0.258819 -0.766320
vn -0.482963 -0.258819 -0.836516
vn -0.369644 -0.258819 -0.892399
vn -0.250000 -0.258819 -0.933013
vn -0.126079 -0.258819 -0.957662
vn -0.000000 -0.258819 -0.965926
vn 0.126079 -0.258819 -0.957662
vn 0.250000 -0.258819 -0.933013
vn 0.369644 -0.258819 -0.892399
vn 0.482963 -0.258819 -0.836516
vn 0.588018 -0.258819 -0.766320
vn 0.683013 -0.258819 -0.683013
vn 0.766320 -0.258819 -0.588018
vn 0.836516 -0.258819 -0.482963
vn 0.892399 -0.258819 -0.369644
vn 0.933013 -0.258819 -0.250000
vn 0.957662 -0.258819 -0.126079
vn 0.923880 -0.382683 0.000000
vn 0.915976 -0.382683 0.120590
vn 0.892399 -0.382683 0.239118
vn 0.853553 -0.382683 0.353553
vn 0.800103 -0.382683 0.461940
vn 0.732963 -0.382683 0.562422
vn 0.653281 -0.382683 0.653281
vn 0.562422 -0.382683 0.732963
vn 0.461940 -0.382683 0.800103
vn 0.353553 -0.382683 0.853553
vn 0.239118 -0.382683 0.892399
vn 0.120590 -0.382683 0.915976
vn 0.000000 -0.382683 0.923880
vn -0.120590 -0.382683 0.915976
vn -0.239118 -0.382683 0.892399
vn -0.353553 -0.382683 0.853553
vn -0.461940 -0.382683 0.800103
vn -0.562422 -0.382683 0.732963
vn -0.653281 -0.382683 0.653281
vn -0.732963 -0.382683 0.562422
vn -0.800103 -0.382683 0.461940
vn -0.853553 -0.382683 0.353553
vn -0.892399 -0.382683 0.239118
vn -0.915976 -0.382683 0.120590
vn -0.923880 -0.382683 0.000000
vn -0.915976 -0.382683 -0.120590
vn -0.892399 -0.382683 -0.239118
vn -0.853553 -0.382683 -0.353553
vn -0.800103 -0.382683 -0.461940
vn -0.732963 -0.382683 -0.562422
vn -0.653281 -0.382683 -0.653281
vn -0.562422 -0.382683 -0.732963
vn -0.461940 -0.382683 -0.800103
vn -0.353553 -0.382683 -0.853553
vn -0.239118 -0.382683 -0.892399
vn -0.120590 -0.382683 -0.915976
vn -0.000000 -0.382683 -0.923880
vn 0.120590 -0.382683 -0.915976
vn 0.239118 -0.382683 -0.892399
vn 0.353553 -0.382683 -0.853553
vn 0.461940 -0.382683 -0.800103
vn 0.562422 -0.382683 -0.732963
vn 0.653281 -0.382683 -0.653281
vn 0.732963 -0.382683 -0.562422
vn 0.800103 -0.382683 -0.461940
vn 0.853553 -0.382683 -0.353553
vn 0.892399 -0.382683 -0.239118
vn 0.915976 -0.382683 -0.120590
vn 0.866025 -0.500000 0.000000
vn 0.858616 -0.500000 0.113039
vn 0.836516 -0.500000 0.224144
vn 0.800103 -0.500000 0.331414
vn 0.750000 -0.500000 0.433013
vn 0.687064 -0.500000 0.527203
vn 0.612372 -0.500000 0.612372
vn 0.527203 -0.500000 0.687064
vn 0.433013 -0.500000 0.750000
vn 0.331414 -0.500000 0.800103
vn 0.224144 -0.500000 0.836516
vn 0.113039 -0.500000 0.858616
vn 0.000000 -0.500000 0.866025
vn -0.113039 -0.500000 0.858616
vn -0.224144 -0.500000 0.836516
vn -0.331414 -0.500000 0.800103
vn -0.433013 -0.500000 0.750000
vn -0.527203 -0.500000 0.687064
vn -0.612372 -0.500000 0.612372
vn -0.687064 -0.500000 0.527203
vn -0.750000 -0.500000 0.433013
vn -0.800103 -0.500000 0.331414
vn -0.836516 -0.500000 0.224144
vn -0.858616 -0.500000 0.113039
vn -0.866025 -0.500000 0.000000
vn -0.858616 -0.500000 -0.113039
vn -0.836516 -0.500000 -0.224144
vn -0.800103 -0.500000 -0.331414
vn -0.750000 -0.500000 -0.433013
vn -0.687064 -0.500000 -0.527203
vn -0.612372 -0.500000 -0.612372
vn -0.527203 -0.500000 -0.687064
vn -0.433013 -0.500000 -0.750000
vn -0.331414 -0.500000 -0.800103
vn -0.224144 -0.500000 -0.836516
vn -0.113039 -0.500000 -0.858616
vn -0.000000 -0.500000 -0.866025
vn 0.113039 -0.500000 -0.858616
vn 0.224144 -0.500000 -0.836516
vn 0.331414 -0.500000 -0.800103
vn 0.433013 -0.500000 -0.750000
vn 0.527203 -0.500000 -0.687064
vn 0.612372 -0.500000 -0.612372
vn 0.687064 -0.500000 -0.527203
vn 0.750000 -0.500000 -0.433013
vn 0.800103 -0.500000 -0.331414
vn 0.836516 -0.500000 -0.224144
vn 0.858616 -0.500000 -0.113039
vn 0.793353 -0.608761 0.000000
vn 0.786566 -0.608761 0.103553
vn 0.766320 -0.608761 0.205335
vn 0.732963 -0.608761 0.303603
vn 0.687064 -0.608761 0.396677
vn 0.629410 -0.608761 0.482963
vn 0.560986 -0.608761 0.560986
vn 0.482963 -0.608761 0.629410
vn 0.396677 -0.608761 0.687064
vn 0.303603 -0.608761 0.732963
vn 0.205335 -0.608761 0.766320
vn 0.103553 -0.608761 0.786566
vn 0.000000 -0.608761 0.793353
vn -0.103553 -0.608761 0.786566
vn -0.205335 -0.608761 0.766320
vn -0.303603 -0.608761 0.732963
vn -0.396677 -0.608761 0.687064
vn -0.482963 -0.608761 0.629410
vn -0.560986 -0.608761 0.560986
vn -0.629410 -0.608761 0.482963
vn -0.687064 -0.608761 0.396677
vn -0.732963 -0.608761 0.303603
vn -0.766320 -0.608761 0.205335
vn -0.786566 -0.608761 0.103553
vn -0.793353 -0.608761 0.000000
vn -0.786566 -0.608761 -0.103553
vn -0.766320 -0.608761 -0.205335
vn -0.732963 -0.608761 -0.303603
vn -0.687064 -0.608761 -0.396677
vn -0.629410 -0.608761 -0.482963
vn -0.560986 -0.608761 -0.560986
vn -0.482963 -0.608761 -0.629410
vn -0.396677 -0.608761 -0.687064
vn -0.303603 -0.608761 -0.732963
vn -0.205335 -0.608761 -0.766320
vn -0.103553 -0.608761 -0.786566
vn -0.000000 -0.608761 -0.793353
vn 0.103553 -0.608761 -0.786566
vn 0.205335 -0.608761 -0.766320
vn 0.303603 -0.608761 -0.732963
vn 0.396677 -0.608761 -0.687064
vn 0.482963 -0.608761 -0.629410
vn 0.560986 -0.608761 -0.560986
vn 0.629410 -0.608761 -0.482963
vn 0.687064 -0.608761 -0.396677
vn 0.732963 -0.608761 -0.303603
vn 0.766320 -0.608761 -0.205335
vn 0.786566 -0.608761 -0.103553
vn 0.707107 -0.707107 0.000000
vn 0.701057 -0.707107 0.092296
vn 0.683013 -0.707107 0.183013
vn 0.653281 -0.707107 0.270598
vn 0.612372 -0.707107 0.353553
vn 0.560986 -0.707107 0.430459
vn 0.500000 -0.707107 0.500000
vn 0.430459 -0.707107 0.560986
vn 0.353553 -0.707107 0.612372
vn 0.270598 -0.707107 0.653281
vn 0.183013 -0.707107 0.683013
vn 0.092296 -0.707107 0.701057
vn 0.000000 -0.707107 0.707107
vn -0.092296 -0.707107 0.701057
vn -0.183013 -0.707107 0.683013
vn -0.270598 -0.707107 0.653281
vn -0.353553 -0.707107 0.612372
vn -0.430459 -0.707107 0.560986
vn -0.500000 -0.707107 0.500000
vn -0.560986 -0.707107 0.430459
vn -0.612372 -0.707107 0.353553
vn -0.653281 -0.707107 0.270598
vn -0.683013 -0.707107 0.183013
vn -0.701057 -0.707107 0.092296
vn -0.707107 -0.707107 0.000000
vn -0.701057 -0.707107 -0.092296
vn -0.683013 -0.707107 -0.183013
vn -0.653281 -0.707107 -0.270598
vn -0.612372 -0.707107 -0.353553
vn -0.560986 -0.707107 -0.430459
vn -0.500000 -0.707107 -0.500000
vn -0.430459 -0.707107 -0.560986
vn -0.353553 -0.707107 -0.612372
vn -0.270598 -0.707107 -0.653281
vn -0.183013 -0.707107 -0.683013
vn -0.092296 -0.707107 -0.701057
vn -0.000000 -0.707107 -0.707107
vn 0.092296 -0.707107 -0.701057
vn 0.183013 -0.707107 -0.683013
vn 0.270598 -0.707107 -0.653281
vn 0.353553 -0.707107 -0.612372
vn 0.430459 -0.707107 -0.560986
vn 0.500000 -0.707107 -0.500000
vn 0.560986 -0.707107 -0.430459
vn 0.612372 -0.707107 -0.353553
vn 0.653281 -0.707107 -0.270598
vn 0.683013 -0.707107 -0.183013
vn 0.701057 -0.707107 -0.092296
vn 0.608761 -0.793353 0.000000
vn 0.603553 -0.793353 0.079459
vn 0.588018 -0.793353 0.157559
vn 0.562422 -0.793353 0.232963
vn 0.527203 -0.793353 0.304381
vn 0.482963 -0.793353 0.370590
vn 0.430459 -0.793353 0.430459
vn 0.370590 -0.793353 0.482963
vn 0.304381 -0.793353 0.527203
vn 0.232963 -0.793353 0.562422
vn 0.157559 -0.793353 0.588018
vn 0.079459 -0.793353 0.603553
vn 0.000000 -0.793353 0.608761
vn -0.079459 -0.793353 0.603553
vn -0.157559 -0.793353 0.588018
vn -0.232963 -0.793353 0.562422
vn -0.304381 -0.793353 0.527203
vn -0.370590 -0.793353 0.482963
vn -0.430459 -0.793353 0.430459
vn -0.482963 -0.793353 0.370590
vn -0.527203 -0.793353 0.304381
vn -0.562422 -0.793353 0.232963
vn -0.588018 -0.793353 0.157559
vn -0.603553 -0.793353 0.079459
vn -0.608761 -0.793353 0.000000
vn -0.603553 -0.793353 -0.079459
vn -0.588018 -0.793353 -0.157559
vn -0.562422 -0.793353 -0.232963
vn -0.527203 -0.793353 -0.304381
vn -0.482963 -0.793353 -0.370590
vn -0.430459 -0.793353 -0.430459
vn -0.370590 -0.793353 -0.482963
vn -0.304381 -0.793353 -0.527203
vn -0.232963 -0.793353 -0.562422
vn -0.157559 -0.793353 -0.588018
vn -0.079459 -0.793353 -0.603553
vn -0.000000 -0.793353 -0.608761
vn 0.079459 -0.793353 -0.603553
vn 0.157559 -0.793353 -0.588018
vn 0.232963 -0.793353 -0.562422
vn 0.304381 -0.793353 -0.527203
vn 0.370590 -0.793353 -0.482963
vn 0.430459 -0.793353 -0.430459
vn 0.482963 -0.793353 -0.370590
vn 0.527203 -0.793353 -0.304381
vn 0.562422 -0.793353 -0.232963
vn 0.588018 -0.793353 -0.157559
vn 0.603553 -0.793353 -0.079459
vn 0.500000 -0.866025 0.000000
vn 0.495722 -0.866025 0.065263
vn 0.482963 -0.866025 0.129410
vn 0.461940 -0.866025 0.191342
vn 0.433013 -0.866025 0.250000
vn 0.396677 -0.866025 0.304381
vn 0.353553 -0.866025 0.353553
vn 0.304381 -0.866025 0.396677
vn 0.250000 -0.866025 0.433013
vn 0.191342 -0.866025 0.461940
vn 0.129410 -0.866025 0.482963
vn 0.065263 -0.866025 0.495722
vn 0.000000 -0.866025 0.500000
vn -0.065263 -0.866025 0.495722
vn -0.129410 -0.866025 0.482963
vn -0.191342 -0.866025 0.461940
vn -0.250000 -0.866025 0.433013
vn -0.304381 -0.866025 0.396677
vn -0.353553 -0.866025 0.353553
vn -0.396677 -0.866025 0.304381
vn -0.433013 -0.866025 0.250000
vn -0.461940 -0.866025 0.191342
vn -0.482963 -0.866025 0.129410
vn -0.495722 -0.866025 0.065263
vn -0.500000 -0.866025 0.000000
vn -0.495722 -0.866025 -0.065263
vn -0.482963 -0.866025 -0.129410
vn -0.461940 -0.866025 -0.191342
vn -0.433013 -0.866025 -0.250000
vn -0.396677 -0.866025 -0.304381
vn -0.353553 -0.866025 -0.353553
vn -0.304381 -0.866025 -0.396677
vn -0.250000 -0.866025 -0.433013
vn -0.191342 -0.866025 -0.461940
vn -0.129410 -0.866025 -0.482963
vn -0.065263 -0.866025 -0.495722
vn -0.000000 -0.866025 -0.500000
vn 0.065263 -0.866025 -0.495722
vn 0.129410 -0.866025 -0.482963
vn 0.191342 -0.866025 -0.461940
vn 0.250000 -0.866025 -0.433013
vn 0.304381 -0.866025 -0.396677
vn 0.353553 -0.866025 -0.353553
vn 0.396677 -0.866025 -0.304381
vn 0.433013 -0.866025 -0.250000
vn 0.461940 -0.866025 -0.191342
vn 0.482963 -0.866025 -0.129410
vn 0.495722 -0.866025 -0.065263
vn 0.382683 -0.923880 0.000000
vn 0.379410 -0.923880 0.049950
vn 0.369644 -0.923880 0.099046
vn 0.353553 -0.923880 0.146447
vn 0.331414 -0.923880 0.191342
vn 0.303603 -0.923880 0.232963
vn 0.270598 -0.923880 0.270598
vn 0.232963 -0.923880 0.303603
vn 0.191342 -0.923880 0.331414
vn 0.146447 -0.923880 0.353553
vn 0.099046 -0.923880 0.369644
vn 0.049950 -0.923880 0.379410
vn 0.000000 -0.923880 0.382683
vn -0.049950 -0.923880 0.379410
vn -0.099046 -0.923880 0.369644
vn -0.146447 -0.923880 0.353553
vn -0.191342 -0.923880 0.331414
vn -0.232963 -0.923880 0.303603
vn -0.270598 -0.923880 0.270598
vn -0.303603 -0.923880 0.232963
vn -0.331414 -0.923880 0.191342
vn -0.353553 -0.923880 0.146447
vn -0.369644 -0.923880 0.099046
vn -0.379410 -0.923880 0.049950
vn -0.382683 -0.923880 0.000000
vn -0.379410 -0.923880 -0.049950
vn -0.369644 -0.923880 -0.099046
vn -0.353553 -0.923880 -0.146447
vn -0.331414 -0.923880 -0.191342
vn -0.303603 -0.923880 -0.232963
vn -0.270598 -0.923880 -0.270598
vn -0.232963 -0.923880 -0.303603
vn -0.191342 -0.923880 -0.331414
vn -0.146447 -0.923880 -0.353553
vn -0.099046 -0.923880 -0.369644
vn -0.049950 -0.923880 -0.379410
vn -0.000000 -0.923880 -0.382683
vn 0.049950 -0.923880 -0.379410
vn 0.099046 -0.923880 -0.369644
vn 0.146447 -0.923880 -0.353553
vn 0.191342 -0.923880 -0.331414
vn 0.232963 -0.923880 -0.303603
vn 0.270598 -0.923880 -0.270598
vn 0.303603 -0.923880 -0.232963
vn 0.331414 -0.923880 -0.191342
vn 0.353553 -0.923880 -0.146447
vn 0.369644 -0.923880 -0.099046
vn 0.379410 -0.923880 -0.049950
vn 0.258819 -0.965926 0.000000
vn 0.256605 -0.965926 0.033783
vn 0.250000 -0.965926 0.066987
vn 0.239118 -0.965926 0.099046
vn 0.224144 -0.965926 0.129410
vn 0.205335 -0.965926 0.157559
vn 0.183013 -0.965926 0.183013
vn 0.157559 -0.965926 0.205335
vn 0.129410 -0.965926 0.224144
vn 0.099046 -0.965926 0.239118
vn 0.066987 -0.965926 0.250000
vn 0.033783 -0.965926 0.256605
vn 0.000000 -0.965926 0.258819
vn -0.033783 -0.965926 0.256605
vn -0.066987 -0.965926 0.250000
vn -0.099046 -0.965926 0.239118
vn -0.129410 -0.965926 0.224144
vn -0.157559 -0.965926 0.205335
vn -0.183013 -0.965926 0.183013
vn -0.205335 -0.965926 0.157559
vn -0.224144 -0.965926 0.129410
vn -0.239118 -0.965926 0.099046
vn -0.250000 -0.965926 0.066987
vn -0.256605 -0.965926 0.033783
vn -0.258819 -0.965926 0.000000
vn -0.256605 -0.965926 -0.033783
vn -0.250000 -0.965926 -0.066987
vn -0.239118 -0.965926 -0.099046
vn -0.224144 -0.965926 -0.129410
vn -0.205335 -0.965926 -0.157559
vn -0.183013 -0.965926 -0.183013
vn -0.157559 -0.965926 -0.205335
vn -0.129410 -0.965926 -0.224144
vn -0.099046 -0.965926 -0.239118
vn -0.066987 -0.965926 -0.250000
vn -0.033783 -0.965926 -0.256605
vn -0.000000 -0.965926 -0.258819
vn 0.033783 -0.965926 -0.256605
vn 0.066987 -0.965926 -0.250000
vn 0.099046 -0.965926 -0.239118
vn 0.129410 -0.965926 -0.224144
vn 0.157559 -0.965926 -0.205335
vn 0.183013 -0.965926 -0.183013
vn 0.205335 -0.965926 -0.157559
vn 0.224144 -0.965926 -0.129410
vn 0.239118 -0.965926 -0.099046
vn 0.250000 -0.965926 -0.066987
vn 0.256605 -0.965926 -0.033783
vn 0.130526 -0.991445 0.000000
vn 0.129410 -0.991445 0.017037
vn 0.126079 -0.991445 0.033783
vn 0.120590 -0.991445 0.049950
vn 0.113039 -0.991445 0.065263
vn 0.103553 -0.991445 0.079459
vn 0.092296 -0.991445 0.092296
vn 0.079459 -0.991445 0.103553
vn 0.065263 -0.991445 0.113039
vn 0.049950 -0.991445 0.120590
vn 0.033783 -0.991445 0.126079
vn 0.017037 -0.991445 0.129410
vn 0.000000 -0.991445 0.130526
vn -0.017037 -0.991445 0.129410
vn -0.033783 -0.991445 0.126079
vn -0.049950 -0.991445 0.120590
vn -0.065263 -0.991445 0.113039
vn -0.079459 -0.991445 0.103553
vn -0.092296 -0.991445 0.092296
vn -0.103553 -0.991445 0.079459
vn -0.113039 -0.991445 0.065263
vn -0.120590 -0.991445 0.049950
vn -0.126079 -0.991445 0.033783
vn -0.129410 -0.991445 0.017037
vn -0.130526 -0.991445 0.000000
vn -0.129410 -0.991445 -0.017037
vn -0.126079 -0.991445 -0.033783
vn -0.120590 -0.991445 -0.049950
vn -0.113039 -0.991445 -0.065263
vn -0.103553 -0.991445 -0.079459
vn -0.092296 -0.991445 -0.092296
vn -0.079459 -0.991445 -0.103553
vn -0.065263 -0.991445 -0.113039
vn -0.049950 -0.991445 -0.120590
vn -0.033783 -0.991445 -0.126079
vn -0.017037 -0.991445 -0.129410
vn -0.000000 -0.991445 -0.130526
vn 0.017037 -0.991445 -0.129410
vn 0.033783 -0.991445 -0.126079
vn 0.049950 -0.991445 -0.120590
vn 0.065263 -0.991445 -0.113039
vn 0.079459 -0.991445 -0.103553
vn 0.092296 -0.991445 -0.092296
vn 0.103553 -0.991445 -0.079459
vn 0.113039 -0.991445 -0.065263
vn 0.120590 -0.991445 -0.049950
vn 0.126079 -0.991445 -0.033783
vn 0.129410 -0.991445 -0.017037
vn 0.000000 -1.000000 0.000000
vn 0.000000 1.000000 0.000000
vn 0.130526 0.991445 0.000000
vn 0.129410 0.991445 0.017037
vn 0.126079 0.991445 0.033783
vn 0.120590 0.991445 0.049950
vn 0.113039 0.991445 0.065263
vn 0.103553 0.991445 0.079459
vn 0.092296 0.991445 0.092296
vn 0.079459 0.991445 0.103553
vn 0.065263 0.991445 0.113039
vn 0.049950 0.991445 0.120590
vn 0.033783 0.991445 0.126079
vn 0.017037 0.991445 0.129410
vn 0.000000 0.991445 0.130526
vn -0.017037 0.991445 0.129410
vn -0.033783 0.991445 0.126079
vn -0.049950 0.991445 0.120590
vn -0.065263 0.991445 0.113039
vn -0.079459 0.991445 0.103553
vn -0.092296 0.991445 0.092296
vn -0.103553 0.991445 0.079459
vn -0.113039 0.991445 0.065263
vn -0.120590 0.991445 0.049950
vn -0.126079 0.991445 0.033783
vn -0.129410 0.991445 0.017037
vn -0.130526 0.991445 0.000000
vn -0.129410 0.991445 -0.017037
vn -0.126079 0.991445 -0.033783
vn -0.120590 0.991445 -0.049950
vn -0.113039 0.991445 -0.065263
vn -0.103553 0.991445 -0.079459
vn -0.092296 0.991445 -0.092296
vn -0.079459 0.991445 -0.103553
vn -0.065263 0.991445 -0.113039
vn -0.049950 0.991445 -0.120590
vn -0.033783 0.991445 -0.126079
vn -0.017037 0.991445 -0.129410
vn -0.000000 0.991445 -0.130526
vn 0.017037 0.991445 -0.129410
vn 0.033783 0.991445 -0.126079
vn 0.049950 0.991445 -0.120590
vn 0.065263 0.991445 -0.113039
vn 0.079459 0.991445 -0.103553
vn 0.092296 0.991445 -0.092296
vn 0.103553 0.991445 -0.079459
vn 0.113039 0.991445 -0.065263
vn 0.120590 0.991445 -0.049950
vn 0.126079 0.991445 -0.033783
vn 0.129410 0.991445 -0.017037
vn 0.258819 0.965926 0.000000
vn 0.256605 0.965926 0.033783
vn 0.250000 0.965926 0.066987
vn 0.239118 0.965926 0.099046
vn 0.224144 0.965926 0.129410
vn 0.205335 0.965926 0.157559
vn 0.183013 0.965926 0.183013
vn 0.157559 0.965926 0.205335
vn 0.129410 0.965926 0.224144
vn 0.099046 0.965926 0.239118
vn 0.066987 0.965926 0.250000
vn 0.033783 0.965926 0.256605
vn 0.000000 0.965926 0.258819
vn -0.033783 0.965926 0.256605
vn -0.066987 0.965926 0.250000
vn -0.099046 0.965926 0.239118
vn -0.129410 0.965926 0.224144
vn -0.157559 0.965926 0.205335
vn -0.183013 0.965926 0.183013
vn -0.205335 0.965926 0.157559
vn -0.224144 0.965926 0.129410
vn -0.239118 0.965926 0.099046
vn -0.250000 0.965926 0.066987
vn -0.256605 0.965926 0.033783
vn -0.258819 0.965926 0.000000
vn -0.256605 0.965926 -0.033783
vn -0.250000 0.965926 -0.066987
vn -0.239118 0.965926 -0.099046
vn -0.224144 0.965926 -0.129410
vn -0.205335 0.965926 -0.157559
vn -0.183013 0.965926 -0.183013
vn -0.157559 0.965926 -0.205335
vn -0.129410 0.965926 -0.224144
vn -0.099046 0.965926 -0.239118
vn -0.066987 0.965926 -0.250000
vn -0.033783 0.965926 -0.256605
vn -0.000000 0.965926 -0.258819
vn 0.033783 0.965926 -0.256605
vn 0.066987 0.965926 -0.250000
vn 0.099046 0.965926 -0.239118
vn 0.129410 0.965926 -0.224144
vn 0.157559 0.965926 -0.205335
vn 0.183013 0.965926 -0.183013
vn 0.205335 0.965926 -0.157559
vn 0.224144 0.965926 -0.129410
vn 0.239118 0.965926 -0.099046
vn 0.250000 0.965926 -0.066987
vn 0.256605 0.965926 -0.033783
vn 0.382683 0.923880 0.000000
vn 0.379410 0.923880 0.049950
vn 0.369644 0.923880 0.099046
vn 0.353553 0.923880 0.146447
vn 0.331414 0.923880 0.191342
vn 0.303603 0.923880 0.232963
vn 0.270598 0.923880 0.270598
vn 0.232963 0.923880 0.303603
vn 0.191342 0.923880 0.331414
vn 0.146447 0.923880 0.353553
vn 0.099046 0.923880 0.369644
vn 0.049950 0.923880 0.379410
vn 0.000000 0.923880 0.382683
vn -0.049950 0.923880 0.379410
vn -0.099046 0.923880 0.369644
vn -0.146447 0.923880 0.353553
vn -0.191342 0.923880 0.331414
vn -0.232963 0.923880 0.303603
vn -0.270598 0.923880 0.270598
vn -0.303603 0.923880 0.232963
vn -0.331414 0.923880 0.191342
vn -0.353553 0.923880 0.146447
vn -0.369644 0.923880 0.099046
vn -0.379410 0.923880 0.049950
vn -0.382683 0.923880 0.000000
vn -0.379410 0.923880 -0.049950
vn -0.369644 0.923880 -0.099046
vn -0.353553 0.923880 -0.146447
vn -0.331414 0.923880 -0.191342
vn -0.303603 0.923880 -0.232963
vn -0.270598 0.923880 -0.270598
vn -0.232963 0.923880 -0.303603
vn -0.191342 0.923880 -0.331414
vn -0.146447 0.923880 -0.353553
vn -0.099046 0.923880 -0.369644
vn -0.049950 0.923880 -0.379410
vn -0.000000 0.923880 -0.382683
vn 0.049950 0.923880 -0.379410
vn 0.099046 0.923880 -0.369644
vn 0.146447 0.923880 -0.353553
vn 0.191342 0.923880 -0.331414
vn 0.232963 0.923880 -0.303603
vn 0.270598 0.923880 -0.270598
vn 0.303603 0.923880 -0.232963
vn 0.331414 0.923880 -0.191342
vn 0.353553 0.923880 -0.146447
vn 0.369644 0.923880 -0.099046
vn 0.379410 0.923880 -0.049950
vn 0.500000 0.866025 0.000000
vn 0.495722 0.866025 0.065263
vn 0.482963 0.866025 0.129410
vn 0.461940 0.866025 0.191342
vn 0.433013 0.866025 0.250000
vn 0.396677 0.866025 0.304381
vn 0.353553 0.866025 0.353553
vn 0.304381 0.866025 0.396677
vn 0.250000 0.866025 0.433013
vn 0.191342 0.866025 0.461940
vn 0.129410 0.866025 0.482963
vn 0.065263 0.866025 0.495722
vn 0.000000 0.866025 0.500000
vn -0.065263 0.866025 0.495722
vn -0.129410 0.866025 0.482963
vn -0.191342 0.866025 0.461940
vn -0.250000 0.866025 0.433013
vn -0.304381 0.866025 0.396677
vn -0.353553 0.866025 0.353553
vn -0.396677 0.866025 0.304381
vn -0.433013 0.866025 0.250000
vn -0.461940 0.866025 0.191342
vn -0.482963 0.866025 0.129410
vn -0.495722 0.866025 0.065263
vn -0.500000 0.866025 0.000000
vn -0.495722 0.866025 -0.065263
vn -0.482963 0.866025 -0.129410
vn -0.461940 0.866025 -0.191342
vn -0.433013 0.866025 -0.250000
vn -0.396677 0.866025 -0.304381
vn -0.353553 0.866025 -0.353553
vn -0.304381 0.866025 -0.396677
vn -0.250000 0.866025 -0.433013
vn -0.191342 0.866025 -0.461940
vn -0.129410 0.866025 -0.482963
vn -0.065263 0.866025 -0.495722
vn -0.000000 0.866025 -0.500000
vn 0.065263 0.866025 -0.495722
vn 0.129410 0.866025 -0.482963
vn 0.191342 0.866025 -0.461940
vn 0.250000 0.866025 -0.433013
vn 0.304381 0.866025 -0.396677
vn 0.353553 0.866025 -0.353553
vn 0.396677 0.866025 -0.304381
vn 0.433013 0.866025 -0.250000
vn 0.461940 0.866025 -0.191342
vn 0.482963 0.866025 -0.129410
vn 0.495722 0.866025 -0.065263
vn 0.608761 0.793353 0.000000
vn 0.603553 0.793353 0.079459
vn 0.588018 0.793353 0.157559
vn 0.562422 0.793353 0.232963
vn 0.527203 0.793353 0.304381
vn 0.482963 0.793353 0.370590
vn 0.430459 0.793353 0.430459
vn 0.370590 0.793353 0.482963
vn 0.304381 0.793353 0.527203
vn 0.232963 0.793353 0.562422
vn 0.157559 0.793353 0.588018
vn 0.079459 0.793353 0.603553
vn 0.000000 0.793353 0.608761
vn -0.079459 0.793353 0.603553
vn -0.157559 0.793353 0.588018
vn -0.232963 0.793353 0.562422
vn -0.304381 0.793353 0.527203
vn -0.370590 0.793353 0.482963
vn -0.430459 0.793353 0.430459
vn -0.482963 0.793353 0.370590
vn -0.527203 0.793353 0.304381
vn -0.562422 0.793353 0.232963
vn -0.588018 0.793353 0.157559
vn -0.603553 0.793353 0.079459
vn -0.608761 0.793353 0.000000
vn -0.603553 0.793353 -0.079459
vn -0.588018 0.793353 -0.157559
vn -0.562422 0.793353 -0.232963
vn -0.527203 0.793353 -0.304381
vn -0.482963 0.793353 -0.370590
vn -0.430459 0.793353 -0.430459
vn -0.370590 0.793353 -0.482963
vn -0.304381 0.793353 -0.527203
vn -0.232963 0.793353 -0.562422
vn -0.157559 0.793353 -0.588018
vn -0.079459 0.793353 -0.603553
vn -0.000000 0.793353 -0.608761
vn 0.079459 0.793353 -0.603553
vn 0.157559 0.793353 -0.588018
vn 0.232963 0.793353 -0.562422
vn 0.304381 0.793353 -0.527203
vn 0.370590 0.793353 -0.482963
vn 0.430459 0.793353 -0.430459
vn 0.482963 0.793353 -0.370590
vn 0.527203 0.793353 -0.304381
vn 0.562422 0.793353 -0.232963
vn 0.588018 0.793353 -0.157559
vn 0.603553 0.793353 -0.079459
vn 0.707107 0.707107 0.000000
vn 0.701057 0.707107 0.092296
vn 0.683013 0.707107 0.183013
vn 0.653281 0.707107 0.270598
vn 0.612372 0.707107 0.353553
vn 0.560986 0.707107 0.430459
vn 0.500000 0.707107 0.500000
vn 0.430459 0.707107 0.560986
vn 0.353553 0.707107 0.612372
vn 0.270598 0.707107 0.653281
vn 0.183013 0.707107 0.683013
vn 0.092296 0.707107 0.701057
vn 0.000000 0.707107 0.707107
vn -0.092296 0.707107 0.701057
vn -0.183013 0.707107 0.683013
vn -0.270598 0.707107 0.653281
vn -0.353553 0.707107 0.612372
vn -0.430459 0.707107 0.560986
vn -0.500000 0.707107 0.500000
vn -0.560986 0.707107 0.430459
vn -0.612372 0.707107 0.353553
vn -0.653281 0.707107 0.270598
vn -0.683013 0.707107 0.183013
vn -0.701057 0.707107 0.092296
vn -0.707107 0.707107 0.000000
vn -0.701057 0.707107 -0.092296
vn -0.683013 0.707107 -0.183013
vn -0.653281 0.707107 -0.270598
vn -0.612372 0.707107 -0.353553
vn -0.560986 0.707107 -0.430459
vn -0.500000 0.707107 -0.500000
vn -0.430459 0.707107 -0.560986
vn -0.353553 0.707107 -0.612372
vn -0.270598 0.707107 -0.653281
vn -0.183013 0.707107 -0.683013
vn -0.092296 0.707107 -0.701057
vn -0.000000 0.707107 -0.707107
vn 0.092296 0.707107 -0.701057
vn 0.183013 0.707107 -0.683013
vn 0.270598 0.707107 -0.653281
vn 0.353553 0.707107 -0.612372
vn 0.430459 0.707107 -0.560986
vn 0.500000 0.707107 -0.500000
vn 0.560986 0.707107 -0.430459
vn 0.612372 0.707107 -0.353553
vn 0.653281 0.707107 -0.270598
vn 0.683013 0.707107 -0.183013
vn 0.701057 0.707107 -0.092296
vn 0.793353 0.608761 0.000000
vn 0.786566 0.608761 0.103553
vn 0.766320 0.608761 0.205335
vn 0.732963 0.608761 0.303603
vn 0.687064 0.608761 0.396677
vn 0.629410 0.608761 0.482963
vn 0.560986 0.608761 0.560986
vn 0.482963 0.608761 0.629410
vn 0.396677 0.608761 0.687064
vn 0.303603 0.608761 0.732963
vn 0.205335 0.608761 0.766320
vn 0.103553 0.608761 0.786566
vn 0.000000 0.608761 0.793353
vn -0.103553 0.608761 0.786566
vn -0.205335 0.608761 0.766320
vn -0.303603 0.608761 0.732963
vn -0.396677 0.608761 0.687064
vn -0.482963 0.608761 0.629410
vn -0.560986 0.608761 0.560986
vn -0.629410 0.608761 0.482963
vn -0.687064 0.608761 0.396677
vn -0.732963 0.608761 0.303603
vn -0.766320 0.608761 0.205335
vn -0.786566 0.608761 0.103553
vn -0.793353 0.608761 0.000000
vn -0.786566 0.608761 -0.103553
vn -0.766320 0.608761 -0.205335
vn -0.732963 0.608761 -0.303603
vn -0.687064 0.608761 -0.396677
vn -0.629410 0.608761 -0.482963
vn -0.560986 0.608761 -0.560986
vn -0.482963 0.608761 -0.629410
vn -0.396677 0.608761 -0.687064
vn -0.303603 0.608761 -0.732963
vn -0.205335 0.608761 -0.766320
vn -0.103553 0.608761 -0.786566
vn -0.000000 0.608761 -0.793353
vn 0.103553 0.608761 -0.786566
vn 0.205335 0.608761 -0.766320
vn 0.303603 0.608761 -0.732963
vn 0.396677 0.608761 -0.687064
vn 0.482963 0.608761 -0.629410
vn 0.560986 0.608761 -0.560986
vn 0.629410 0.608761 -0.482963
vn 0.687064 0.608761 -0.396677
vn 0.732963 0.608761 -0.303603
vn 0.766320 0.608761 -0.205335
vn 0.786566 0.608761 -0.103553
vn 0.866025 0.500000 0.000000
vn 0.858616 0.500000 0.113039
vn 0.836516 0.500000 0.224144
vn 0.800103 0.500000 0.331414
vn 0.750000 0.500000 0.433013
vn 0.687064 0.500000 0.527203
vn 0.612372 0.500000 0.612372
vn 0.527203 0.500000 0.687064
vn 0.433013 0.500000 0.750000
vn 0.331414 0.500000 0.800103
vn 0.224144 0.500000 0.836516
vn 0.113039 0.500000 0.858616
vn 0.000000 0.500000 0.866025
vn -0.113039 0.500000 0.858616
vn -0.224144 0.500000 0.836516
vn -0.331414 0.500000 0.800103
vn -0.433013 0.500000 0.750000
vn -0.527203 0.500000 0.687064
vn -0.612372 0.500000 0.612372
vn -0.687064 0.500000 0.527203
vn -0.750000 0.500000 0.433013
vn -0.800103 0.500000 0.331414
vn -0.836516 0.500000 0.224144
vn -0.858616 0.500000 0.113039
vn -0.866025 0.500000 0.000000
vn -0.858616 0.500000 -0.113039
vn -0.836516 0.500000 -0.224144
vn -0.800103 0.500000 -0.331414
vn -0.750000 0.500000 -0.433013
vn -0.687064 0.500000 -0.527203
vn -0.612372 0.500000 -0.612372
vn -0.527203 0.500000 -0.687064
vn -0.433013 0.500000 -0.750000
vn -0.331414 0.500000 -0.800103
vn -0.224144 0.500000 -0.836516
vn -0.113039 0.500000 -0.858616
vn -0.000000 0.500000 -0.866025
vn 0.113039 0.500000 -0.858616
vn 0.224144 0.500000 -0.836516
vn 0.331414 0.500000 -0.800103
vn 0.433013 0.500000 -0.750000
vn 0.527203 0.500000 -0.687064
vn 0.612372 0.500000 -0.612372
vn 0.687064 0.500000 -0.527203
vn 0.750000 0.500000 -0.433013
vn 0.800103 0.500000 -0.331414
vn 0.836516 0.500000 -0.224144
vn 0.858616 0.500000 -0.113039
vn 0.923880 0.382683 0.000000
vn 0.915976 0.382683 0.120590
vn 0.892399 0.382683 0.239118
vn 0.853553 0.382683 0.353553
vn 0.800103 0.382683 0.461940
vn 0.732963 0.382683 0.562422
vn 0.653281 0.382683 0.653281
vn 0.562422 0.382683 0.732963
vn 0.461940 0.382683 0.800103
vn 0.353553 0.382683 0.853553
vn 0.239118 0.382683 0.892399
vn 0.120590 0.382683 0.915976
vn 0.000000 0.382683 0.923880
vn -0.120590 0.382683 0.915976
vn -0.239118 0.382683 0.892399
vn -0.353553 0.382683 0.853553
vn -0.461940 0.382683 0.800103
vn -0.562422 0.382683 0.732963
vn -0.653281 0.382683 0.653281
vn -0.732963 0.382683 0.562422
vn -0.800103 0.382683 0.461940
vn -0.853553 0.382683 0.353553
vn -0.892399 0.382683 0.239118
vn -0.915976 0.382683 0.120590
vn -0.923880 0.382683 0.000000
vn -0.915976 0.382683 -0.120590
vn -0.892399 0.382683 -0.239118
vn -0.853553 0.382683 -0.353553
vn -0.800103 0.382683 -0.461940
vn -0.732963 0.382683 -0.562422
vn -0.653281 0.382683 -0.653281
vn -0.562422 0.382683 -0.732963
vn -0.461940 0.382683 -0.800103
vn -0.353553 0.382683 -0.853553
vn -0.239118 0.382683 -0.892399
vn -0.120590 0.382683 -0.915976
vn -0.000000 0.382683 -0.923880
vn 0.120590 0.382683 -0.915976
vn 0.239118 0.382683 -0.892399
vn 0.353553 0.382683 -0.853553
vn 0.461940 0.382683 -0.800103
vn 0.562422 0.382683 -0.732963
vn 0.653281 0.382683 -0.653281
vn 0.732963 0.382683 -0.562422
vn 0.800103 0.382683 -0.461940
vn 0.853553 0.382683 -0.353553
vn 0.892399 0.382683 -0.239118
vn 0.915976 0.382683 -0.120590
vn 0.965926 0.258819 0.000000
vn 0.957662 0.258819 0.126079
vn 0.933013 0.258819 0.250000
vn 0.892399 0.258819 0.369644
vn 0.836516 0.258819 0.482963
vn 0.766320 0.258819 0.588018
vn 0.683013 0.258819 0.683013
vn 0.588018 0.258819 0.766320
vn 0.482963 0.258819 0.836516
vn 0.369644 0.258819 0.892399
vn 0.250000 0.258819 0.933013
vn 0.126079 0.258819 0.957662
vn 0.000000 0.258819 0.965926
vn -0.126079 0.258819 0.957662
vn -0.250000 0.258819 0.933013
vn -0.369644 0.258819 0.892399
vn -0.482963 0.258819 0.836516
vn -0.588018 0.258819 0.766320
vn -0.683013 0.258819 0.683013
vn -0.766320 0.258819 0.588018
vn -0.836516 0.258819 0.482963
vn -0.892399 0.258819 0.369644
vn -0.933013 0.258819 0.250000
vn -0.957662 0.258819 0.126079
vn -0.965926 0.258819 0.000000
vn -0.957662 0.258819 -0.126079
vn -0.933013 0.258819 -0.250000
vn -0.892399 0.258819 -0.369644
vn -0.836516 0.258819 -0.482963
vn -0.766320 0.258819 -0.588018
vn -0.683013 0.258819 -0.683013
vn -0.588018 0.258819 -0.766320
vn -0.482963 0.258819 -0.836516
vn -0.369644 0.258819 -0.892399
vn -0.250000 0.258819 -0.933013
vn -0.126079 0.258819 -0.957662
vn -0.000000 0.258819 -0.965926
vn 0.126079 0.258819 -0.957662
vn 0.250000 0.258819 -0.933013
vn 0.369644 0.258819 -0.892399
vn 0.482963 0.258819 -0.836516
vn 0.588018 0.258819 -0.766320
vn 0.683013 0.258819 -0.683013
vn 0.766320 0.258819 -0.588018
vn 0.836516 0.258819 -0.482963
vn 0.892399 0.258819 -0.369644
vn 0.933013 0.258819 -0.250000
vn 0.957662 0.258819 -0.126079
vn 0.991445 0.130526 0.000000
vn 0.982963 0.130526 0.129410
vn 0.957662 0.130526 0.256605
vn 0.915976 0.130526 0.379410
vn 0.858616 0.130526 0.495722
vn 0.786566 0.130526 0.603553
vn 0.701057 0.130526 0.701057
vn 0.603553 0.130526 0.786566
vn 0.495722 0.130526 0.858616
vn 0.379410 0.130526 0.915976
vn 0.256605 0.130526 0.957662
vn 0.129410 0.130526 0.982963
vn 0.000000 0.130526 0.991445
vn -0.129410 0.130526 0.982963
vn -0.256605 0.130526 0.957662
vn -0.379410 0.130526 0.915976
vn -0.495722 0.130526 0.858616
vn -0.603553 0.130526 0.786566
vn -0.701057 0.130526 0.701057
vn -0.786566 0.130526 0.603553
vn -0.858616 0.130526 0.495722
vn -0.915976 0.130526 0.379410
vn -0.957662 0.130526 0.256605
vn -0.982963 0.130526 0.129410
vn -0.991445 0.130526 0.000000
vn -0.982963 0.130526 -0.129410
vn -0.957662 0.130526 -0.256605
vn -0.915976 0.130526 -0.379410
vn -0.858616 0.130526 -0.495722
vn -0.786566 0.130526 -0.603553
vn -0.701057 0.130526 -0.701057
vn -0.603553 0.130526 -0.786566
vn -0.495722 0.130526 -0.858616
vn -0.379410 0.130526 -0.915976
vn -0.256605 0.130526 -0.957662
vn -0.129410 0.130526 -0.982963
vn -0.000000 0.130526 -0.991445
vn 0.129410 0.130526 -0.982963
vn 0.256605 0.130526 -0.957662
vn 0.379410 0.130526 -0.915976
vn 0.495722 0.130526 -0.858616
vn 0.603553 0.130526 -0.786566
vn 0.701057 0.130526 -0.701057
vn 0.786566 0.130526 -0.603553
vn 0.858616 0.130526 -0.495722
vn 0.915976 0.130526 -0.379410
vn 0.957662 0.130526 -0.256605
vn 0.982963 0.130526 -0.129410
vn 1.000000 0.000000 0.000000
vn 0.991445 0.000000 0.130526
vn 0.965926 0.000000 0.258819
vn 0.923880 0.000000 0.382683
vn 0.866025 0.000000 0.500000
vn 0.793353 0.000000 0.608761
vn 0.707107 0.000000 0.707107
vn 0.608761 0.000000 0.793353
vn 0.500000 0.000000 0.866025
vn 0.382683 0.000000 0.923880
vn 0.258819 0.000000 0.965926
vn 0.130526 0.000000 0.991445
vn 0.000000 0.000000 1.000000
vn -0.130526 0.000000 0.991445
vn -0.258819 0.000000 0.965926
vn -0.382683 0.000000 0.923880
vn -0.500000 0.000000 0.866025
vn -0.608761 0.000000 0.793353
vn -0.707107 0.000000 0.707107
vn -0.793353 0.000000 0.608761
vn -0.866025 0.000000 0.500000
vn -0.923880 0.000000 0.382683
vn -0.965926 0.000000 0.258819
vn -0.991445 0.000000 0.130526
vn -1.000000 0.000000 0.000000
vn -0.991445 0.000000 -0.130526
vn -0.965926 0.000000 -0.258819
vn -0.923880 0.000000 -0.382683
vn -0.866025 0.000000 -0.500000
vn -0.793353 0.000000 -0.608761
vn -0.707107 0.000000 -0.707107
vn -0.608761 0.000000 -0.793353
vn -0.500000 0.000000 -0.866025
vn -0.382683 0.000000 -0.923880
vn -0.258819 0.000000 -0.965926
vn -0.130526 0.000000 -0.991445
vn -0.000000 0.000000 -1.000000
vn 0.130526 0.000000 -0.991445
vn 0.258819 0.000000 -0.965926
vn 0.382683 0.000000 -0.923880
vn 0.500000 0.000000 -0.866025
vn 0.608761 0.000000 -0.793353
vn 0.707107 0.000000 -0.707107
vn 0.793353 0.000000 -0.608761
vn 0.866025 0.000000 -0.500000
vn 0.923880 0.000000 -0.382683
vn 0.965926 0.000000 -0.258819
vn 0.991445 0.000000 -0.130526
vn 0.991445 -0.130526 0.000000
vn 0.982963 -0.130526 0.129410
vn 0.957662 -0.130526 0.256605
vn 0.915976 -0.130526 0.379410
vn 0.858616 -0.130526 0.495722
vn 0.786566 -0.130526 0.603553
vn 0.701057 -0.130526 0.701057
vn 0.603553 -0.130526 0.786566
vn 0.495722 -0.130526 0.858616
vn 0.379410 -0.130526 0.915976
vn 0.256605 -0.130526 0.957662
vn 0.129410 -0.130526 0.982963
vn 0.000000 -0.130526 0.991445
vn -0.129410 -0.130526 0.982963
vn -0.256605 -0.130526 0.957662
vn -0.379410 -0.130526 0.915976
vn -0.495722 -0.130526 0.858616
vn -0.603553 -0.130526 0.786566
vn -0.701057 -0.130526 0.701057
vn -0.786566 -0.130526 0.603553
vn -0.858616 -0.130526 0.495722
vn -0.915976 -0.130526 0.379410
vn -0.957662 -0.130526 0.256605
vn -0.982963 -0.130526 0.129410
vn -0.991445 -0.130526 0.000000
vn -0.982963 -0.130526 -0.129410
vn -0.957662 -0.130526 -0.256605
vn -0.915976 -0.130526 -0.379410
vn -0.858616 -0.130526 -0.495722
vn -0.786566 -0.130526 -0.603553
vn -0.701057 -0.130526 -0.701057
vn -0.603553 -0.130526 -0.786566
vn -0.495722 -0.130526 -0.858616
vn -0.379410 -0.130526 -0.915976
vn -0.256605 -0.130526 -0.957662
vn -0.129410 -0.130526 -0.982963
vn -0.000000 -0.130526 -0.991445
vn 0.129410 -0.130526 -0.982963
vn 0.256605 -0.130526 -0.957662
vn 0.379410 -0.130526 -0.915976
vn 0.495722 -0.130526 -0.858616
vn 0.603553 -0.130526 -0.786566
vn 0.701057 -0.130526 -0.701057
vn 0.786566 -0.130526 -0.603553
vn 0.858616 -0.130526 -0.495722
vn 0.915976 -0.130526 -0.379410
vn 0.957662 -0.130526 -0.256605
vn 0.982963 -0.130526 -0.129410
vn 0.965926 -0.258819 0.000000
vn 0.957662 -0.258819 0.126079
vn 0.933013 -0.258819 0.250000
vn 0.892399 -0.258819 0.369644
vn 0.836516 -0.258819 0.482963
vn 0.766320 -0.258819 0.588018
vn 0.683013 -0.258819 0.683013
vn 0.588018 -0.258819 0.766320
vn 0.482963 -0.258819 0.836516
vn 0.369644 -0.258819 0.892399
vn 0.250000 -0.258819 0.933013
vn 0.126079 -0.258819 0.957662
vn 0.000000 -0.258819 0.965926
vn -0.126079 -0.258819 0.957662
vn -0.250000 -0.258819 0.933013
vn -0.369644 -0.258819 0.892399
vn -0.482963 -0.258819 0.836516
vn -0.588018 -0.258819 0.766320
vn -0.683013 -0.258819 0.683013
vn -0.766320 -0.258819 0.588018
vn -0.836516 -0.258819 0.482963
vn -0.892399 -0.258819 0.369644
vn -0.933013 -0.258819 0.250000
vn -0.957662 -0.258819 0.126079
vn -0.965926 -0.258819 0.000000
vn -0.957662 -0.258819 -0.126079
vn -0.933013 -0.258819 -0.250000
vn -0.892399 -0.258819 -0.369644
vn -0.836516 -0.258819 -0.482963
vn -0.766320 -0.258819 -0.588018
vn -0.683013 -0.258819 -0.683013
vn -0.588018 -0.258819 -0.766320
vn -0.482963 -0.258819 -0.836516
vn -0.369644 -0.258819 -0.892399
vn -0.250000 -0.258819 -0.933013
vn -0.126079 -0.258819 -0.957662
vn -0.000000 -0.258819 -0.965926
vn 0.126079 -0.258819 -0.957662
vn 0.250000 -0.258819 -0.933013
vn 0.369644 -0.258819 -0.892399
vn 0.482963 -0.258819 -0.836516
vn 0.588018 -0.258819 -0.766320
vn 0.683013 -0.258819 -0.683013
vn 0.766320 -0.258819 -0.588018
vn 0.836516 -0.258819 -0.482963
vn 0.892399 -0.258819 -0.369644
vn 0.933013 -0.258819 -0.250000
vn 0.957662 -0.258819 -0.126079
vn 0.923880 -0.382683 0.000000
vn 0.915976 -0.382683 0.120590
vn 0.892399 -0.382683 0.239118
vn 0.853553 -0.382683 0.353553
vn 0.800103 -0.382683 0.461940
vn 0.732963 -0.382683 0.562422
vn 0.653281 -0.382683 0.653281
vn 0.562422 -0.382683 0.732963
vn 0.461940 -0.382683 0.800103
vn 0.353553 -0.382683 0.853553
vn 0.239118 -0.382683 0.892399
vn 0.120590 -0.382683 0.915976
vn 0.000000 -0.382683 0.923880
vn -0.120590 -0.382683 0.915976
vn -0.239118 -0.382683 0.892399
vn -0.353553 -0.382683 0.853553
vn -0.461940 -0.382683 0.800103
vn -0.562422 -0.382683 0.732963
vn -0.653281 -0.382683 0.653281
vn -0.732963 -0.382683 0.562422
vn -0.800103 -0.382683 0.461940
vn -0.853553 -0.382683 0.353553
vn -0.892399 -0.382683 0.239118
vn -0.915976 -0.382683 0.120590
vn -0.923880 -0.382683 0.000000
vn -0.915976 -0.382683 -0.120590
vn -0.892399 -0.382683 -0.239118
vn -0.853553 -0.382683 -0.353553
vn -0.800103 -0.382683 -0.461940
vn -0.732963 -0.382683 -0.562422
vn -0.653281 -0.382683 -0.653281
vn -0.562422 -0.382683 -0.732963
vn -0.461940 -0.382683 -0.800103
vn -0.353553 -0.382683 -0.853553
vn -0.239118 -0.382683 -0.892399
vn -0.120590 -0.382683 -0.915976
vn -0.000000 -0.382683 -0.923880
vn 0.120590 -0.382683 -0.915976
vn 0.239118 -0.382683 -0.892399
vn 0.353553 -0.382683 -0.853553
vn 0.461940 -0.382683 -0.800103
vn 0.562422 -0.382683 -0.732963
vn 0.653281 -0.382683 -0.653281
vn 0.732963 -0.382683 -0.562422
vn 0.800103 -0.382683 -0.461940
vn 0.853553 -0.382683 -0.353553
vn 0.892399 -0.382683 -0.239118
vn 0.915976 -0.382683 -0.120590
vn 0.866025 -0.500000 0.000000
vn 0.858616 -0.500000 0.113039
vn 0.836516 -0.500000 0.224144
vn 0.800103 -0.500000 0.331414
vn 0.750000 -0.500000 0.433013
vn 0.687064 -0.500000 0.527203
vn 0.612372 -0.500000 0.612372
vn 0.527203 -0.500000 0.687064
vn 0.433013 -0.500000 0.750000
vn 0.331414 -0.500000 0.800103
vn 0.224144 -0.500000 0.836516
vn 0.113039 -0.500000 0.858616
vn 0.000000 -0.500000 0.866025
vn -0.113039 -0.500000 0.858616
vn -0.224144 -0.500000 0.836516
vn -0.331414 -0.500000 0.800103
vn -0.433013 -0.500000 0.750000
vn -0.527203 -0.500000 0.687064
vn -0.612372 -0.500000 0.612372
vn -0.687064 -0.500000 0.527203
vn -0.750000 -0.500000 0.433013
vn -0.800103 -0.500000 0.331414
vn -0.836516 -0.500000 0.224144
vn -0.858616 -0.500000 0.113039
vn -0.866025 -0.500000 0.000000
vn -0.858616 -0.500000 -0.113039
vn -0.836516 -0.500000 -0.224144
vn -0.800103 -0.500000 -0.331414
vn -0.750000 -0.500000 -0.433013
vn -0.687064 -0.500000 -0.527203
vn -0.612372 -0.500000 -0.612372
vn -0.527203 -0.500000 -0.687064
vn -0.433013 -0.500000 -0.750000
vn -0.331414 -0.500000 -0.800103
vn -0.224144 -0.500000 -0.836516
vn -0.113039 -0.500000 -0.858616
vn -0.000000 -0.500000 -0.866025
vn 0.113039 -0.500000 -0.858616
vn 0.224144 -0.500000 -0.836516
vn 0.331414 -0.500000 -0.800103
vn 0.433013 -0.500000 -0.750000
vn 0.527203 -0.500000 -0.687064
vn 0.612372 -0.500000 -0.612372
vn 0.687064 -0.500000 -0.527203
vn 0.750000 -0.500000 -0.433013
vn 0.800103 -0.500000 -0.331414
vn 0.836516 -0.500000 -0.224144
vn 0.858616 -0.500000 -0.113039
vn 0.793353 -0.608761 0.000000
vn 0.786566 -0.608761 0.103553
vn 0.766320 -0.608761 0.205335
vn 0.732963 -0.608761 0.303603
vn 0.687064 -0.608761 0.396677
vn 0.629410 -0.608761 0.482963
vn 0.560986 -0.608761 0.560986
vn 0.482963 -0.608761 0.629410
vn 0.396677 -0.608761 0.687064
vn 0.303603 -0.608761 0.732963
vn 0.205335 -0.608761 0.766320
vn 0.103553 -0.608761 0.786566
vn 0.000000 -0.608761 0.793353
vn -0.103553 -0.608761 0.786566
vn -0.205335 -0.608761 0.766320
vn -0.303603 -0.608761 0.732963
vn -0.396677 -0.608761 0.687064
vn -0.482963 -0.608761 0.629410
vn -0.560986 -0.608761 0.560986
vn -0.629410 -0.608761 0.482963
vn -0.687064 -0.608761 0.396677
vn -0.732963 -0.608761 0.303603
vn -0.766320 -0.608761 0.205335
vn -0.786566 -0.608761 0.103553
vn -0.793353 -0.608761 0.000000
vn -0.786566 -0.608761 -0.103553
vn -0.766320 -0.608761 -0.205335
vn -0.732963 -0.608761 -0.303603
vn -0.687064 -0.608761 -0.396677
vn -0.629410 -0.608761 -0.482963
vn -0.560986 -0.608761 -0.560986
vn -0.482963 -0.608761 -0.629410
vn -0.396677 -0.608761 -0.687064
vn -0.303603 -0.608761 -0.732963
vn -0.205335 -0.608761 -0.766320
vn -0.103553 -0.608761 -0.786566
vn -0.000000 -0.608761 -0.793353
vn 0.103553 -0.608761 -0.786566
vn 0.205335 -0.608761 -0.766320
vn 0.303603 -0.608761 -0.732963
vn 0.396677 -0.608761 -0.687064
vn 0.482963 -0.608761 -0.629410
vn 0.560986 -0.608761 -0.560986
vn 0.629410 -0.608761 -0.482963
vn 0.687064 -0.608761 -0.396677
vn 0.732963 -0.608761 -0.303603
vn 0.766320 -0.608761 -0.205335
vn 0.786566 -0.608761 -0.103553
vn 0.707107 -0.707107 0.000000
vn 0.701057 -0.707107 0.092296
vn 0.683013 -0.707107 0.183013
vn 0.653281 -0.707107 0.270598
vn 0.612372 -0.707107 0.353553
vn 0.560986 -0.707107 0.430459
vn 0.500000 -0.707107 0.500000
vn 0.430459 -0.707107 0.560986
vn 0.353553 -0.707107 0.612372
vn 0.270598 -0.707107 0.653281
vn 0.183013 -0.707107 0.683013
vn 0.092296 -0.707107 0.701057
vn 0.000000 -0.707107 0.707107
vn -0.092296 -0.707107 0.701057
vn -0.183013 -0.707107 0.683013
vn -0.270598 -0.707107 0.653281
vn -0.353553 -0.707107 0.612372
vn -0.430459 -0.707107 0.560986
vn -0.500000 -0.707107 0.500000
vn -0.560986 -0.707107 0.430459
vn -0.612372 -0.707107 0.353553
vn -0.653281 -0.707107 0.270598
vn -0.683013 -0.707107 0.183013
vn -0.701057 -0.707107 0.092296
vn -0.707107 -0.707107 0.000000
vn -0.701057 -0.707107 -0.092296
vn -0.683013 -0.707107 -0.183013
vn -0.653281 -0.707107 -0.270598
vn -0.612372 -0.707107 -0.353553
vn -0.560986 -0.707107 -0.430459
vn -0.500000 -0.707107 -0.500000
vn -0.430459 -0.707107 -0.560986
vn -0.353553 -0.707107 -0.612372
vn -0.270598 -0.707107 -0.653281
vn -0.183013 -0.707107 -0.683013
vn -0.092296 -0.707107 -0.701057
vn -0.000000 -0.707107 -0.707107
vn 0.092296 -0.707107 -0.701057
vn 0.183013 -0.707107 -0.683013
vn 0.270598 -0.707107 -0.653281
vn 0.353553 -0.707107 -0.612372
vn 0.430459 -0.707107 -0.560986
vn 0.500000 -0.707107 -0.500000
vn 0.560986 -0.707107 -0.430459
vn 0.612372 -0.707107 -0.353553
vn 0.653281 -0.707107 -0.270598
vn 0.683013 -0.707107 -0.183013
vn 0.701057 -0.707107 -0.092296
vn 0.608761 -0.793353 0.000000
vn 0.603553 -0.793353 0.079459
vn 0.588018 -0.793353 0.157559
vn 0.562422 -0.793353 0.232963
vn 0.527203 -0.793353 0.304381
vn 0.482963 -0.793353 0.370590
vn 0.430459 -0.793353 0.430459
vn 0.370590 -0.793353 0.482963
vn 0.304381 -0.793353 0.527203
vn 0.232963 -0.793353 0.562422
vn 0.157559 -0.793353 0.588018
vn 0.079459 -0.793353 0.603553
vn 0.000000 -0.793353 0.608761
vn -0.079459 -0.793353 0.603553
vn -0.157559 -0.793353 0.588018
vn -0.232963 -0.793353 0.562422
vn -0.304381 -0.793353 0.527203
vn -0.370590 -0.793353 0.482963
vn -0.430459 -0.793353 0.430459
vn -0.482963 -0.793353 0.370590
vn -0.527203 -0.793353 0.304381
vn -0.562422 -0.793353 0.232963
vn -0.588018 -0.793353 0.157559
vn -0.603553 -0.793353 0.079459
vn -0.608761 -0.793353 0.000000
vn -0.603553 -0.793353 -0.079459
vn -0.588018 -0.793353 -0.157559
vn -0.562422 -0.793353 -0.232963
vn -0.527203 -0.793353 -0.304381
vn -0.482963 -0.793353 -0.370590
vn -0.430459 -0.793353 -0.430459
vn -0.370590 -0.793353 -0.482963
vn -0.304381 -0.793353 -0.527203
vn -0.232963 -0.793353 -0.562422
vn -0.157559 -0.793353 -0.588018
vn -0.079459 -0.793353 -0.603553
vn -0.000000 -0.793353 -0.608761
vn 0.079459 -0.793353 -0.603553
vn 0.157559 -0.793353 -0.588018
vn 0.232963 -0.793353 -0.562422
vn 0.304381 -0.793353 -0.527203
vn 0.370590 -0.793353 -0.482963
vn 0.430459 -0.793353 -0.430459
vn 0.482963 -0.793353 -0.370590
vn 0.527203 -0.793353 -0.304381
vn 0.562422 -0.793353 -0.232963
vn 0.588018 -0.793353 -0.157559
vn 0.603553 -0.793353 -0.079459
vn 0.500000 -0.866025 0.000000
vn 0.495722 -0.866025 0.065263
vn 0.482963 -0.866025 0.129410
vn 0.461940 -0.866025 0.191342
vn 0.433013 -0.866025 0.250000
vn 0.396677 -0.866025 0.304381
vn 0.353553 -0.866025 0.353553
vn 0.304381 -0.866025 0.396677
vn 0.250000 -0.866025 0.433013
vn 0.191342 -0.866025 0.461940
vn 0.129410 -0.866025 0.482963
vn 0.065263 -0.866025 0.495722
vn 0.000000 -0.866025 0.500000
vn -0.065263 -0.866025 0.495722
vn -0.129410 -0.866025 0.482963
vn -0.191342 -0.866025 0.461940
vn -0.250000 -0.866025 0.433013
vn -0.304381 -0.866025 0.396677
vn -0.353553 -0.866025 0.353553
vn -0.396677 -0.866025 0.304381
vn -0.433013 -0.866025 0.250000
vn -0.461940 -0.866025 0.191342
vn -0.482963 -0.866025 0.129410
vn -0.495722 -0.866025 0.065263
vn -0.500000 -0.866025 0.000000
vn -0.495722 -0.866025 -0.065263
vn -0.482963 -0.866025 -0.129410
vn -0.461940 -0.866025 -0.191342
vn -0.433013 -0.866025 -0.250000
vn -0.396677 -0.866025 -0.304381
vn -0.353553 -0.866025 -0.353553
vn -0.304381 -0.866025 -0.396677
vn -0.250000 -0.866025 -0.433013
vn -0.191342 -0.866025 -0.461940
vn -0.129410 -0.866025 -0.482963
vn -0.065263 -0.866025 -0.495722
vn -0.000000 -0.866025 -0.500000
vn 0.065263 -0.866025 -0.495722
vn 0.129410 -0.866025 -0.482963
vn 0.191342 -0.866025 -0.461940
vn 0.250000 -0.866025 -0.433013
vn 0.304381 -0.866025 -0.396677
vn 0.353553 -0.866025 -0.353553
vn 0.396677 -0.866025 -0.304381
vn 0.433013 -0.866025 -0.250000
vn 0.461940 -0.866025 -0.191342
vn 0.482963 -0.866025 -0.129410
vn 0.495722 -0.866025 -0.065263
vn 0.382683 -0.923880 0.000000
vn 0.379410 -0.923880 0.049950
vn 0.369644 -0.923880 0.099046
vn 0.353553 -0.923880 0.146447
vn 0.331414 -0.923880 0.191342
vn 0.303603 -0.923880 0.232963
vn 0.270598 -0.923880 0.270598
vn 0.232963 -0.923880 0.303603
vn 0.191342 -0.923880 0.331414
vn 0.146447 -0.923880 0.353553
vn 0.099046 -0.923880 0.369644
vn 0.049950 -0.923880 0.379410
vn 0.000000 -0.923880 0.382683
vn -0.049950 -0.923880 0.379410
vn -0.099046 -0.923880 0.369644
vn -0.146447 -0.923880 0.353553
vn -0.191342 -0.923880 0.331414
vn -0.232963 -0.923880 0.303603
vn -0.270598 -0.923880 0.270598
vn -0.303603 -0.923880 0.232963
vn -0.331414 -0.923880 0.191342
vn -0.353553 -0.923880 0.146447
vn -0.369644 -0.923880 0.099046
vn -0.379410 -0.923880 0.049950
vn -0.382683 -0.923880 0.000000
vn -0.379410 -0.923880 -0.049950
vn -0.369644 -0.923880 -0.099046
vn -0.353553 -0.923880 -0.146447
vn -0.331414 -0.923880 -0.191342
vn -0.303603 -0.923880 -0.232963
vn -0.270598 -0.923880 -0.270598
vn -0.232963 -0.923880 -0.303603
vn -0.191342 -0.923880 -0.331414
vn -0.146447 -0.923880 -0.353553
vn -0.099046 -0.923880 -0.369644
vn -0.049950 -0.923880 -0.379410
vn -0.000000 -0.923880 -0.382683
vn 0.049950 -0.923880 -0.379410
vn 0.099046 -0.923880 -0.369644
vn 0.146447 -0.923880 -0.353553
vn 0.191342 -0.923880 -0.331414
vn 0.232963 -0.923880 -0.303603
vn 0.270598 -0.923880 -0.270598
vn 0.303603 -0.923880 -0.232963
vn 0.331414 -0.923880 -0.191342
vn 0.353553 -0.923880 -0.146447
vn 0.369644 -0.923880 -0.099046
vn 0.379410 -0.923880 -0.049950
vn 0.258819 -0.965926 0.000000
vn 0.256605 -0.965926 0.033783
vn 0.250000 -0.965926 0.066987
vn 0.239118 -0.965926 0.099046
vn 0.224144 -0.965926 0.129410
vn 0.205335 -0.965926 0.157559
vn 0.183013 -0.965926 0.183013
vn 0.157559 -0.965926 0.205335
vn 0.129410 -0.965926 0.224144
vn 0.099046 -0.965926 0.239118
vn 0.066987 -0.965926 0.250000
vn 0.033783 -0.965926 0.256605
vn 0.000000 -0.965926 0.258819
vn -0.033783 -0.965926 0.256605
vn -0.066987 -0.965926 0.250000
vn -0.099046 -0.965926 0.239118
vn -0.129410 -0.965926 0.224144
vn -0.157559 -0.965926 0.205335
vn -0.183013 -0.965926 0.183013
vn -0.205335 -0.965926 0.157559
vn -0.224144 -0.965926 0.129410
vn -0.239118 -0.965926 0.099046
vn -0.250000 -0.965926 0.066987
vn -0.256605 -0.965926 0.033783
vn -0.258819 -0.965926 0.000000
vn -0.256605 -0.965926 -0.033783
vn -0.250000 -0.965926 -0.066987
vn -0.239118 -0.965926 -0.099046
vn -0.224144 -0.965926 -0.129410
vn -0.205335 -0.965926 -0.157559
vn -0.183013 -0.965926 -0.183013
vn -0.157559 -0.965926 -0.205335
vn -0.129410 -0.965926 -0.224144
vn -0.099046 -0.965926 -0.239118
vn -0.066987 -0.965926 -0.250000
vn -0.033783 -0.965926 -0.256605
vn -0.000000 -0.965926 -0.258819
vn 0.033783 -0.965926 -0.256605
vn 0.066987 -0.965926 -0.250000
vn 0.099046 -0.965926 -0.239118
vn 0.129410 -0.965926 -0.224144
vn 0.157559 -0.965926 -0.205335
vn 0.183013 -0.965926 -0.183013
vn 0.205335 -0.965926 -0.157559
vn 0.224144 -0.965926 -0.129410
vn 0.239118 -0.965926 -0.099046
vn 0.250000 -0.965926 -0.066987
vn 0.256605 -0.965926 -0.033783
vn 0.130526 -0.991445 0.000000
vn 0.129410 -0.991445 0.017037
vn 0.126079 -0.991445 0.033783
vn 0.120590 -0.991445 0.049950
vn 0.113039 -0.991445 0.065263
vn 0.103553 -0.991445 0.079459
vn 0.092296 -0.991445 0.092296
vn 0.079459 -0.991445 0.103553
vn 0.065263 -0.991445 0.113039
vn 0.049950 -0.991445 0.120590
vn 0.033783 -0.991445 0.126079
vn 0.017037 -0.991445 0.129410
vn 0.000000 -0.991445 0.130526
vn -0.017037 -0.991445 0.129410
vn -0.033783 -0.991445 0.126079
vn -0.049950 -0.991445 0.120590
vn -0.065263 -0.991445 0.113039
vn -0.079459 -0.991445 0.103553
vn -0.092296 -0.991445 0.092296
vn -0.103553 -0.991445 0.079459
vn -0.113039 -0.991445 0.065263
vn -0.120590 -0.991445 0.049950
vn -0.126079 -0.991445 0.033783
vn -0.129410 -0.991445 0.017037
vn -0.130526 -0.991445 0.000000
vn -0.129410 -0.991445 -0.017037
vn -0.126079 -0.991445 -0.033783
vn -0.120590 -0.991445 -0.049950
vn -0.113039 -0.991445 -0.065263
vn -0.103553 -0.991445 -0.079459
vn -0.092296 -0.991445 -0.092296
vn -0.079459 -0.991445 -0.103553
vn -0.065263 -0.991445 -0.113039
vn -0.049950 -0.991445 -0.120590
vn -0.033783 -0.991445 -0.126079
vn -0.017037 -0.991445 -0.129410
vn -0.000000 -0.991445 -0.130526
vn 0.017037 -0.991445 -0.129410
vn 0.033783 -0.991445 -0.126079
vn 0.049950 -0.991445 -0.120590
vn 0.065263 -0.991445 -0.113039
vn 0.079459 -0.991445 -0.103553
vn 0.092296 -0.991445 -0.092296
vn 0.103553 -0.991445 -0.079459
vn 0.113039 -0.991445 -0.065263
vn 0.120590 -0.991445 -0.049950
vn 0.126079 -0.991445 -0.033783
vn 0.129410 -0.991445 -0.017037
vn 0.000000 -1.000000 0.000000
vn 0.000000 1.000000 0.000000
vn 0.130526 0.991445 0.000000
vn 0.129410 0.991445 0.017037
vn 0.126079 0.991445 0.033783
vn 0.120590 0.991445 0.049950
vn 0.113039 0.991445 0.065263
vn 0.103553 0.991445 0.079459
vn 0.092296 0.991445 0.092296
vn 0.079459 0.991445 0.103553
vn 0.065263 0.991445 0.113039
vn 0.049950 0.991445 0.120590
vn 0.033783 0.991445 0.126079
vn 0.017037 0.991445 0.129410
vn 0.000000 0.991445 0.130526
vn -0.017037 0.991445 0.129410
vn -0.033783 0.991445 0.126079
vn -0.049950 0.991445 0.120590
vn -0.065263 0.991445 0.113039
vn -0.079459 0.991445 0.103553
vn -0.092296 0.991445 0.092296
vn -0.103553 0.991445 0.079459
vn -0.113039 0.991445 0.065263
vn -0.120590 0.991445 0.049950
vn -0.126079 0.991445 0.033783
vn -0.129410 0.991445 0.017037
vn -0.130526 0.991445 0.000000
vn -0.129410 0.991445 -0.017037
vn -0.126079 0.991445 -0.033783
vn -0.120590 0.991445 -0.049950
vn -0.113039 0.991445 -0.065263
vn -0.103553 0.991445 -0.079459
vn -0.092296 0.991445 -0.092296
vn -0.079459 0.991445 -0.103553
vn -0.065263 0.991445 -0.113039
vn -0.049950 0.991445 -0.120590
vn -0.033783 0.991445 -0.126079
vn -0.017037 0.991445 -0.129410
vn -0.000000 0.991445 -0.130526
vn 0.017037 0.991445 -0.129410
vn 0.033783 0.991445 -0.126079
vn 0.049950 0.991445 -0.120590
vn 0.065263 0.991445 -0.113039
vn 0.079459 0.991445 -0.103553
vn 0.092296 0.991445 -0.092296
vn 0.103553 0.991445 -0.079459
vn 0.113039 0.991445 -0.065263
vn 0.120590 0.991445 -0.049950
vn 0.126079 0.991445 -0.033783
vn 0.129410 0.991445 -0.017037
vn 0.258819 0.965926 0.000000
vn 0.256605 0.965926 0.033783
vn 0.250000 0.965926 0.066987
vn 0.239118 0.965926 0.099046
vn 0.224144 0.965926 0.129410
vn 0.205335 0.965926 0.157559
vn 0.183013 0.965926 0.183013
vn 0.157559 0.965926 0.205335
vn 0.129410 0.965926 0.224144
vn 0.099046 0.965926 0.239118
vn 0.066987 0.965926 0.250000
vn 0.033783 0.965926 0.256605
vn 0.000000 0.965926 0.258819
vn -0.033783 0.965926 0.256605
vn -0.066987 0.965926 0.250000
vn -0.099046 0.965926 0.239118
vn -0.129410 0.965926 0.224144
vn -0.157559 0.965926 0.205335
vn -0.183013 0.965926 0.183013
vn -0.205335 0.965926 0.157559
vn -0.224144 0.965926 0.129410
vn -0.239118 0.965926 0.099046
vn -0.250000 0.965926 0.066987
vn -0.256605 0.965926 0.033783
vn -0.258819 0.965926 0.000000
vn -0.256605 0.965926 -0.033783
vn -0.250000 0.965926 -0.066987
vn -0.239118 0.965926 -0.099046
vn -0.224144 0.965926 -0.129410
vn -0.205335 0.965926 -0.157559
vn -0.183013 0.965926 -0.183013
vn -0.157559 0.965926 -0.205335
vn -0.129410 0.965926 -0.224144
vn -0.099046 0.965926 -0.239118
vn -0.066987 0.965926 -0.250000
vn -0.033783 0.965926 -0.256605
vn -0.000000 0.965926 -0.258819
vn 0.033783 0.965926 -0.256605
vn 0.066987 0.965926 -0.250000
vn 0.099046 0.965926 -0.239118
vn 0.129410 0.965926 -0.224144
vn 0.157559 0.965926 -0.205335
vn 0.183013 0.965926 -0.183013
vn 0.205335 0.965926 -0.157559
vn 0.224144 0.965926 -0.129410
vn 0.239118 0.965926 -0.099046
vn 0.250000 0.965926 -0.066987
vn 0.256605 0.965926 -0.033783
vn 0.382683 0.923880 0.000000
vn 0.379410 0.923880 0.049950
vn 0.369644 0.923880 0.099046
vn 0.353553 0.923880 0.146447
vn 0.331414 0.923880 0.191342
vn 0.303603 0.923880 0.232963
vn 0.270598 0.923880 0.270598
vn 0.232963 0.923880 0.303603
vn 0.191342 0.923880 0.331414
vn 0.146447 0.923880 0.353553
vn 0.099046 0.923880 0.369644
vn 0.049950 0.923880 0.379410
vn 0.000000 0.923880 0.382683
vn -0.049950 0.923880 0.379410
vn -0.099046 0.923880 0.369644
vn -0.146447 0.923880 0.353553
vn -0.191342 0.923880 0.331414
vn -0.232963 0.923880 0.303603
vn -0.270598 0.923880 0.270598
vn -0.303603 0.923880 0.232963
vn -0.331414 0.923880 0.191342
vn -0.353553 0.923880 0.146447
vn -0.369644 0.923880 0.099046
vn -0.379410 0.923880 0.049950
vn -0.382683 0.923880 0.000000
vn -0.379410 0.923880 -0.049950
vn -0.369644 0.923880 -0.099046
vn -0.353553 0.923880 -0.146447
vn -0.331414 0.923880 -0.191342
vn -0.303603 0.923880 -0.232963
vn -0.270598 0.923880 -0.270598
vn -0.232963 0.923880 -0.303603
vn -0.191342 0.923880 -0.331414
vn -0.146447 0.923880 -0.353553
vn -0.099046 0.923880 -0.369644
vn -0.049950 0.923880 -0.379410
vn -0.000000 0.923880 -0.382683
vn 0.049950 0.923880 -0.379410
vn 0.099046 0.923880 -0.369644
vn 0.146447 0.923880 -0.353553
vn 0.191342 0.923880 -0.331414
vn 0.232963 0.923880 -0.303603
vn 0.270598 0.923880 -0.270598
vn 0.303603 0.923880 -0.232963
vn 0.331414 0.923880 -0.191342
vn 0.353553 0.923880 -0.146447
vn 0.369644 0.923880 -0.099046
vn 0.379410 0.923880 -0.049950
vn 0.500000 0.866025 0.000000
vn 0.495722 0.866025 0.065263
vn 0.482963 0.866025 0.129410
vn 0.461940 0.866025 0.191342
vn 0.433013 0.866025 0.250000
vn 0.396677 0.866025 0.304381
vn 0.353553 0.866025 0.353553
vn 0.304381 0.866025 0.396677
vn 0.250000 0.866025 0.433013
vn 0.191342 0.866025 0.461940
vn 0.129410 0.866025 0.482963
vn 0.065263 0.866025 0.495722
vn 0.000000 0.866025 0.500000
vn -0.065263 0.866025 0.495722
vn -0.129410 0.866025 0.482963
vn -0.191342 0.866025 0.461940
vn -0.250000 0.866025 0.433013
vn -0.304381 0.866025 0.396677
vn -0.353553 0.866025 0.353553
vn -0.396677 0.866025 0.304381
vn -0.433013 0.866025 0.250000
vn -0.461940 0.866025 0.191342
vn -0.482963 0.866025 0.129410
vn -0.495722 0.866025 0.065263
vn -0.500000 0.866025 0.000000
vn -0.495722 0.866025 -0.065263
vn -0.482963 0.866025 -0.129410
vn -0.461940 0.866025 -0.191342
vn -0.433013 0.866025 -0.250000
vn -0.396677 0.866025 -0.304381
vn -0.353553 0.866025 -0.353553
vn -0.304381 0.866025 -0.396677
vn -0.250000 0.866025 -0.433013
vn -0.191342 0.866025 -0.461940
vn -0.129410 0.866025 -0.482963
vn -0.065263 0.866025 -0.495722
vn -0.000000 0.866025 -0.500000
vn 0.065263 0.866025 -0.495722
vn 0.129410 0.866025 -0.482963
vn 0.191342 0.866025 -0.461940
vn 0.250000 0.866025 -0.433013
vn 0.304381 0.866025 -0.396677
vn 0.353553 0.866025 -0.353553
vn 0.396677 0.866025 -0.304381
vn 0.433013 0.866025 -0.250000
vn 0.461940 0.866025 -0.191342
vn 0.482963 0.866025 -0.129410
vn 0.495722 0.866025 -0.065263
vn 0.608761 0.793353 0.000000
vn 0.603553 0.793353 0.079459
vn 0.588018 0.793353 0.157559
vn 0.562422 0.793353 0.232963
vn 0.527203 0.793353 0.304381
vn 0.482963 0.793353 0.370590
vn 0.430459 0.793353 0.430459
vn 0.370590 0.793353 0.482963
vn 0.304381 0.793353 0.527203
vn 0.232963 0.793353 0.562422
vn 0.157559 0.793353 0.588018
vn 0.079459 0.793353 0.603553
vn 0.000000 0.793353 0.608761
vn -0.079459 0.793353 0.603553
vn -0.157559 0.793353 0.588018
vn -0.232963 0.793353 0.562422
vn -0.304381 0.793353 0.527203
vn -0.370590 0.793353 0.482963
vn -0.430459 0.793353 0.430459
vn -0.482963 0.793353 0.370590
vn -0.527203 0.793353 0.304381
vn -0.562422 0.793353 0.232963
vn -0.588018 0.793353 0.157559
vn -0.603553 0.793353 0.079459
vn -0.608761 0.793353 0.000000
vn -0.603553 0.793353 -0.079459
vn -0.588018 0.793353 -0.157559
vn -0.562422 0.793353 -0.232963
vn -0.527203 0.793353 -0.304381
vn -0.482963 0.793353 -0.370590
vn -0.430459 0.793353 -0.430459
vn -0.370590 0.793353 -0.482963
vn -0.304381 0.793353 -0.527203
vn -0.232963 0.793353 -0.562422
vn -0.157559 0.793353 -0.588018
vn -0.079459 0.793353 -0.603553
vn -0.000000 0.793353 -0.608761
vn 0.079459 0.793353 -0.603553
vn 0.157559 0.793353 -0.588018
vn 0.232963 0.793353 -0.562422
vn 0.304381 0.793353 -0.527203
vn 0.370590 0.793353 -0.482963
vn 0.430459 0.793353 -0.430459
vn 0.482963 0.793353 -0.370590
vn 0.527203 0.793353 -0.304381
vn 0.562422 0.793353 -0.232963
vn 0.588018 0.793353 -0.157559
vn 0.603553 0.793353 -0.079459
vn 0.707107 0.707107 0.000000
vn 0.701057 0.707107 0.092296
vn 0.683013 0.707107 0.183013
vn 0.653281 0.707107 0.270598
vn 0.612372 0.707107 0.353553
vn 0.560986 0.707107 0.430459
vn 0.500000 0.707107 0.500000
vn 0.430459 0.707107 0.560986
vn 0.353553 0.707107 0.612372
vn 0.270598 0.707107 0.653281
vn 0.183013 0.707107 0.683013
vn 0.092296 0.707107 0.701057
vn 0.000000 0.707107 0.707107
vn -0.092296 0.707107 0.701057
vn -0.183013 0.707107 0.683013
vn -0.270598 0.707107 0.653281
vn -0.353553 0.707107 0.612372
vn -0.430459 0.707107 0.560986
vn -0.500000 0.707107 0.500000
vn -0.560986 0.707107 0.430459
vn -0.612372 0.707107 0.353553
vn -0.653281 0.707107 0.270598
vn -0.683013 0.707107 0.183013
vn -0.701057 0.707107 0.092296
vn -0.707107 0.707107 0.000000
vn -0.701057 0.707107 -0.092296
vn -0.683013 0.707107 -0.183013
vn -0.653281 0.707107 -0.270598
vn -0.612372 0.707107 -0.353553
vn -0.560986 0.707107 -0.430459
vn -0.500000 0.707107 -0.500000
vn -0.430459 0.707107 -0.560986
vn -0.353553 0.707107 -0.612372
vn -0.270598 0.707107 -0.653281
vn -0.183013 0.707107 -0.683013
vn -0.092296 0.707107 -0.701057
vn -0.000000 0.707107 -0.707107
vn 0.092296 0.707107 -0.701057
vn 0.183013 0.707107 -0.683013
vn 0.270598 0.707107 -0.653281
vn 0.353553 0.707107 -0.612372
vn 0.430459 0.707107 -0.560986
vn 0.500000 0.707107 -0.500000
vn 0.560986 0.707107 -0.430459
vn 0.612372 0.707107 -0.353553
vn 0.653281 0.707107 -0.270598
vn 0.683013 0.707107 -0.183013
vn 0.701057 0.707107 -0.092296
vn 0.793353 0.608761 0.000000
vn 0.786566 0.608761 0.103553
vn 0.766320 0.608761 0.205335
vn 0.732963 0.608761 0.303603
vn 0.687064 0.608761 0.396677
vn 0.629410 0.608761 0.482963
vn 0.560986 0.608761 0.560986
vn 0.482963 0.608761 0.629410
vn 0.396677 0.608761 0.687064
vn 0.303603 0.608761 0.732963
vn 0.205335 0.608761 0.766320
vn 0.103553 0.608761 0.786566
vn 0.000000 0.608761 0.793353
vn -0.103553 0.608761 0.786566
vn -0.205335 0.608761 0.766320
vn -0.303603 0.608761 0.732963
vn -0.396677 0.608761 0.687064
vn -0.482963 0.608761 0.629410
vn -0.560986 0.608761 0.560986
vn -0.629410 0.608761 0.482963
vn -0.687064 0.608761 0.396677
vn -0.732963 0.608761 0.303603
vn -0.766320 0.608761 0.205335
vn -0.786566 0.608761 0.103553
vn -0.793353 0.608761 0.000000
vn -0.786566 0.608761 -0.103553
vn -0.766320 0.608761 -0.205335
vn -0.732963 0.608761 -0.303603
vn -0.687064 0.608761 -0.396677
vn -0.629410 0.608761 -0.482963
vn -0.560986 0.608761 -0.560986
vn -0.482963 0.608761 -0.629410
vn -0.396677 0.608761 -0.687064
vn -0.303603 0.608761 -0.732963
vn -0.205335 0.608761 -0.766320
vn -0.103553 0.608761 -0.786566
vn -0.000000 0.608761 -0.793353
vn 0.103553 0.608761 -0.786566
vn 0.205335 0.608761 -0.766320
vn 0.303603 0.608761 -0.732963
vn 0.396677 0.608761 -0.687064
vn 0.482963 0.608761 -0.629410
vn 0.560986 0.608761 -0.560986
vn 0.629410 0.608761 -0.482963
vn 0.687064 0.608761 -0.396677
vn 0.732963 0.608761 -0.303603
vn 0.766320 0.608761 -0.205335
vn 0.786566 0.608761 -0.103553
vn 0.866025 0.500000 0.000000
vn 0.858616 0.500000 0.113039
vn 0.836516 0.500000 0.224144
vn 0.800103 0.500000 0.331414
vn 0.750000 0.500000 0.433013
vn 0.687064 0.500000 0.527203
vn 0.612372 0.500000 0.612372
vn 0.527203 0.500000 0.687064
vn 0.433013 0.500000 0.750000
vn 0.331414 0.500000 0.800103
vn 0.224144 0.500000 0.836516
vn 0.113039 0.500000 0.858616
vn 0.000000 0.500000 0.866025
vn -0.113039 0.500000 0.858616
vn -0.224144 0.500000 0.836516
vn -0.331414 0.500000 0.800103
vn -0.433013 0.500000 0.750000
vn -0.527203 0.500000 0.687064
vn -0.612372 0.500000 0.612372
vn -0.687064 0.500000 0.527203
vn -0.750000 0.500000 0.433013
vn -0.800103 0.500000 0.331414
vn -0.836516 0.500000 0.224144
vn -0.858616 0.500000 0.113039
vn -0.866025 0.500000 0.000000
vn -0.858616 0.500000 -0.113039
vn -0.836516 0.500000 -0.224144
vn -0.800103 0.500000 -0.331414
vn -0.750000 0.500000 -0.433013
vn -0.687064 0.500000 -0.527203
vn -0.612372 0.500000 -0.612372
vn -0.527203 0.500000 -0.687064
vn -0.433013 0.500000 -0.750000
vn -0.331414 0.500000 -0.800103
vn -0.224144 0.500000 -0.836516
vn -0.113039 0.500000 -0.858616
vn -0.000000 0.500000 -0.866025
vn 0.113039 0.500000 -0.858616
vn 0.224144 0.500000 -0.836516
vn 0.331414 0.500000 -0.800103
vn 0.433013 0.500000 -0.750000
vn 0.527203 0.500000 -0.687064
vn 0.612372 0.500000 -0.612372
vn 0.687064 0.500000 -0.527203
vn 0.750000 0.500000 -0.433013
vn 0.800103 0.500000 -0.331414
vn 0.836516 0.500000 -0.224144
vn 0.858616 0.500000 -0.113039
vn 0.923880 0.382683 0.000000
vn 0.915976 0.382683 0.120590
vn 0.892399 0.382683 0.239118
vn 0.853553 0.382683 0.353553
vn 0.800103 0.382683 0.461940
vn 0.732963 0.382683 0.562422
vn 0.653281 0.382683 0.653281
vn 0.562422 0.382683 0.732963
vn 0.461940 0.382683 0.800103
vn 0.353553 0.382683 0.853553
vn 0.239118 0.382683 0.892399
vn 0.120590 0.382683 0.915976
vn 0.000000 0.382683 0.923880
vn -0.120590 0.382683 0.915976
vn -0.239118 0.382683 0.892399
vn -0.353553 0.382683 0.853553
vn -0.461940 0.382683 0.800103
vn -0.562422 0.382683 0.732963
vn -0.653281 0.382683 0.653281
vn -0.732963 0.382683 0.562422
vn -0.800103 0.382683 0.461940
vn -0.853553 0.382683 0.353553
vn -0.892399 0.382683 0.239118
vn -0.915976 0.382683 0.120590
vn -0.923880 0.382683 0.000000
vn -0.915976 0.382683 -0.120590
vn -0.892399 0.382683 -0.239118
vn -0.853553 0.382683 -0.353553
vn -0.800103 0.382683 -0.461940
vn -0.732963 0.382683 -0.562422
vn -0.653281 0.382683 -0.653281
vn -0.562422 0.382683 -0.732963
vn -0.461940 0.382683 -0.800103
vn -0.353553 0.382683 -0.853553
vn -0.239118 0.382683 -0.892399
vn -0.120590 0.382683 -0.915976
vn -0.000000 0.382683 -0.923880
vn 0.120590 0.382683 -0.915976
vn 0.239118 0.382683 -0.892399
vn 0.353553 0.382683 -0.853553
vn 0.461940 0.382683 -0.800103
vn 0.562422 0.382683 -0.732963
vn 0.653281 0.382683 -0.653281
vn 0.732963 0.382683 -0.562422
vn 0.800103 0.382683 -0.461940
vn 0.853553 0.382683 -0.353553
vn 0.892399 0.382683 -0.239118
vn 0.915976 0.382683 -0.120590
vn 0.965926 0.258819 0.000000
vn 0.957662 0.258819 0.126079
vn 0.933013 0.258819 0.250000
vn 0.892399 0.258819 0.369644
vn 0.836516 0.258819 0.482963
vn 0.766320 0.258819 0.588018
vn 0.683013 0.258819 0.683013
vn 0.588018 0.258819 0.766320
vn 0.482963 0.258819 0.836516
vn 0.369644 0.258819 0.892399
vn 0.250000 0.258819 0.933013
vn 0.126079 0.258819 0.957662
vn 0.000000 0.258819 0.965926
vn -0.126079 0.258819 0.957662
vn -0.250000 0.258819 0.933013
vn -0.369644 0.258819 0.892399
vn -0.482963 0.258819 0.836516
vn -0.588018 0.258819 0.766320
vn -0.683013 0.258819 0.683013
vn -0.766320 0.258819 0.588018
vn -0.836516 0.258819 0.482963
vn -0.892399 0.258819 0.369644
vn -0.933013 0.258819 0.250000
vn -0.957662 0.258819 0.126079
vn -0.965926 0.258819 0.000000
vn -0.957662 0.258819 -0.126079
vn -0.933013 0.258819 -0.250000
vn -0.892399 0.258819 -0.369644
vn -0.836516 0.258819 -0.482963
vn -0.766320 0.258819 -0.588018
vn -0.683013 0.258819 -0.683013
vn -0.588018 0.258819 -0.766320
vn -0.482963 0.258819 -0.836516
vn -0.369644 0.258819 -0.892399
vn -0.250000 0.258819 -0.933013
vn -0.126079 0.258819 -0.957662
vn -0.000000 0.258819 -0.965926
vn 0.126079 0.258819 -0.957662
vn 0.250000 0.258819 -0.933013
vn 0.369644 0.258819 -0.892399
vn 0.482963 0.258819 -0.836516
vn 0.588018 0.258819 -0.766320
vn 0.683013 0.258819 -0.683013
vn 0.766320 0.258819 -0.588018
vn 0.836516 0.258819 -0.482963
vn 0.892399 0.258819 -0.369644
vn 0.933013 0.258819 -0.250000
vn 0.957662 0.258819 -0.126079
vn 0.991445 0.130526 0.000000
vn 0.982963 0.130526 0.129410
vn 0.957662 0.130526 0.256605
vn 0.915976 0.130526 0.379410
vn 0.858616 0.130526 0.495722
vn 0.786566 0.130526 0.603553
vn 0.701057 0.130526 0.701057
vn 0.603553 0.130526 0.786566
vn 0.495722 0.130526 0.858616
vn 0.379410 0.130526 0.915976
vn 0.256605 0.130526 0.957662
vn 0.129410 0.130526 0.982963
vn 0.000000 0.130526 0.991445
vn -0.129410 0.130526 0.982963
vn -0.256605 0.130526 0.957662
vn -0.379410 0.130526 0.915976
vn -0.495722 0.130526 0.858616
vn -0.603553 0.130526 0.786566
vn -0.701057 0.130526 0.701057
vn -0.786566 0.130526 0.603553
vn -0.858616 0.130526 0.495722
vn -0.915976 0.130526 0.379410
vn -0.957662 0.130526 0.256605
vn -0.982963 0.130526 0.129410
vn -0.991445 0.130526 0.000000
vn -0.982963 0.130526 -0.129410
vn -0.957662 0.130526 -0.256605
vn -0.915976 0.130526 -0.379410
vn -0.858616 0.130526 -0.495722
vn -0.786566 0.130526 -0.603553
vn -0.701057 0.130526 -0.701057
vn -0.603553 0.130526 -0.786566
vn -0.495722 0.130526 -0.858616
vn -0.379410 0.130526 -0.915976
vn -0.256605 0.130526 -0.957662
vn -0.129410 0.130526 -0.982963
vn -0.000000 0.130526 -0.991445
vn 0.129410 0.130526 -0.982963
vn 0.256605 0.130526 -0.957662
vn 0.379410 0.130526 -0.915976
vn 0.495722 0.130526 -0.858616
vn 0.603553 0.130526 -0.786566
vn 0.701057 0.130526 -0.701057
vn 0.786566 0.130526 -0.603553
vn 0.858616 0.130526 -0.495722
vn 0.915976 0.130526 -0.379410
vn 0.957662 0.130526 -0.256605
vn 0.982963 0.130526 -0.129410
vn 1.000000 0.000000 0.000000
vn 0.991445 0.000000 0.130526
vn 0.965926 0.000000 0.258819
vn 0.923880 0.000000 0.382683
vn 0.866025 0.000000 0.500000
vn 0.793353 0.000000 0.608761
vn 0.707107 0.000000 0.707107
vn 0.608761 0.000000 0.793353
vn 0.500000 0.000000 0.866025
vn 0.382683 0.000000 0.923880
vn 0.258819 0.000000 0.965926
vn 0.130526 0.000000 0.991445
vn 0.000000 0.000000 1.000000
vn -0.130526 0.000000 0.991445
vn -0.258819 0.000000 0.965926
vn -0.382683 0.000000 0.923880
vn -0.500000 0.000000 0.866025
vn -0.608761 0.000000 0.793353
vn -0.707107 0.000000 0.707107
vn -0.793353 0.000000 0.608761
vn -0.866025 0.000000 0.500000
vn -0.923880 0.000000 0.382683
vn -0.965926 0.000000 0.258819
vn -0.991445 0.000000 0.130526
vn -1.000000 0.000000 0.000000
vn -0.991445 0.000000 -0.130526
vn -0.965926 0.000000 -0.258819
vn -0.923880 0.000000 -0.382683
vn -0.866025 0.000000 -0.500000
vn -0.793353 0.000000 -0.608761
vn -0.707107 0.000000 -0.707107
vn -0.608761 0.000000 -0.793353
vn -0.500000 0.000000 -0.866025
vn -0.382683 0.000000 -0.923880
vn -0.258819 0.000000 -0.965926
vn -0.130526 0.000000 -0.991445
vn -0.000000 0.000000 -1.000000
vn 0.130526 0.000000 -0.991445
vn 0.258819 0.000000 -0.965926
vn 0.382683 0.000000 -0.923880
vn 0.500000 0.000000 -0.866025
vn 0.608761 0.000000 -0.793353
vn 0.707107 0.000000 -0.707107
vn 0.793353 0.000000 -0.608761
vn 0.866025 0.000000 -0.500000
vn 0.923880 0.000000 -0.382683
vn 0.965926 0.000000 -0.258819
vn 0.991445 0.000000 -0.130526
vn 0.991445 -0.130526 0.000000
vn 0.982963 -0.130526 0.129410
vn 0.957662 -0.130526 0.256605
vn 0.915976 -0.130526 0.379410
vn 0.858616 -0.130526 0.495722
vn 0.786566 -0.130526 0.603553
vn 0.701057 -0.130526 0.701057
vn 0.603553 -0.130526 0.786566
vn 0.495722 -0.130526 0.858616
vn 0.379410 -0.130526 0.915976
vn 0.256605 -0.130526 0.957662
vn 0.129410 -0.130526 0.982963
vn 0.000000 -0.130526 0.991445
vn -0.129410 -0.130526 0.982963
vn -0.256605 -0.130526 0.957662
vn -0.379410 -0.130526 0.915976
vn -0.495722 -0.130526 0.858616
vn -0.603553 -0.130526 0.786566
vn -0.701057 -0.130526 0.701057
vn -0.786566 -0.130526 0.603553
vn -0.858616 -0.130526 0.495722
vn -0.915976 -0.130526 0.379410
vn -0.957662 -0.130526 0.256605
vn -0.982963 -0.130526 0.129410
vn -0.991445 -0.130526 0.000000
vn -0.982963 -0.130526 -0.129410
vn -0.957662 -0.130526 -0.256605
vn -0.915976 -0.130526 -0.379410
vn -0.858616 -0.130526 -0.495722
vn -0.786566 -0.130526 -0.603553
vn -0.701057 -0.130526 -0.701057
vn -0.603553 -0.130526 -0.786566
vn -0.495722 -0.130526 -0.858616
vn -0.379410 -0.130526 -0.915976
vn -0.256605 -0.130526 -0.957662
vn -0.129410 -0.130526 -0.982963
vn -0.000000 -0.130526 -0.991445
vn 0.129410 -0.130526 -0.982963
vn 0.256605 -0.130526 -0.957662
vn 0.379410 -0.130526 -0.915976
vn 0.495722 -0.130526 -0.858616
vn 0.603553 -0.130526 -0.786566
vn 0.701057 -0.130526 -0.701057
vn 0.786566 -0.130526 -0.603553
vn 0.858616 -0.130526 -0.495722
vn 0.915976 -0.130526 -0.379410
vn 0.957662 -0.130526 -0.256605
vn 0.982963 -0.130526 -0.129410
vn 0.965926 -0.258819 0.000000
vn 0.957662 -0.258819 0.126079
vn 0.933013 -0.258819 0.250000
vn 0.892399 -0.258819 0.369644
vn 0.836516 -0.258819 0.482963
vn 0.766320 -0.258819 0.588018
vn 0.683013 -0.258819 0.683013
vn 0.588018 -0.258819 0.766320
vn 0.482963 -0.258819 0.836516
vn 0.369644 -0.258819 0.892399
vn 0.250000 -0.258819 0.933013
vn 0.126079 -0.258819 0.957662
vn 0.000000 -0.258819 0.965926
vn -0.126079 -0.258819 0.957662
vn -0.250000 -0.258819 0.933013
vn -0.369644 -0.258819 0.892399
vn -0.482963 -0.258819 0.836516
vn -0.588018 -0.258819 0.766320
vn -0.683013 -0.258819 0.683013
vn -0.766320 -0.258819 0.588018
vn -0.836516 -0.258819 0.482963
vn -0.892399 -0.258819 0.369644
vn -0.933013 -0.258819 0.250000
vn -0.957662 -0.258819 0.126079
vn -0.965926 -0.258819 0.000000
vn -0.957662 -0.258819 -0.126079
vn -0.933013 -0.258819 -0.250000
vn -0.892399 -0.258819 -0.369644
vn -0.836516 -0.258819 -0.482963
vn -0.766320 -0.258819 -0.588018
vn -0.683013 -0.258819 -0.683013
vn -0.588018 -0.258819 -0.766320
vn -0.482963 -0.258819 -0.836516
vn -0.369644 -0.258819 -0.892399
vn -0.250000 -0.258819 -0.933013
vn -0.126079 -0.258819 -0.957662
vn -0.000000 -0.258819 -0.965926
vn 0.126079 -0.258819 -0.957662
vn 0.250000 -0.258819 -0.933013
vn 0.369644 -0.258819 -0.892399
vn 0.482963 -0.258819 -0.836516
vn 0.588018 -0.258819 -0.766320
vn 0.683013 -0.258819 -0.683013
vn 0.766320 -0.258819 -0.588018
vn 0.836516 -0.258819 -0.482963
vn 0.892399 -0.258819 -0.369644
vn 0.933013 -0.258819 -0.250000
vn 0.957662 -0.258819 -0.126079
vn 0.923880 -0.382683 0.000000
vn 0.915976 -0.382683 0.120590
vn 0.892399 -0.382683 0.239118
vn 0.853553 -0.382683 0.353553
vn 0.800103 -0.382683 0.461940
vn 0.732963 -0.382683 0.562422
vn 0.653281 -0.382683 0.653281
vn 0.562422 -0.382683 0.732963
vn 0.461940 -0.382683 0.800103
vn 0.353553 -0.382683 0.853553
vn 0.239118 -0.382683 0.892399
vn 0.120590 -0.382683 0.915976
vn 0.000000 -0.382683 0.923880
vn -0.120590 -0.382683 0.915976
vn -0.239118 -0.382683 0.892399
vn -0.353553 -0.382683 0.853553
vn -0.461940 -0.382683 0.800103
vn -0.562422 -0.382683 0.732963
vn -0.653281 -0.382683 0.653281
vn -0.732963 -0.382683 0.562422
vn -0.800103 -0.382683 0.461940
vn -0.853553 -0.382683 0.353553
vn -0.892399 -0.382683 0.239118
vn -0.915976 -0.382683 0.120590
vn -0.923880 -0.382683 0.000000
vn -0.915976 -0.382683 -0.120590
vn -0.892399 -0.382683 -0.239118
vn -0.853553 -0.382683 -0.353553
vn -0.800103 -0.382683 -0.461940
vn -0.732963 -0.382683 -0.562422
vn -0.653281 -0.382683 -0.653281
vn -0.562422 -0.382683 -0.732963
vn -0.461940 -0.382683 -0.800103
vn -0.353553 -0.382683 -0.853553
vn -0.239118 -0.382683 -0.892399
vn -0.120590 -0.382683 -0.915976
vn -0.000000 -0.382683 -0.923880
vn 0.120590 -0.382683 -0.915976
vn 0.239118 -0.382683 -0.892399
vn 0.353553 -0.382683 -0.853553
vn 0.461940 -0.382683 -0.800103
vn 0.562422 -0.382683 -0.732963
vn 0.653281 -0.382683 -0.653281
vn 0.732963 -0.382683 -0.562422
vn 0.800103 -0.382683 -0.461940
vn 0.853553 -0.382683 -0.353553
vn 0.892399 -0.382683 -0.239118
vn 0.915976 -0.382683 -0.120590
vn 0.866025 -0.500000 0.000000
vn 0.858616 -0.500000 0.113039
vn 0.836516 -0.500000 0.224144
vn 0.800103 -0.500000 0.331414
vn 0.750000 -0.500000 0.433013
vn 0.687064 -0.500000 0.527203
vn 0.612372 -0.500000 0.612372
vn 0.527203 -0.500000 0.687064
vn 0.433013 -0.500000 0.750000
vn 0.331414 -0.500000 0.800103
vn 0.224144 -0.500000 0.836516
vn 0.113039 -0.500000 0.858616
vn 0.000000 -0.500000 0.866025
vn -0.113039 -0.500000 0.858616
vn -0.224144 -0.500000 0.836516
vn -0.331414 -0.500000 0.800103
vn -0.433013 -0.500000 0.750000
vn -0.527203 -0.500000 0.687064
vn -0.612372 -0.500000 0.612372
vn -0.687064 -0.500000 0.527203
vn -0.750000 -0.500000 0.433013
vn -0.800103 -0.500000 0.331414
vn -0.836516 -0.500000 0.224144
vn -0.858616 -0.500000 0.113039
vn -0.866025 -0.500000 0.000000
vn -0.858616 -0.500000 -0.113039
vn -0.836516 -0.500000 -0.224144
vn -0.800103 -0.500000 -0.331414
vn -0.750000 -0.500000 -0.433013
vn -0.687064 -0.500000 -0.527203
vn -0.612372 -0.500000 -0.612372
vn -0.527203 -0.500000 -0.687064
vn -0.433013 -0.500000 -0.750000
vn -0.331414 -0.500000 -0.800103
vn -0.224144 -0.500000 -0.836516
vn -0.113039 -0.500000 -0.858616
vn -0.000000 -0.500000 -0.866025
vn 0.113039 -0.500000 -0.858616
vn 0.224144 -0.500000 -0.836516
vn 0.331414 -0.500000 -0.800103
vn 0.433013 -0.500000 -0.750000
vn 0.527203 -0.500000 -0.687064
vn 0.612372 -0.500000 -0.612372
vn 0.687064 -0.500000 -0.527203
vn 0.750000 -0.500000 -0.433013
vn 0.800103 -0.500000 -0.331414
vn 0.836516 -0.500000 -0.224144
vn 0.858616 -0.500000 -0.113039
vn 0.793353 -0.608761 0.000000
vn 0.786566 -0.608761 0.103553
vn 0.766320 -0.608761 0.205335
vn 0.732963 -0.608761 0.303603
vn 0.687064 -0.608761 0.396677
vn 0.629410 -0.608761 0.482963
vn 0.560986 -0.608761 0.560986
vn 0.482963 -0.608761 0.629410
vn 0.396677 -0.608761 0.687064
vn 0.303603 -0.608761 0.732963
vn 0.205335 -0.608761 0.766320
vn 0.103553 -0.608761 0.786566
vn 0.000000 -0.608761 0.793353
vn -0.103553 -0.608761 0.786566
vn -0.205335 -0.608761 0.766320
vn -0.303603 -0.608761 0.732963
vn -0.396677 -0.608761 0.687064
vn -0.482963 -0.608761 0.629410
vn -0.560986 -0.608761 0.560986
vn -0.629410 -0.608761 0.482963
vn -0.687064 -0.608761 0.396677
vn -0.732963 -0.608761 0.303603
vn -0.766320 -0.608761 0.205335
vn -0.786566 -0.608761 0.103553
vn -0.793353 -0.608761 0.000000
vn -0.786566 -0.608761 -0.103553
vn -0.766320 -0.608761 -0.205335
vn -0.732963 -0.608761 -0.303603
vn -0.687064 -0.608761 -0.396677
vn -0.629410 -0.608761 -0.482963
vn -0.560986 -0.608761 -0.560986
vn -0.482963 -0.608761 -0.629410
vn -0.396677 -0.608761 -0.687064
vn -0.303603 -0.608761 -0.732963
vn -0.205335 -0.608761 -0.766320
vn -0.103553 -0.608761 -0.786566
vn -0.000000 -0.608761 -0.793353
vn 0.103553 -0.608761 -0.786566
vn 0.205335 -0.608761 -0.766320
vn 0.303603 -0.608761 -0.732963
vn 0.396677 -0.608761 -0.687064
vn 0.482963 -0.608761 -0.629410
vn 0.560986 -0.608761 -0.560986
vn 0.629410 -0.608761 -0.482963
vn 0.687064 -0.608761 -0.396677
vn 0.732963 -0.608761 -0.303603
vn 0.766320 -0.608761 -0.205335
vn 0.786566 -0.608761 -0.103553
vn 0.707107 -0.707107 0.000000
vn 0.701057 -0.707107 0.092296
vn 0.683013 -0.707107 0.183013
vn 0.653281 -0.707107 0.270598
vn 0.612372 -0.707107 0.353553
vn 0.560986 -0.707107 0.430459
vn 0.500000 -0.707107 0.500000
vn 0.430459 -0.707107 0.560986
vn 0.353553 -0.707107 0.612372
vn 0.270598 -0.707107 0.653281
vn 0.183013 -0.707107 0.683013
vn 0.092296 -0.707107 0.701057
vn 0.000000 -0.707107 0.707107
vn -0.092296 -0.707107 0.701057
vn -0.183013 -0.707107 0.683013
vn -0.270598 -0.707107 0.653281
vn -0.353553 -0.707107 0.612372
vn -0.430459 -0.707107 0.560986
vn -0.500000 -0.707107 0.500000
vn -0.560986 -0.707107 0.430459
vn -0.612372 -0.707107 0.353553
vn -0.653281 -0.707107 0.270598
vn -0.683013 -0.707107 0.183013
vn -0.701057 -0.707107 0.092296
vn -0.707107 -0.707107 0.000000
vn -0.701057 -0.707107 -0.092296
vn -0.683013 -0.707107 -0.183013
vn -0.653281 -0.707107 -0.270598
vn -0.612372 -0.707107 -0.353553
vn -0.560986 -0.707107 -0.430459
vn -0.500000 -0.707107 -0.500000
vn -0.430459 -0.707107 -0.560986
vn -0.353553 -0.707107 -0.612372
vn -0.270598 -0.707107 -0.653281
vn -0.183013 -0.707107 -0.683013
vn -0.092296 -0.707107 -0.701057
vn -0.000000 -0.707107 -0.707107
vn 0.092296 -0.707107 -0.701057
vn 0.183013 -0.707107 -0.683013
vn 0.270598 -0.707107 -0.653281
vn 0.353553 -0.707107 -0.612372
vn 0.430459 -0.707107 -0.560986
vn 0.500000 -0.707107 -0.500000
vn 0.560986 -0.707107 -0.430459
vn 0.612372 -0.707107 -0.353553
vn 0.653281 -0.707107 -0.270598
vn 0.683013 -0.707107 -0.183013
vn 0.701057 -0.707107 -0.092296
vn 0.608761 -0.793353 0.000000
vn 0.603553 -0.793353 0.079459
vn 0.588018 -0.793353 0.157559
vn 0.562422 -0.793353 0.232963
vn 0.527203 -0.793353 0.304381
vn 0.482963 -0.793353 0.370590
vn 0.430459 -0.793353 0.430459
vn 0.370590 -0.793353 0.482963
vn 0.304381 -0.793353 0.527203
vn 0.232963 -0.793353 0.562422
vn 0.157559 -0.793353 0.588018
vn 0.079459 -0.793353 0.603553
vn 0.000000 -0.793353 0.608761
vn -0.079459 -0.793353 0.603553
vn -0.157559 -0.793353 0.588018
vn -0.232963 -0.793353 0.562422
vn -0.304381 -0.793353 0.527203
vn -0.370590 -0.793353 0.482963
vn -0.430459 -0.793353 0.430459
vn -0.482963 -0.793353 0.370590
vn -0.527203 -0.793353 0.304381
vn -0.562422 -0.793353 0.232963
vn -0.588018 -0.793353 0.157559
vn -0.603553 -0.793353 0.079459
vn -0.608761 -0.793353 0.000000
vn -0.603553 -0.793353 -0.079459
vn -0.588018 -0.793353 -0.157559
vn -0.562422 -0.793353 -0.232963
vn -0.527203 -0.793353 -0.304381
vn -0.482963 -0.793353 -0.370590
vn -0.430459 -0.793353 -0.430459
vn -0.370590 -0.793353 -0.482963
vn -0.304381 -0.793353 -0.527203
vn -0.232963 -0.793353 -0.562422
vn -0.157559 -0.793353 -0.588018
vn -0.079459 -0.793353 -0.603553
vn -0.000000 -0.793353 -0.608761
vn 0.079459 -0.793353 -0.603553
vn 0.157559 -0.793353 -0.588018
vn 0.232963 -0.793353 -0.562422
vn 0.304381 -0.793353 -0.527203
vn 0.370590 -0.793353 -0.482963
vn 0.430459 -0.793353 -0.430459
vn 0.482963 -0.793353 -0.370590
vn 0.527203 -0.793353 -0.304381
vn 0.562422 -0.793353 -0.232963
vn 0.588018 -0.793353 -0.157559
vn 0.603553 -0.793353 -0.079459
vn 0.500000 -0.866025 0.000000
vn 0.495722 -0.866025 0.065263
vn 0.482963 -0.866025 0.129410
vn 0.461940 -0.866025 0.191342
vn 0.433013 -0.866025 0.250000
vn 0.396677 -0.866025 0.304381
vn 0.353553 -0.866025 0.353553
vn 0.304381 -0.866025 0.396677
vn 0.250000 -0.866025 0.433013
vn 0.191342 -0.866025 0.461940
vn 0.129410 -0.866025 0.482963
vn 0.065263 -0.866025 0.495722
vn 0.000000 -0.866025 0.500000
vn -0.065263 -0.866025 0.495722
vn -0.129410 -0.866025 0.482963
vn -0.191342 -0.866025 0.461940
vn -0.250000 -0.866025 0.433013
vn -0.304381 -0.866025 0.396677
vn -0.353553 -0.866025 0.353553
vn -0.396677 -0.866025 0.304381
vn -0.433013 -0.866025 0.250000
vn -0.461940 -0.866025 0.191342
vn -0.482963 -0.866025 0.129410
vn -0.495722 -0.866025 0.065263
vn -0.500000 -0.866025 0.000000
vn -0.495722 -0.866025 -0.065263
vn -0.482963 -0.866025 -0.129410
vn -0.461940 -0.866025 -0.191342
vn -0.433013 -0.866025 -0.250000
vn -0.396677 -0.866025 -0.304381
vn -0.353553 -0.866025 -0.353553
vn -0.304381 -0.866025 -0.396677
vn -0.250000 -0.866025 -0.433013
vn -0.191342 -0.866025 -0.461940
vn -0.129410 -0.866025 -0.482963
vn -0.065263 -0.866025 -0.495722
vn -0.000000 -0.866025 -0.500000
vn 0.065263 -0.866025 -0.495722
vn 0.129410 -0.866025 -0.482963
vn 0.191342 -0.866025 -0.461940
vn 0.250000 -0.866025 -0.433013
vn 0.304381 -0.866025 -0.396677
vn 0.353553 -0.866025 -0.353553
vn 0.396677 -0.866025 -0.304381
vn 0.433013 -0.866025 -0.250000
vn 0.461940 -0.866025 -0.191342
vn 0.482963 -0.866025 -0.129410
vn 0.495722 -0.866025 -0.065263
vn 0.382683 -0.923880 0.000000
vn 0.379410 -0.923880 0.049950
vn 0.369644 -0.923880 0.099046
vn 0.353553 -0.923880 0.146447
vn 0.331414 -0.923880 0.191342
vn 0.303603 -0.923880 0.232963
vn 0.270598 -0.923880 0.270598
vn 0.232963 -0.923880 0.303603
vn 0.191342 -0.923880 0.331414
vn 0.146447 -0.923880 0.353553
vn 0.099046 -0.923880 0.369644
vn 0.049950 -0.923880 0.379410
vn 0.000000 -0.923880 0.382683
vn -0.049950 -0.923880 0.379410
vn -0.099046 -0.923880 0.369644
vn -0.146447 -0.923880 0.353553
vn -0.191342 -0.923880 0.331414
vn -0.232963 -0.923880 0.303603
vn -0.270598 -0.923880 0.270598
vn -0.303603 -0.923880 0.232963
vn -0.331414 -0.923880 0.191342
vn -0.353553 -0.923880 0.146447
vn -0.369644 -0.923880 0.099046
vn -0.379410 -0.923880 0.049950
vn -0.382683 -0.923880 0.000000
vn -0.379410 -0.923880 -0.049950
vn -0.369644 -0.923880 -0.099046
vn -0.353553 -0.923880 -0.146447
vn -0.331414 -0.923880 -0.191342
vn -0.303603 -0.923880 -0.232963
vn -0.270598 -0.923880 -0.270598
vn -0.232963 -0.923880 -0.303603
vn -0.191342 -0.923880 -0.331414
vn -0.146447 -0.923880 -0.353553
vn -0.099046 -0.923880 -0.369644
vn -0.049950 -0.923880 -0.379410
vn -0.000000 -0.923880 -0.382683
vn 0.049950 -0.923880 -0.379410
vn 0.099046 -0.923880 -0.369644
vn 0.146447 -0.923880 -0.353553
vn 0.191342 -0.923880 -0.331414
vn 0.232963 -0.923880 -0.303603
vn 0.270598 -0.923880 -0.270598
vn 0.303603 -0.923880 -0.232963
vn 0.331414 -0.923880 -0.191342
vn 0.353553 -0.923880 -0.146447
vn 0.369644 -0.923880 -0.099046
vn 0.379410 -0.923880 -0.049950
vn 0.258819 -0.965926 0.000000
vn 0.256605 -0.965926 0.033783
vn 0.250000 -0.965926 0.066987
vn 0.239118 -0.965926 0.099046
vn 0.224144 -0.965926 0.129410
vn 0.205335 -0.965926 0.157559
vn 0.183013 -0.965926 0.183013
vn 0.157559 -0.965926 0.205335
vn 0.129410 -0.965926 0.224144
vn 0.099046 -0.965926 0.239118
vn 0.066987 -0.965926 0.250000
vn 0.033783 -0.965926 0.256605
vn 0.000000 -0.965926 0.258819
vn -0.033783 -0.965926 0.256605
vn -0.066987 -0.965926 0.250000
vn -0.099046 -0.965926 0.239118
vn -0.129410 -0.965926 0.224144
vn -0.157559 -0.965926 0.205335
vn -0.183013 -0.965926 0.183013
vn -0.205335 -0.965926 0.157559
vn -0.224144 -0.965926 0.129410
vn -0.239118 -0.965926 0.099046
vn -0.250000 -0.965926 0.066987
vn -0.256605 -0.965926 0.033783
vn -0.258819 -0.965926 0.000000
vn -0.256605 -0.965926 -0.033783
vn -0.250000 -0.965926 -0.066987
vn -0.239118 -0.965926 -0.099046
vn -0.224144 -0.965926 -0.129410
vn -0.205335 -0.965926 -0.157559
vn -0.183013 -0.965926 -0.183013
vn -0.157559 -0.965926 -0.205335
vn -0.129410 -0.965926 -0.224144
vn -0.099046 -0.965926 -0.239118
vn -0.066987 -0.965926 -0.250000
vn -0.033783 -0.965926 -0.256605
vn -0.000000 -0.965926 -0.258819
vn 0.033783 -0.965926 -0.256605
vn 0.066987 -0.965926 -0.250000
vn 0.099046 -0.965926 -0.239118
vn 0.129410 -0.965926 -0.224144
vn 0.157559 -0.965926 -0.205335
vn 0.183013 -0.965926 -0.183013
vn 0.205335 -0.965926 -0.157559
vn 0.224144 -0.965926 -0.129410
vn 0.239118 -0.965926 -0.099046
vn 0.250000 -0.965926 -0.066987
vn 0.256605 -0.965926 -0.033783
vn 0.130526 -0.991445 0.000000
vn 0.129410 -0.991445 0.017037
vn 0.126079 -0.991445 0.033783
vn 0.120590 -0.991445 0.049950
vn 0.113039 -0.991445 0.065263
vn 0.103553 -0.991445 0.079459
vn 0.092296 -0.991445 0.092296
vn 0.079459 -0.991445 0.103553
vn 0.065263 -0.991445 0.113039
vn 0.049950 -0.991445 0.120590
vn 0.033783 -0.991445 0.126079
vn 0.017037 -0.991445 0.129410
vn 0.000000 -0.991445 0.130526
vn -0.017037 -0.991445 0.129410
vn -0.033783 -0.991445 0.126079
vn -0.049950 -0.991445 0.120590
vn -0.065263 -0.991445 0.113039
vn -0.079459 -0.991445 0.103553
vn -0.092296 -0.991445 0.092296
vn -0.103553 -0.991445 0.079459
vn -0.113039 -0.991445 0.065263
vn -0.120590 -0.991445 0.049950
vn -0.126079 -0.991445 0.033783
vn -0.129410 -0.991445 0.017037
vn -0.130526 -0.991445 0.000000
vn -0.129410 -0.991445 -0.017037
vn -0.126079 -0.991445 -0.033783
vn -0.120590 -0.991445 -0.049950
vn -0.113039 -0.991445 -0.065263
vn -0.103553 -0.991445 -0.079459
vn -0.092296 -0.991445 -0.092296
vn -0.079459 -0.991445 -0.103553
vn -0.065263 -0.991445 -0.113039
vn -0.049950 -0.991445 -0.120590
vn -0.033783 -0.991445 -0.126079
vn -0.017037 -0.991445 -0.129410
vn -0.000000 -0.991445 -0.130526
vn 0.017037 -0.991445 -0.129410
vn 0.033783 -0.991445 -0.126079
vn 0.049950 -0.991445 -0.120590
vn 0.065263 -0.991445 -0.113039
vn 0.079459 -0.991445 -0.103553
vn 0.092296 -0.991445 -0.092296
vn 0.103553 -0.991445 -0.079459
vn 0.113039 -0.991445 -0.065263
vn 0.120590 -0.991445 -0.049950
vn 0.126079 -0.991445 -0.033783
vn 0.129410 -0.991445 -0.017037
vn 0.000000 -1.000000 0.000000
vn 0.000000 1.000000 0.000000
vn 0.130526 0.991445 0.000000
vn 0.129410 0.991445 0.017037
vn 0.126079 0.991445 0.033783
vn 0.120590 0.991445 0.049950
vn 0.113039 0.991445 0.065263
vn 0.103553 0.991445 0.079459
vn 0.092296 0.991445 0.092296
vn 0.079459 0.991445 0.103553
vn 0.065263 0.991445 0.113039
vn 0.049950 0.991445 0.120590
vn 0.033783 0.991445 0.126079
vn 0.017037 0.991445 0.129410
vn 0.000000 0.991445 0.130526
vn -0.017037 0.991445 0.129410
vn -0.033783 0.991445 0.126079
vn -0.049950 0.991445 0.120590
vn -0.065263 0.991445 0.113039
vn -0.079459 0.991445 0.103553
vn -0.092296 0.991445 0.092296
vn -0.103553 0.991445 0.079459
vn -0.113039 0.991445 0.065263
vn -0.120590 0.991445 0.049950
vn -0.126079 0.991445 0.033783
vn -0.129410 0.991445 0.017037
vn -0.130526 0.991445 0.000000
vn -0.129410 0.991445 -0.017037
vn -0.126079 0.991445 -0.033783
vn -0.120590 0.991445 -0.049950
vn -0.113039 0.991445 -0.065263
vn -0.103553 0.991445 -0.079459
vn -0.092296 0.991445 -0.092296
vn -0.079459 0.991445 -0.103553
vn -0.065263 0.991445 -0.113039
vn -0.049950 0.991445 -0.120590
vn -0.033783 0.991445 -0.126079
vn -0.017037 0.991445 -0.129410
vn -0.000000 0.991445 -0.130526
vn 0.017037 0.991445 -0.129410
vn 0.033783 0.991445 -0.126079
vn 0.049950 0.991445 -0.120590
vn 0.065263 0.991445 -0.113039
vn 0.079459 0.991445 -0.103553
vn 0.092296 0.991445 -0.092296
vn 0.103553 0.991445 -0.079459
vn 0.113039 0.991445 -0.065263
vn 0.120590 0.991445 -0.049950
vn 0.126079 0.991445 -0.033783
vn 0.129410 0.991445 -0.017037
vn 0.258819 0.965926 0.000000
vn 0.256605 0.965926 0.033783
vn 0.250000 0.965926 0.066987
vn 0.239118 0.965926 0.099046
vn 0.224144 0.965926 0.129410
vn 0.205335 0.965926 0.157559
vn 0.183013 0.965926 0.183013
vn 0.157559 0.965926 0.205335
vn 0.129410 0.965926 0.224144
vn 0.099046 0.965926 0.239118
vn 0.066987 0.965926 0.250000
vn 0.033783 0.965926 0.256605
vn 0.000000 0.965926 0.258819
vn -0.033783 0.965926 0.256605
vn -0.066987 0.965926 0.250000
vn -0.099046 0.965926 0.239118
vn -0.129410 0.965926 0.224144
vn -0.157559 0.965926 0.205335
vn -0.183013 0.965926 0.183013
vn -0.205335 0.965926 0.157559
vn -0.224144 0.965926 0.129410
vn -0.239118 0.965926 0.099046
vn -0.250000 0.965926 0.066987
vn -0.256605 0.965926 0.033783
vn -0.258819 0.965926 0.000000
vn -0.256605 0.965926 -0.033783
vn -0.250000 0.965926 -0.066987
vn -0.239118 0.965926 -0.099046
vn -0.224144 0.965926 -0.129410
vn -0.205335 0.965926 -0.157559
vn -0.183013 0.965926 -0.183013
vn -0.157559 0.965926 -0.205335
vn -0.129410 0.965926 -0.224144
vn -0.099046 0.965926 -0.239118
vn -0.066987 0.965926 -0.250000
vn -0.033783 0.965926 -0.256605
vn -0.000000 0.965926 -0.258819
vn 0.033783 0.965926 -0.256605
vn 0.066987 0.965926 -0.250000
vn 0.099046 0.965926 -0.239118
vn 0.129410 0.965926 -0.224144
vn 0.157559 0.965926 -0.205335
vn 0.183013 0.965926 -0.183013
vn 0.205335 0.965926 -0.157559
vn 0.224144 0.965926 -0.129410
vn 0.239118 0.965926 -0.099046
vn 0.250000 0.965926 -0.066987
vn 0.256605 0.965926 -0.033783
vn 0.382683 0.923880 0.000000
vn 0.379410 0.923880 0.049950
vn 0.369644 0.923880 0.099046
vn 0.353553 0.923880 0.146447
vn 0.331414 0.923880 0.191342
vn 0.303603 0.923880 0.232963
vn 0.270598 0.923880 0.270598
vn 0.232963 0.923880 0.303603
vn 0.191342 0.923880 0.331414
vn 0.146447 0.923880 0.353553
vn 0.099046 0.923880 0.369644
vn 0.049950 0.923880 0.379410
vn 0.000000 0.923880 0.382683
vn -0.049950 0.923880 0.379410
vn -0.099046 0.923880 0.369644
vn -0.146447 0.923880 0.353553
vn -0.191342 0.923880 0.331414
vn -0.232963 0.923880 0.303603
vn -0.270598 0.923880 0.270598
vn -0.303603 0.923880 0.232963
vn -0.331414 0.923880 0.191342
vn -0.353553 0.923880 0.146447
vn -0.369644 0.923880 0.099046
vn -0.379410 0.923880 0.049950
vn -0.382683 0.923880 0.000000
vn -0.379410 0.923880 -0.049950
vn -0.369644 0.923880 -0.099046
vn -0.353553 0.923880 -0.146447
vn -0.331414 0.923880 -0.191342
vn -0.303603 0.923880 -0.232963
vn -0.270598 0.923880 -0.270598
vn -0.232963 0.923880 -0.303603
vn -0.191342 0.923880 -0.331414
vn -0.146447 0.923880 -0.353553
vn -0.099046 0.923880 -0.369644
vn -0.049950 0.923880 -0.379410
vn -0.000000 0.923880 -0.382683
vn 0.049950 0.923880 -0.379410
vn 0.099046 0.923880 -0.369644
vn 0.146447 0.923880 -0.353553
vn 0.191342 0.923880 -0.331414
vn 0.232963 0.923880 -0.303603
vn 0.270598 0.923880 -0.270598
vn 0.303603 0.923880 -0.232963
vn 0.331414 0.923880 -0.191342
vn 0.353553 0.923880 -0.146447
vn 0.369644 0.923880 -0.099046
vn 0.379410 0.923880 -0.049950
vn 0.500000 0.866025 0.000000
vn 0.495722 0.866025 0.065263
vn 0.482963 0.866025 0.129410
vn 0.461940 0.866025 0.191342
vn 0.433013 0.866025 0.250000
vn 0.396677 0.866025 0.304381
vn 0.353553 0.866025 0.353553
vn 0.304381 0.866025 0.396677
vn 0.250000 0.866025 0.433013
vn 0.191342 0.866025 0.461940
vn 0.129410 0.866025 0.482963
vn 0.065263 0.866025 0.495722
vn 0.000000 0.866025 0.500000
vn -0.065263 0.866025 0.495722
vn -0.129410 0.866025 0.482963
vn -0.191342 0.866025 0.461940
vn -0.250000 0.866025 0.433013
vn -0.304381 0.866025 0.396677
vn -0.353553 0.866025 0.353553
vn -0.396677 0.866025 0.304381
vn -0.433013 0.866025 0.250000
vn -0.461940 0.866025 0.191342
vn -0.482963 0.866025 0.129410
vn -0.495722 0.866025 0.065263
vn -0.500000 0.866025 0.000000
vn -0.495722 0.866025 -0.065263
vn -0.482963 0.866025 -0.129410
vn -0.461940 0.866025 -0.191342
vn -0.433013 0.866025 -0.250000
vn -0.396677 0.866025 -0.304381
vn -0.353553 0.866025 -0.353553
vn -0.304381 0.866025 -0.396677
vn -0.250000 0.866025 -0.433013
vn -0.191342 0.866025 -0.461940
vn -0.129410 0.866025 -0.482963
vn -0.065263 0.866025 -0.495722
vn -0.000000 0.866025 -0.500000
vn 0.065263 0.866025 -0.495722
vn 0.129410 0.866025 -0.482963
vn 0.191342 0.866025 -0.461940
vn 0.250000 0.866025 -0.433013
vn 0.304381 0.866025 -0.396677
vn 0.353553 0.866025 -0.353553
vn 0.396677 0.866025 -0.304381
vn 0.433013 0.866025 -0.250000
vn 0.461940 0.866025 -0.191342
vn 0.482963 0.866025 -0.129410
vn 0.495722 0.866025 -0.065263
vn 0.608761 0.793353 0.000000
vn 0.603553 0.793353 0.079459
vn 0.588018 0.793353 0.157559
vn 0.562422 0.793353 0.232963
vn 0.527203 0.793353 0.304381
vn 0.482963 0.793353 0.370590
vn 0.430459 0.793353 0.430459
vn 0.370590 0.793353 0.482963
vn 0.304381 0.793353 0.527203
vn 0.232963 0.793353 0.562422
vn 0.157559 0.793353 0.588018
vn 0.079459 0.793353 0.603553
vn 0.000000 0.793353 0.608761
vn -0.079459 0.793353 0.603553
vn -0.157559 0.793353 0.588018
vn -0.232963 0.793353 0.562422
vn -0.304381 0.793353 0.527203
vn -0.370590 0.793353 0.482963
vn -0.430459 0.793353 0.430459
vn -0.482963 0.793353 0.370590
vn -0.527203 0.793353 0.304381
vn -0.562422 0.793353 0.232963
vn -0.588018 0.793353 0.157559
vn -0.603553 0.793353 0.079459
vn -0.608761 0.793353 0.000000
vn -0.603553 0.793353 -0.079459
vn -0.588018 0.793353 -0.157559
vn -0.562422 0.793353 -0.232963
vn -0.527203 0.793353 -0.304381
vn -0.482963 0.793353 -0.370590
vn -0.430459 0.793353 -0.430459
vn -0.370590 0.793353 -0.482963
vn -0.304381 0.793353 -0.527203
vn -0.232963 0.793353 -0.562422
vn -0.157559 0.793353 -0.588018
vn -0.079459 0.793353 -0.603553
vn -0.000000 0.793353 -0.608761
vn 0.079459 0.793353 -0.603553
vn 0.157559 0.793353 -0.588018
vn 0.232963 0.793353 -0.562422
vn 0.304381 0.793353 -0.527203
vn 0.370590 0.793353 -0.482963
vn 0.430459 0.793353 -0.430459
vn 0.482963 0.793353 -0.370590
vn 0.527203 0.793353 -0.304381
vn 0.562422 0.793353 -0.232963
vn 0.588018 0.793353 -0.157559
vn 0.603553 0.793353 -0.079459
vn 0.707107 0.707107 0.000000
vn 0.701057 0.707107 0.092296
vn 0.683013 0.707107 0.183013
vn 0.653281 0.707107 0.270598
vn 0.612372 0.707107 0.353553
vn 0.560986 0.707107 0.430459
vn 0.500000 0.707107 0.500000
vn 0.430459 0.707107 0.560986
vn 0.353553 0.707107 0.612372
vn 0.270598 0.707107 0.653281
vn 0.183013 0.707107 0.683013
vn 0.092296 0.707107 0.701057
vn 0.000000 0.707107 0.707107
vn -0.092296 0.707107 0.701057
vn -0.183013 0.707107 0.683013
vn -0.270598 0.707107 0.653281
vn -0.353553 0.707107 0.612372
vn -0.430459 0.707107 0.560986
vn -0.500000 0.707107 0.500000
vn -0.560986 0.707107 0.430459
vn -0.612372 0.707107 0.353553
vn -0.653281 0.707107 0.270598
vn -0.683013 0.707107 0.183013
vn -0.701057 0.707107 0.092296
vn -0.707107 0.707107 0.000000
vn -0.701057 0.707107 -0.092296
vn -0.683013 0.707107 -0.183013
vn -0.653281 0.707107 -0.270598
vn -0.612372 0.707107 -0.353553
vn -0.560986 0.707107 -0.430459
vn -0.500000 0.707107 -0.500000
vn -0.430459 0.707107 -0.560986
vn -0.353553 0.707107 -0.612372
vn -0.270598 0.707107 -0.653281
vn -0.183013 0.707107 -0.683013
vn -0.092296 0.707107 -0.701057
vn -0.000000 0.707107 -0.707107
vn 0.092296 0.707107 -0.701057
vn 0.183013 0.707107 -0.683013
vn 0.270598 0.707107 -0.653281
vn 0.353553 0.707107 -0.612372
vn 0.430459 0.707107 -0.560986
vn 0.500000 0.707107 -0.500000
vn 0.560986 0.707107 -0.430459
vn 0.612372 0.707107 -0.353553
vn 0.653281 0.707107 -0.270598
vn 0.683013 0.707107 -0.183013
vn 0.701057 0.707107 -0.092296
vn 0.793353 0.608761 0.000000
vn 0.786566 0.608761 0.103553
vn 0.766320 0.608761 0.205335
vn 0.732963 0.608761 0.303603
vn 0.687064 0.608761 0.396677
vn 0.629410 0.608761 0.482963
vn 0.560986 0.608761 0.560986
vn 0.482963 0.608761 0.629410
vn 0.396677 0.608761 0.687064
vn 0.303603 0.608761 0.732963
vn 0.205335 0.608761 0.766320
vn 0.103553 0.608761 0.786566
vn 0.000000 0.608761 0.793353
vn -0.103553 0.608761 0.786566
vn -0.205335 0.608761 0.766320
vn -0.303603 0.608761 0.732963
vn -0.396677 0.608761 0.687064
vn -0.482963 0.608761 0.629410
vn -0.560986 0.608761 0.560986
vn -0.629410 0.608761 0.482963
vn -0.687064 0.608761 0.396677
vn -0.732963 0.608761 0.303603
vn -0.766320 0.608761 0.205335
vn -0.786566 0.608761 0.103553
vn -0.793353 0.608761 0.000000
vn -0.786566 0.608761 -0.103553
vn -0.766320 0.608761 -0.205335
vn -0.732963 0.608761 -0.303603
vn -0.687064 0.608761 -0.396677
vn -0.629410 0.608761 -0.482963
vn -0.560986 0.608761 -0.560986
vn -0.482963 0.608761 -0.629410
vn -0.396677 0.608761 -0.687064
vn -0.303603 0.608761 -0.732963
vn -0.205335 0.608761 -0.766320
vn -0.103553 0.608761 -0.786566
vn -0.000000 0.608761 -0.793353
vn 0.103553 0.608761 -0.786566
vn 0.205335 0.608761 -0.766320
vn 0.303603 0.608761 -0.732963
vn 0.396677 0.608761 -0.687064
vn 0.482963 0.608761 -0.629410
vn 0.560986 0.608761 -0.560986
vn 0.629410 0.608761 -0.482963
vn 0.687064 0.608761 -0.396677
vn 0.732963 0.608761 -0.303603
vn 0.766320 0.608761 -0.205335
vn 0.786566 0.608761 -0.103553
vn 0.866025 0.500000 0.000000
vn 0.858616 0.500000 0.113039
vn 0.836516 0.500000 0.224144
vn 0.800103 0.500000 0.331414
vn 0.750000 0.500000 0.433013
vn 0.687064 0.500000 0.527203
vn 0.612372 0.500000 0.612372
vn 0.527203 0.500000 0.687064
vn 0.433013 0.500000 0.750000
vn 0.331414 0.500000 0.800103
vn 0.224144 0.500000 0.836516
vn 0.113039 0.500000 0.858616
vn 0.000000 0.500000 0.866025
vn -0.113039 0.500000 0.858616
vn -0.224144 0.500000 0.836516
vn -0.331414 0.500000 0.800103
vn -0.433013 0.500000 0.750000
vn -0.527203 0.500000 0.687064
vn -0.612372 0.500000 0.612372
vn -0.687064 0.500000 0.527203
vn -0.750000 0.500000 0.433013
vn -0.800103 0.500000 0.331414
vn -0.836516 0.500000 0.224144
vn -0.858616 0.500000 0.113039
vn -0.866025 0.500000 0.000000
vn -0.858616 0.500000 -0.113039
vn -0.836516 0.500000 -0.224144
vn -0.800103 0.500000 -0.331414
vn -0.750000 0.500000 -0.433013
vn -0.687064 0.500000 -0.527203
vn -0.612372 0.500000 -0.612372
vn -0.527203 0.500000 -0.687064
vn -0.433013 0.500000 -0.750000
vn -0.331414 0.500000 -0.800103
vn -0.224144 0.500000 -0.836516
vn -0.113039 0.500000 -0.858616
vn -0.000000 0.500000 -0.866025
vn 0.113039 0.500000 -0.858616
vn 0.224144 0.500000 -0.836516
vn 0.331414 0.500000 -0.800103
vn 0.433013 0.500000 -0.750000
vn 0.527203 0.500000 -0.687064
vn 0.612372 0.500000 -0.612372
vn 0.687064 0.500000 -0.527203
vn 0.750000 0.500000 -0.433013
vn 0.800103 0.500000 -0.331414
vn 0.836516 0.500000 -0.224144
vn 0.858616 0.500000 -0.113039
vn 0.923880 0.382683 0.000000
vn 0.915976 0.382683 0.120590
vn 0.892399 0.382683 0.239118
vn 0.853553 0.382683 0.353553
vn 0.800103 0.382683 0.461940
vn 0.732963 0.382683 0.562422
vn 0.653281 0.382683 0.653281
vn 0.562422 0.382683 0.732963
vn 0.461940 0.382683 0.800103
vn 0.353553 0.382683 0.853553
vn 0.239118 0.382683 0.892399
vn 0.120590 0.382683 0.915976
vn 0.000000 0.382683 0.923880
vn -0.120590 0.382683 0.915976
vn -0.239118 0.382683 0.892399
vn -0.353553 0.382683 0.853553
vn -0.461940 0.382683 0.800103
vn -0.562422 0.382683 0.732963
vn -0.653281 0.382683 0.653281
vn -0.732963 0.382683 0.562422
vn -0.800103 0.382683 0.461940
vn -0.853553 0.382683 0.353553
vn -0.892399 0.382683 0.239118
vn -0.915976 0.382683 0.120590
vn -0.923880 0.382683 0.000000
vn -0.915976 0.382683 -0.120590
vn -0.892399 0.382683 -0.239118
vn -0.853553 0.382683 -0.353553
vn -0.800103 0.382683 -0.461940
vn -0.732963 0.382683 -0.562422
vn -0.653281 0.382683 -0.653281
vn -0.562422 0.382683 -0.732963
vn -0.461940 0.382683 -0.800103
vn -0.353553 0.382683 -0.853553
vn -0.239118 0.382683 -0.892399
vn -0.120590 0.382683 -0.915976
vn -0.000000 0.382683 -0.923880
vn 0.120590 0.382683 -0.915976
vn 0.239118 0.382683 -0.892399
vn 0.353553 0.382683 -0.853553
vn 0.461940 0.382683 -0.800103
vn 0.562422 0.382683 -0.732963
vn 0.653281 0.382683 -0.653281
vn 0.732963 0.382683 -0.562422
vn 0.800103 0.382683 -0.461940
vn 0.853553 0.382683 -0.353553
vn 0.892399 0.382683 -0.239118
vn 0.915976 0.382683 -0.120590
vn 0.965926 0.258819 0.000000
vn 0.957662 0.258819 0.126079
vn 0.933013 0.258819 0.250000
vn 0.892399 0.258819 0.369644
vn 0.836516 0.258819 0.482963
vn 0.766320 0.258819 0.588018
vn 0.683013 0.258819 0.683013
vn 0.588018 0.258819 0.766320
vn 0.482963 0.258819 0.836516
vn 0.369644 0.258819 0.892399
vn 0.250000 0.258819 0.933013
vn 0.126079 0.258819 0.957662
vn 0.000000 0.258819 0.965926
vn -0.126079 0.258819 0.957662
vn -0.250000 0.258819 0.933013
vn -0.369644 0.258819 0.892399
vn -0.482963 0.258819 0.836516
vn -0.588018 0.258819 0.766320
vn -0.683013 0.258819 0.683013
vn -0.766320 0.258819 0.588018
vn -0.836516 0.258819 0.482963
vn -0.892399 0.258819 0.369644
vn -0.933013 0.258819 0.250000
vn -0.957662 0.258819 0.126079
vn -0.965926 0.258819 0.000000
vn -0.957662 0.258819 -0.126079
vn -0.933013 0.258819 -0.250000
vn -0.892399 0.258819 -0.369644
vn -0.836516 0.258819 -0.482963
vn -0.766320 0.258819 -0.588018
vn -0.683013 0.258819 -0.683013
vn -0.588018 0.258819 -0.766320
vn -0.482963 0.258819 -0.836516
vn -0.369644 0.258819 -0.892399
vn -0.250000 0.258819 -0.933013
vn -0.126079 0.258819 -0.957662
vn -0.000000 0.258819 -0.965926
vn 0.126079 0.258819 -0.957662
vn 0.250000 0.258819 -0.933013
vn 0.369644 0.258819 -0.892399
vn 0.482963 0.258819 -0.836516
vn 0.588018 0.258819 -0.766320
vn 0.683013 0.258819 -0.683013
vn 0.766320 0.258819 -0.588018
vn 0.836516 0.258819 -0.482963
vn 0.892399 0.258819 -0.369644
vn 0.933013 0.258819 -0.250000
vn 0.957662 0.258819 -0.126079
vn 0.991445 0.130526 0.000000
vn 0.982963 0.130526 0.129410
vn 0.957662 0.130526 0.256605
vn 0.915976 0.130526 0.379410
vn 0.858616 0.130526 0.495722
vn 0.786566 0.130526 0.603553
vn 0.701057 0.130526 0.701057
vn 0.603553 0.130526 0.786566
vn 0.495722 0.130526 0.858616
vn 0.379410 0.130526 0.915976
vn 0.256605 0.130526 0.957662
vn 0.129410 0.130526 0.982963
vn 0.000000 0.130526 0.991445
vn -0.129410 0.130526 0.982963
vn -0.256605 0.130526 0.957662
vn -0.379410 0.130526 0.915976
vn -0.495722 0.130526 0.858616
vn -0.603553 0.130526 0.786566
vn -0.701057 0.130526 0.701057
vn -0.786566 0.130526 0.603553
vn -0.858616 0.130526 0.495722
vn -0.915976 0.130526 0.379410
vn -0.957662 0.130526 0.256605
vn -0.982963 0.130526 0.129410
vn -0.991445 0.130526 0.000000
vn -0.982963 0.130526 -0.129410
vn -0.957662 0.130526 -0.256605
vn -0.915976 0.130526 -0.379410
vn -0.858616 0.130526 -0.495722
vn -0.786566 0.130526 -0.603553
vn -0.701057 0.130526 -0.701057
vn -0.603553 0.130526 -0.786566
vn -0.495722 0.130526 -0.858616
vn -0.379410 0.130526 -0.915976
vn -0.256605 0.130526 -0.957662
vn -0.129410 0.130526 -0.982963
vn -0.000000 0.130526 -0.991445
vn 0.129410 0.130526 -0.982963
vn 0.256605 0.130526 -0.957662
vn 0.379410 0.130526 -0.915976
vn 0.495722 0.130526 -0.858616
vn 0.603553 0.130526 -0.786566
vn 0.701057 0.130526 -0.701057
vn 0.786566 0.130526 -0.603553
vn 0.858616 0.130526 -0.495722
vn 0.915976 0.130526 -0.379410
vn 0.957662 0.130526 -0.256605
vn 0.982963 0.130526 -0.129410
vn 1.000000 0.000000 0.000000
vn 0.991445 0.000000 0.130526
vn 0.965926 0.000000 0.258819
vn 0.923880 0.000000 0.382683
vn 0.866025 0.000000 0.500000
vn 0.793353 0.000000 0.608761
vn 0.707107 0.000000 0.707107
vn 0.608761 0.000000 0.793353
vn 0.500000 0.000000 0.866025
vn 0.382683 0.000000 0.923880
vn 0.258819 0.000000 0.965926
vn 0.130526 0.000000 0.991445
vn 0.000000 0.000000 1.000000
vn -0.130526 0.000000 0.991445
vn -0.258819 0.000000 0.965926
vn -0.382683 0.000000 0.923880
vn -0.500000 0.000000 0.866025
vn -0.608761 0.000000 0.793353
vn -0.707107 0.000000 0.707107
vn -0.793353 0.000000 0.608761
vn -0.866025 0.000000 0.500000
vn -0.923880 0.000000 0.382683
vn -0.965926 0.000000 0.258819
vn -0.991445 0.000000 0.130526
vn -1.000000 0.000000 0.000000
vn -0.991445 0.000000 -0.130526
vn -0.965926 0.000000 -0.258819
vn -0.923880 0.000000 -0.382683
vn -0.866025 0.000000 -0.500000
vn -0.793353 0.000000 -0.608761
vn -0.707107 0.000000 -0.707107
vn -0.608761 0.000000 -0.793353
vn -0.500000 0.000000 -0.866025
vn -0.382683 0.000000 -0.923880
vn -0.258819 0.000000 -0.965926
vn -0.130526 0.000000 -0.991445
vn -0.000000 0.000000 -1.000000
vn 0.130526 0.000000 -0.991445
vn 0.258819 0.000000 -0.965926
vn 0.382683 0.000000 -0.923880
vn 0.500000 0.000000 -0.866025
vn 0.608761 0.000000 -0.793353
vn 0.707107 0.000000 -0.707107
vn 0.793353 0.000000 -0.608761
vn 0.866025 0.000000 -0.500000
vn 0.923880 0.000000 -0.382683
vn 0.965926 0.000000 -0.258819
vn 0.991445 0.000000 -0.130526
vn 0.991445 -0.130526 0.000000
vn 0.982963 -0.130526 0.129410
vn 0.957662 -0.130526 0.256605
vn 0.915976 -0.130526 0.379410
vn 0.858616 -0.130526 0.495722
vn 0.786566 -0.130526 0.603553
vn 0.701057 -0.130526 0.701057
vn 0.603553 -0.130526 0.786566
vn 0.495722 -0.130526 0.858616
vn 0.379410 -0.130526 0.915976
vn 0.256605 -0.130526 0.957662
vn 0.129410 -0.130526 0.982963
vn 0.000000 -0.130526 0.991445
vn -0.129410 -0.130526 0.982963
vn -0.256605 -0.130526 0.957662
vn -0.379410 -0.130526 0.915976
vn -0.495722 -0.130526 0.858616
vn -0.603553 -0.130526 0.786566
vn -0.701057 -0.130526 0.701057
vn -0.786566 -0.130526 0.603553
vn -0.858616 -0.130526 0.495722
vn -0.915976 -0.130526 0.379410
vn -0.957662 -0.130526 0.256605
vn -0.982963 -0.130526 0.129410
vn -0.991445 -0.130526 0.000000
vn -0.982963 -0.130526 -0.129410
vn -0.957662 -0.130526 -0.256605
vn -0.915976 -0.130526 -0.379410
vn -0.858616 -0.130526 -0.495722
vn -0.786566 -0.130526 -0.603553
vn -0.701057 -0.130526 -0.701057
vn -0.603553 -0.130526 -0.786566
vn -0.495722 -0.130526 -0.858616
vn -0.379410 -0.130526 -0.915976
vn -0.256605 -0.130526 -0.957662
vn -0.129410 -0.130526 -0.982963
vn -0.000000 -0.130526 -0.991445
vn 0.129410 -0.130526 -0.982963
vn 0.256605 -0.130526 -0.957662
vn 0.379410 -0.130526 -0.915976
vn 0.495722 -0.130526 -0.858616
vn 0.603553 -0.130526 -0.786566
vn 0.701057 -0.130526 -0.701057
vn 0.786566 -0.130526 -0.603553
vn 0.858616 -0.130526 -0.495722
vn 0.915976 -0.130526 -0.379410
vn 0.957662 -0.130526 -0.256605
vn 0.982963 -0.130526 -0.129410
vn 0.965926 -0.258819 0.000000
vn 0.957662 -0.258819 0.126079
vn 0.933013 -0.258819 0.250000
vn 0.892399 -0.258819 0.369644
vn 0.836516 -0.258819 0.482963
vn 0.766320 -0.258819 0.588018
vn 0.683013 -0.258819 0.683013
vn 0.588018 -0.258819 0.766320
vn 0.482963 -0.258819 0.836516
vn 0.369644 -0.258819 0.892399
vn 0.250000 -0.258819 0.933013
vn 0.126079 -0.258819 0.957662
vn 0.000000 -0.258819 0.965926
vn -0.126079 -0.258819 0.957662
vn -0.250000 -0.258819 0.933013
vn -0.369644 -0.258819 0.892399
vn -0.482963 -0.258819 0.836516
vn -0.588018 -0.258819 0.766320
vn -0.683013 -0.258819 0.683013
vn -0.766320 -0.258819 0.588018
vn -0.836516 -0.258819 0.482963
vn -0.892399 -0.258819 0.369644
vn -0.933013 -0.258819 0.250000
vn -0.957662 -0.258819 0.126079
vn -0.965926 -0.258819 0.000000
vn -0.957662 -0.258819 -0.126079
vn -0.933013 -0.258819 -0.250000
vn -0.892399 -0.258819 -0.369644
vn -0.836516 -0.258819 -0.482963
vn -0.766320 -0.258819 -0.588018
vn -0.683013 -0.258819 -0.683013
vn -0.588018 -0.258819 -0.766320
vn -0.482963 -0.258819 -0.836516
vn -0.369644 -0.258819 -0.892399
vn -0.250000 -0.258819 -0.933013
vn -0.126079 -0.258819 -0.957662
vn -0.000000 -0.258819 -0.965926
vn 0.126079 -0.258819 -0.957662
vn 0.250000 -0.258819 -0.933013
vn 0.369644 -0.258819 -0.892399
vn 0.482963 -0.258819 -0.836516
vn 0.588018 -0.258819 -0.766320
vn 0.683013 -0.258819 -0.683013
vn 0.766320 -0.258819 -0.588018
vn 0.836516 -0.258819 -0.482963
vn 0.892399 -0.258819 -0.369644
vn 0.933013 -0.258819 -0.250000
vn 0.957662 -0.258819 -0.126079
vn 0.923880 -0.382683 0.000000
vn 0.915976 -0.382683 0.120590
vn 0.892399 -0.382683 0.239118
vn 0.853553 -0.382683 0.353553
vn 0.800103 -0.382683 0.461940
vn 0.732963 -0.382683 0.562422
vn 0.653281 -0.382683 0.653281
vn 0.562422 -0.382683 0.732963
vn 0.461940 -0.382683 0.800103
vn 0.353553 -0.382683 0.853553
vn 0.239118 -0.382683 0.892399
vn 0.120590 -0.382683 0.915976
vn 0.000000 -0.382683 0.923880
vn -0.120590 -0.382683 0.915976
vn -0.239118 -0.382683 0.892399
vn -0.353553 -0.382683 0.853553
vn -0.461940 -0.382683 0.800103
vn -0.562422 -0.382683 0.732963
vn -0.653281 -0.382683 0.653281
vn -0.732963 -0.382683 0.562422
vn -0.800103 -0.382683 0.461940
vn -0.853553 -0.382683 0.353553
vn -0.892399 -0.382683 0.239118
vn -0.915976 -0.382683 0.120590
vn -0.923880 -0.382683 0.000000
vn -0.915976 -0.382683 -0.120590
vn -0.892399 -0.382683 -0.239118
vn -0.853553 -0.382683 -0.353553
vn -0.800103 -0.382683 -0.461940
vn -0.732963 -0.382683 -0.562422
vn -0.653281 -0.382683 -0.653281
vn -0.562422 -0.382683 -0.732963
vn -0.461940 -0.382683 -0.800103
vn -0.353553 -0.382683 -0.853553
vn -0.239118 -0.382683 -0.892399
vn -0.120590 -0.382683 -0.915976
vn -0.000000 -0.382683 -0.923880
vn 0.120590 -0.382683 -0.915976
vn 0.239118 -0.382683 -0.892399
vn 0.353553 -0.382683 -0.853553
vn 0.461940 -0.382683 -0.800103
vn 0.562422 -0.382683 -0.732963
vn 0.653281 -0.382683 -0.653281
vn 0.732963 -0.382683 -0.562422
vn 0.800103 -0.382683 -0.461940
vn 0.853553 -0.382683 -0.353553
vn 0.892399 -0.382683 -0.239118
vn 0.915976 -0.382683 -0.120590
vn 0.866025 -0.500000 0.000000
vn 0.858616 -0.500000 0.113039
vn 0.836516 -0.500000 0.224144
vn 0.800103 -0.500000 0.331414
vn 0.750000 -0.500000 0.433013
vn 0.687064 -0.500000 0.527203
vn 0.612372 -0.500000 0.612372
vn 0.527203 -0.500000 0.687064
vn 0.433013 -0.500000 0.750000
vn 0.331414 -0.500000 0.800103
vn 0.224144 -0.500000 0.836516
vn 0.113039 -0.500000 0.858616
vn 0.000000 -0.500000 0.866025
vn -0.113039 -0.500000 0.858616
vn -0.224144 -0.500000 0.836516
vn -0.331414 -0.500000 0.800103
vn -0.433013 -0.500000 0.750000
vn -0.527203 -0.500000 0.687064
vn -0.612372 -0.500000 0.612372
vn -0.687064 -0.500000 0.527203
vn -0.750000 -0.500000 0.433013
vn -0.800103 -0.500000 0.331414
vn -0.836516 -0.500000 0.224144
vn -0.858616 -0.500000 0.113039
vn -0.866025 -0.500000 0.000000
vn -0.858616 -0.500000 -0.113039
vn -0.836516 -0.500000 -0.224144
vn -0.800103 -0.500000 -0.331414
vn -0.750000 -0.500000 -0.433013
vn -0.687064 -0.500000 -0.527203
vn -0.612372 -0.500000 -0.612372
vn -0.527203 -0.500000 -0.687064
vn -0.433013 -0.500000 -0.750000
vn -0.331414 -0.500000 -0.800103
vn -0.224144 -0.500000 -0.836516
vn -0.113039 -0.500000 -0.858616
vn -0.000000 -0.500000 -0.866025
vn 0.113039 -0.500000 -0.858616
vn 0.224144 -0.500000 -0.836516
vn 0.331414 -0.500000 -0.800103
vn 0.433013 -0.500000 -0.750000
vn 0.527203 -0.500000 -0.687064
vn 0.612372 -0.500000 -0.612372
vn 0.687064 -0.500000 -0.527203
vn 0.750000 -0.500000 -0.433013
vn 0.800103 -0.500000 -0.331414
vn 0.836516 -0.500000 -0.224144
vn 0.858616 -0.500000 -0.113039
vn 0.793353 -0.608761 0.000000
vn 0.786566 -0.608761 0.103553
vn 0.766320 -0.608761 0.205335
vn 0.732963 -0.608761 0.303603
vn 0.687064 -0.608761 0.396677
vn 0.629410 -0.608761 0.482963
vn 0.560986 -0.608761 0.560986
vn 0.482963 -0.608761 0.629410
vn 0.396677 -0.608761 0.687064
vn 0.303603 -0.608761 0.732963
vn 0.205335 -0.608761 0.766320
vn 0.103553 -0.608761 0.786566
vn 0.000000 -0.608761 0.793353
vn -0.103553 -0.608761 0.786566
vn -0.205335 -0.608761 0.766320
vn -0.303603 -0.608761 0.732963
vn -0.396677 -0.608761 0.687064
vn -0.482963 -0.608761 0.629410
vn -0.560986 -0.608761 0.560986
vn -0.629410 -0.608761 0.482963
vn -0.687064 -0.608761 0.396677
vn -0.732963 -0.608761 0.303603
vn -0.766320 -0.608761 0.205335
vn -0.786566 -0.608761 0.103553
vn -0.793353 -0.608761 0.000000
vn -0.786566 -0.608761 -0.103553
vn -0.766320 -0.608761 -0.205335
vn -0.732963 -0.608761 -0.303603
vn -0.687064 -0.608761 -0.396677
vn -0.629410 -0.608761 -0.482963
vn -0.560986 -0.608761 -0.560986
vn -0.482963 -0.608761 -0.629410
vn -0.396677 -0.608761 -0.687064
vn -0.303603 -0.608761 -0.732963
vn -0.205335 -0.608761 -0.766320
vn -0.103553 -0.608761 -0.786566
vn -0.000000 -0.608761 -0.793353
vn 0.103553 -0.608761 -0.786566
vn 0.205335 -0.608761 -0.766320
vn 0.303603 -0.608761 -0.732963
vn 0.396677 -0.608761 -0.687064
vn 0.482963 -0.608761 -0.629410
vn 0.560986 -0.608761 -0.560986
vn 0.629410 -0.608761 -0.482963
vn 0.687064 -0.608761 -0.396677
vn 0.732963 -0.608761 -0.303603
vn 0.766320 -0.608761 -0.205335
vn 0.786566 -0.608761 -0.103553
vn 0.707107 -0.707107 0.000000
vn 0.701057 -0.707107 0.092296
vn 0.683013 -0.707107 0.183013
vn 0.653281 -0.707107 0.270598
vn 0.612372 -0.707107 0.353553
vn 0.560986 -0.707107 0.430459
vn 0.500000 -0.707107 0.500000
vn 0.430459 -0.707107 0.560986
vn 0.353553 -0.707107 0.612372
vn 0.270598 -0.707107 0.653281
vn 0.183013 -0.707107 0.683013
vn 0.092296 -0.707107 0.701057
vn 0.000000 -0.707107 0.707107
vn -0.092296 -0.707107 0.701057
vn -0.183013 -0.707107 0.683013
vn -0.270598 -0.707107 0.653281
vn -0.353553 -0.707107 0.612372
vn -0.430459 -0.707107 0.560986
vn -0.500000 -0.707107 0.500000
vn -0.560986 -0.707107 0.430459
vn -0.612372 -0.707107 0.353553
vn -0.653281 -0.707107 0.270598
vn -0.683013 -0.707107 0.183013
vn -0.701057 -0.707107 0.092296
vn -0.707107 -0.707107 0.000000
vn -0.701057 -0.707107 -0.092296
vn -0.683013 -0.707107 -0.183013
vn -0.653281 -0.707107 -0.270598
vn -0.612372 -0.707107 -0.353553
vn -0.560986 -0.707107 -0.430459
vn -0.500000 -0.707107 -0.500000
vn -0.430459 -0.707107 -0.560986
vn -0.353553 -0.707107 -0.612372
vn -0.270598 -0.707107 -0.653281
vn -0.183013 -0.707107 -0.683013
vn -0.092296 -0.707107 -0.701057
vn -0.000000 -0.707107 -0.707107
vn 0.092296 -0.707107 -0.701057
vn 0.183013 -0.707107 -0.683013
vn 0.270598 -0.707107 -0.653281
vn 0.353553 -0.707107 -0.612372
vn 0.430459 -0.707107 -0.560986
vn 0.500000 -0.707107 -0.500000
vn 0.560986 -0.707107 -0.430459
vn 0.612372 -0.707107 -0.353553
vn 0.653281 -0.707107 -0.270598
vn 0.683013 -0.707107 -0.183013
vn 0.701057 -0.707107 -0.092296
vn 0.608761 -0.793353 0.000000
vn 0.603553 -0.793353 0.079459
vn 0.588018 -0.793353 0.157559
vn 0.562422 -0.793353 0.232963
vn 0.527203 -0.793353 0.304381
vn 0.482963 -0.793353 0.370590
vn 0.430459 -0.793353 0.430459
vn 0.370590 -0.793353 0.482963
vn 0.304381 -0.793353 0.527203
vn 0.232963 -0.793353 0.562422
vn 0.157559 -0.793353 0.588018
vn 0.079459 -0.793353 0.603553
vn 0.000000 -0.793353 0.608761
vn -0.079459 -0.793353 0.603553
vn -0.157559 -0.793353 0.588018
vn -0.232963 -0.793353 0.562422
vn -0.304381 -0.793353 0.527203
vn -0.370590 -0.793353 0.482963
vn -0.430459 -0.793353 0.430459
vn -0.482963 -0.793353 0.370590
vn -0.527203 -0.793353 0.304381
vn -0.562422 -0.793353 0.232963
vn -0.588018 -0.793353 0.157559
vn -0.603553 -0.793353 0.079459
vn -0.608761 -0.793353 0.000000
vn -0.603553 -0.793353 -0.079459
vn -0.588018 -0.793353 -0.157559
vn -0.562422 -0.793353 -0.232963
vn -0.527203 -0.793353 -0.304381
vn -0.482963 -0.793353 -0.370590
vn -0.430459 -0.793353 -0.430459
vn -0.370590 -0.793353 -0.482963
vn -0.304381 -0.793353 -0.527203
vn -0.232963 -0.793353 -0.562422
vn -0.157559 -0.793353 -0.588018
vn -0.079459 -0.793353 -0.603553
vn -0.000000 -0.793353 -0.608761
vn 0.079459 -0.793353 -0.603553
vn 0.157559 -0.793353 -0.588018
vn 0.232963 -0.793353 -0.562422
vn 0.304381 -0.793353 -0.527203
vn 0.370590 -0.793353 -0.482963
vn 0.430459 -0.793353 -0.430459
vn 0.482963 -0.793353 -0.370590
vn 0.527203 -0.793353 -0.304381
vn 0.562422 -0.793353 -0.232963
vn 0.588018 -0.793353 -0.157559
vn 0.603553 -0.793353 -0.079459
vn 0.500000 -0.866025 0.000000
vn 0.495722 -0.866025 0.065263
vn 0.482963 -0.866025 0.129410
vn 0.461940 -0.866025 0.191342
vn 0.433013 -0.866025 0.250000
vn 0.396677 -0.866025 0.304381
vn 0.353553 -0.866025 0.353553
vn 0.304381 -0.866025 0.396677
vn 0.250000 -0.866025 0.433013
vn 0.191342 -0.866025 0.461940
vn 0.129410 -0.866025 0.482963
vn 0.065263 -0.866025 0.495722
vn 0.000000 -0.866025 0.500000
vn -0.065263 -0.866025 0.495722
vn -0.129410 -0.866025 0.482963
vn -0.191342 -0.866025 0.461940
vn -0.250000 -0.866025 0.433013
vn -0.304381 -0.866025 0.396677
vn -0.353553 -0.866025 0.353553
vn -0.396677 -0.866025 0.304381
vn -0.433013 -0.866025 0.250000
vn -0.461940 -0.866025 0.191342
vn -0.482963 -0.866025 0.129410
vn -0.495722 -0.866025 0.065263
vn -0.500000 -0.866025 0.000000
vn -0.495722 -0.866025 -0.065263
vn -0.482963 -0.866025 -0.129410
vn -0.461940 -0.866025 -0.191342
vn -0.433013 -0.866025 -0.250000
vn -0.396677 -0.866025 -0.304381
vn -0.353553 -0.866025 -0.353553
vn -0.304381 -0.866025 -0.396677
vn -0.250000 -0.866025 -0.433013
vn -0.191342 -0.866025 -0.461940
vn -0.129410 -0.866025 -0.482963
vn -0.065263 -0.866025 -0.495722
vn -0.000000 -0.866025 -0.500000
vn 0.065263 -0.866025 -0.495722
vn 0.129410 -0.866025 -0.482963
vn 0.191342 -0.866025 -0.461940
vn 0.250000 -0.866025 -0.433013
vn 0.304381 -0.866025 -0.396677
vn 0.353553 -0.866025 -0.353553
vn 0.396677 -0.866025 -0.304381
vn 0.433013 -0.866025 -0.250000
vn 0.461940 -0.866025 -0.191342
vn 0.482963 -0.866025 -0.129410
vn 0.495722 -0.866025 -0.065263
vn 0.382683 -0.923880 0.000000
vn 0.379410 -0.923880 0.049950
vn 0.369644 -0.923880 0.099046
vn 0.353553 -0.923880 0.146447
vn 0.331414 -0.923880 0.191342
vn 0.303603 -0.923880 0.232963
vn 0.270598 -0.923880 0.270598
vn 0.232963 -0.923880 0.303603
vn 0.191342 -0.923880 0.331414
vn 0.146447 -0.923880 0.353553
vn 0.099046 -0.923880 0.369644
vn 0.049950 -0.923880 0.379410
vn 0.000000 -0.923880 0.382683
vn -0.049950 -0.923880 0.379410
vn -0.099046 -0.923880 0.369644
vn -0.146447 -0.923880 0.353553
vn -0.191342 -0.923880 0.331414
vn -0.232963 -0.923880 0.303603
vn -0.270598 -0.923880 0.270598
vn -0.303603 -0.923880 0.232963
vn -0.331414 -0.923880 0.191342
vn -0.353553 -0.923880 0.146447
vn -0.369644 -0.923880 0.099046
vn -0.379410 -0.923880 0.049950
vn -0.382683 -0.923880 0.000000
vn -0.379410 -0.923880 -0.049950
vn -0.369644 -0.923880 -0.099046
vn -0.353553 -0.923880 -0.146447
vn -0.331414 -0.923880 -0.191342
vn -0.303603 -0.923880 -0.232963
vn -0.270598 -0.923880 -0.270598
vn -0.232963 -0.923880 -0.303603
vn -0.191342 -0.923880 -0.331414
vn -0.146447 -0.923880 -0.353553
vn -0.099046 -0.923880 -0.369644
vn -0.049950 -0.923880 -0.379410
vn -0.000000 -0.923880 -0.382683
vn 0.049950 -0.923880 -0.379410
vn 0.099046 -0.923880 -0.369644
vn 0.146447 -0.923880 -0.353553
vn 0.191342 -0.923880 -0.331414
vn 0.232963 -0.923880 -0.303603
vn 0.270598 -0.923880 -0.270598
vn 0.303603 -0.923880 -0.232963
vn 0.331414 -0.923880 -0.191342
vn 0.353553 -0.923880 -0.146447
vn 0.369644 -0.923880 -0.099046
vn 0.379410 -0.923880 -0.049950
vn 0.258819 -0.965926 0.000000
vn 0.256605 -0.965926 0.033783
vn 0.250000 -0.965926 0.066987
vn 0.239118 -0.965926 0.099046
vn 0.224144 -0.965926 0.129410
vn 0.205335 -0.965926 0.157559
vn 0.183013 -0.965926 0.183013
vn 0.157559 -0.965926 0.205335
vn 0.129410 -0.965926 0.224144
vn 0.099046 -0.965926 0.239118
vn 0.066987 -0.965926 0.250000
vn 0.033783 -0.965926 0.256605
vn 0.000000 -0.965926 0.258819
vn -0.033783 -0.965926 0.256605
vn -0.066987 -0.965926 0.250000
vn -0.099046 -0.965926 0.239118
vn -0.129410 -0.965926 0.224144
vn -0.157559 -0.965926 0.205335
vn -0.183013 -0.965926 0.183013
vn -0.205335 -0.965926 0.157559
vn -0.224144 -0.965926 0.129410
vn -0.239118 -0.965926 0.099046
vn -0.250000 -0.965926 0.066987
vn -0.256605 -0.965926 0.033783
vn -0.258819 -0.965926 0.000000
vn -0.256605 -0.965926 -0.033783
vn -0.250000 -0.965926 -0.066987
vn -0.239118 -0.965926 -0.099046
vn -0.224144 -0.965926 -0.129410
vn -0.205335 -0.965926 -0.157559
vn -0.183013 -0.965926 -0.183013
vn -0.157559 -0.965926 -0.205335
vn -0.129410 -0.965926 -0.224144
vn -0.099046 -0.965926 -0.239118
vn -0.066987 -0.965926 -0.250000
vn -0.033783 -0.965926 -0.256605
vn -0.000000 -0.965926 -0.258819
vn 0.033783 -0.965926 -0.256605
vn 0.066987 -0.965926 -0.250000
vn 0.099046 -0.965926 -0.239118
vn 0.129410 -0.965926 -0.224144
vn 0.157559 -0.965926 -0.205335
vn 0.183013 -0.965926 -0.183013
vn 0.205335 -0.965926 -0.157559
vn 0.224144 -0.965926 -0.129410
vn 0.239118 -0.965926 -0.099046
vn 0.250000 -0.965926 -0.066987
vn 0.256605 -0.965926 -0.033783
vn 0.130526 -0.991445 0.000000
vn 0.129410 -0.991445 0.017037
vn 0.126079 -0.991445 0.033783
vn 0.120590 -0.991445 0.049950
vn 0.113039 -0.991445 0.065263
vn 0.103553 -0.991445 0.079459
vn 0.092296 -0.991445 0.092296
vn 0.079459 -0.991445 0.103553
vn 0.065263 -0.991445 0.113039
vn 0.049950 -0.991445 0.120590
vn 0.033783 -0.991445 0.126079
vn 0.017037 -0.991445 0.129410
vn 0.000000 -0.991445 0.130526
vn -0.017037 -0.991445 0.129410
vn -0.033783 -0.991445 0.126079
vn -0.049950 -0.991445 0.120590
vn -0.065263 -0.991445 0.113039
vn -0.079459 -0.991445 0.103553
vn -0.092296 -0.991445 0.092296
vn -0.103553 -0.991445 0.079459
vn -0.113039 -0.991445 0.065263
vn -0.120590 -0.991445 0.049950
vn -0.126079 -0.991445 0.033783
vn -0.129410 -0.991445 0.017037
vn -0.130526 -0.991445 0.000000
vn -0.129410 -0.991445 -0.017037
vn -0.126079 -0.991445 -0.033783
vn -0.120590 -0.991445 -0.049950
vn -0.113039 -0.991445 -0.065263
vn -0.103553 -0.991445 -0.079459
vn -0.092296 -0.991445 -0.092296
vn -0.079459 -0.991445 -0.103553
vn -0.065263 -0.991445 -0.113039
vn -0.049950 -0.991445 -0.120590
vn -0.033783 -0.991445 -0.126079
vn -0.017037 -0.991445 -0.129410
vn -0.000000 -0.991445 -0.130526
vn 0.017037 -0.991445 -0.129410
vn 0.033783 -0.991445 -0.126079
vn 0.049950 -0.991445 -0.120590
vn 0.065263 -0.991445 -0.113039
vn 0.079459 -0.991445 -0.103553
vn 0.092296 -0.991445 -0.092296
vn 0.103553 -0.991445 -0.079459
vn 0.113039 -0.991445 -0.065263
vn 0.120590 -0.991445 -0.049950
vn 0.126079 -0.991445 -0.033783
vn 0.129410 -0.991445 -0.017037
vn 0.000000 -1.000000 0.000000
usemtl DiffuseHalf
f 1/1/1 2/2/2 3/3/3
f 1/1/1 3/3/3 4/4/4
f 1/1/1 4/4/4 5/5/5
f 1/1/1 5/5/5 6/6/6
f 1/1/1 6/6/6 7/7/7
f 1/1/1 7/7/7 8/8/8
f 1/1/1 8/8/8 9/9/9
f 1/1/1 9/9/9 10/10/10
f 1/1/1 10/10/10 11/11/11
f 1/1/1 11/11/11 12/12/12
f 1/1/1 12/12/12 13/13/13
f 1/1/1 13/13/13 14/14/14
f 1/1/1 14/14/14 15/15/15
f 1/1/1 15/15/15 16/16/16
f 1/1/1 16/16/16 17/17/17
f 1/1/1 17/17/17 18/18/18
f 1/1/1 18/18/18 19/19/19
f 1/1/1 19/19/19 20/20/20
f 1/1/1 20/20/20 21/21/21
f 1/1/1 21/21/21 22/22/22
f 1/1/1 22/22/22 23/23/23
f 1/1/1 23/23/23 24/24/24
f 1/1/1 24/24/24 25/25/25
f 1/1/1 25/25/25 26/26/26
f 1/1/1 26/26/26 27/27/27
f 1/1/1 27/27/27 28/28/28
f 1/1/1 28/28/28 29/29/29
f 1/1/1 29/29/29 30/30/30
f 1/1/1 30/30/30 31/31/31
f 1/1/1 31/31/31 32/32/32
f 1/1/1 32/32/32 33/33/33
f 1/1/1 33/33/33 34/34/34
f 1/1/1 34/34/34 35/35/35
f 1/1/1 35/35/35 36/36/36
f 1/1/1 36/36/36 37/37/37
f 1/1/1 37/37/37 38/38/38
f 1/1/1 38/38/38 39/39/39
f 1/1/1 39/39/39 40/40/40
f 1/1/1 40/40/40 41/41/41
f 1/1/1 41/41/41 42/42/42
f 1/1/1 42/42/42 43/43/43
f 1/1/1 43/43/43 44/44/44
f 1/1/1 44/44/44 45/45/45
f 1/1/1 45/45/45 46/46/46
f 1/1/1 46/46/46 47/47/47
f 1/1/1 47/47/47 48/48/48
f 1/1/1 48/48/48 49/49/49
f 1/1/1 49/49/49 2/2/2
f 2/2/2 3/3/3 51/51/51
f 2/2/2 51/51/51 50/50/50
f 3/3/3 4/4/4 52/52/52
f 3/3/3 52/52/52 51/51/51
f 4/4/4 5/5/5 53/53/53
f 4/4/4 53/53/53 52/52/52
f 5/5/5 6/6/6 54/54/54
f 5/5/5 54/54/54 53/53/53
f 6/6/6 7/7/7 55/55/55
f 6/6/6 55/55/55 54/54/54
f 7/7/7 8/8/8 56/56/56
f 7/7/7 56/56/56 55/55/55
f 8/8/8 9/9/9 57/57/57
f 8/8/8 57/57/57 56/56/56
f 9/9/9 10/10/10 58/58/58
f 9/9/9 58/58/58 57/57/57
f 10/10/10 11/11/11 59/59/59
f 10/10/10 59/59/59 58/58/58
f 11/11/11 12/12/12 60/60/60
f 11/11/11 60/60/60 59/59/59
f 12/12/12 13/13/13 61/61/61
f 12/12/12 61/61/61 60/60/60
f 13/13/13 14/14/14 62/62/62
f 13/13/13 62/62/62 61/61/61
f 14/14/14 15/15/15 63/63/63
f 14/14/14 63/63/63 62/62/62
f 15/15/15 16/16/16 64/64/64
f 15/15/15 64/64/64 63/63/63
f 16/16/16 17/17/17 65/65/65
f 16/16/16 65/65/65 64/64/64
f 17/17/17 18/18/18 66/66/66
f 17/17/17 66/66/66 65/65/65
f 18/18/18 19/19/19 67/67/67
f 18/18/18 67/67/67 66/66/66
f 19/19/19 20/20/20 68/68/68
f 19/19/19 68/68/68 67/67/67
f 20/20/20 21/21/21 69/69/69
f 20/20/20 69/69/69 68/68/68
f 21/21/21 22/22/22 70/70/70
f 21/21/21 70/70/70 69/69/69
f 22/22/22 23/23/23 71/71/71
f 22/22/22 71/71/71 70/70/70
f 23/23/23 24/24/24 72/72/72
f 23/23/23 72/72/72 71/71/71
f 24/24/24 25/25/25 73/73/73
f 24/24/24 73/73/73 72/72/72
f 25/25/25 26/26/26 74/74/74
f 25/25/25 74/74/74 73/73/73
f 26/26/26 27/27/27 75/75/75
f 26/26/26 75/75/75 74/74/74
f 27/27/27 28/28/28 76/76/76
f 27/27/27 76/76/76 75/75/75
f 28/28/28 29/29/29 77/77/77
f 28/28/28 77/77/77 76/76/76
f 29/29/29 30/30/30 78/78/78
f 29/29/29 78/78/78 77/77/77
f 30/30/30 31/31/31 79/79/79
f 30/30/30 79/79/79 78/78/78
f 31/31/31 32/32/32 80/80/80
f 31/31/31 80/80/80 79/79/79
f 32/32/32 33/33/33 81/81/81
f 32/32/32 81/81/81 80/80/80
f 33/33/33 34/34/34 82/82/82
f 33/33/33 82/82/82 81/81/81
f 34/34/34 35/35/35 83/83/83
f 34/34/34 83/83/83 82/82/82
f 35/35/35 36/36/36 84/84/84
f 35/35/35 84/84/84 83/83/83
f 36/36/36 37/37/37 85/85/85
f 36/36/36 85/85/85 84/84/84
f 37/37/37 38/38/38 86/86/86
f 37/37/37 86/86/86 85/85/85
f 38/38/38 39/39/39 87/87/87
f 38/38/38 87/87/87 86/86/86
f 39/39/39 40/40/40 88/88/88
f 39/39/39 88/88/88 87/87/87
f 40/40/40 41/41/41 89/89/89
f 40/40/40 89/89/89 88/88/88
f 41/41/41 42/42/42 90/90/90
f 41/41/41 90/90/90 89/89/89
f 42/42/42 43/43/43 91/91/91
f 42/42/42 91/91/91 90/90/90
f 43/43/43 44/44/44 92/92/92
f 43/43/43 92/92/92 91/91/91
f 44/44/44 45/45/45 93/93/93
f 44/44/44 93/93/93 92/92/92
f 45/45/45 46/46/46 94/94/94
f 45/45/45 94/94/94 93/93/93
f 46/46/46 47/47/47 95/95/95
f 46/46/46 95/95/95 94/94/94
f 47/47/47 48/48/48 96/96/96
f 47/47/47 96/96/96 95/95/95
f 48/48/48 49/49/49 97/97/97
f 48/48/48 97/97/97 96/96/96
f 49/49/49 2/2/2 50/50/50
f 49/49/49 50/50/50 97/97/97
f 50/50/50 51/51/51 99/99/99
f 50/50/50 99/99/99 98/98/98
f 51/51/51 52/52/52 100/100/100
f 51/51/51 100/100/100 99/99/99
f 52/52/52 53/53/53 101/101/101
f 52/52/52 101/101/101 100/100/100
f 53/53/53 54/54/54 102/102/102
f 53/53/53 102/102/102 101/101/101
f 54/54/54 55/55/55 103/103/103
f 54/54/54 103/103/103 102/102/102
f 55/55/55 56/56/56 104/104/104
f 55/55/55 104/104/104 103/103/103
f 56/56/56 57/57/57 105/105/105
f 56/56/56 105/105/105 104/104/104
f 57/57/57 58/58/58 106/106/106
f 57/57/57 106/106/106 105/105/105
f 58/58/58 59/59/59 107/107/107
f 58/58/58 107/107/107 106/106/106
f 59/59/59 60/60/60 108/108/108
f 59/59/59 108/108/108 107/107/107
f 60/60/60 61/61/61 109/109/109
f 60/60/60 109/109/109 108/108/108
f 61/61/61 62/62/62 110/110/110
f 61/61/61 110/110/110 109/109/109
f 62/62/62 63/63/63 111/111/111
f 62/62/62 111/111/111 110/110/110
f 63/63/63 64/64/64 112/112/112
f 63/63/63 112/112/112 111/111/111
f 64/64/64 65/65/65 113/113/113
f 64/64/64 113/113/113 112/112/112
f 65/65/65 66/66/66 114/114/114
f 65/65/65 114/114/114 113/113/113
f 66/66/66 67/67/67 115/115/115
f 66/66/66 115/115/115 114/114/114
f 67/67/67 68/68/68 116/116/116
f 67/67/67 116/116/116 115/115/115
f 68/68/68 69/69/69 117/117/117
f 68/68/68 117/117/117 116/116/116
f 69/69/69 70/70/70 118/118/118
f 69/69/69 118/118/118 117/117/117
f 70/70/70 71/71/71 119/119/119
f 70/70/70 119/119/119 118/118/118
f 71/71/71 72/72/72 120/120/120
f 71/71/71 120/120/120 119/119/119
f 72/72/72 73/73/73 121/121/121
f 72/72/72 121/121/121 120/120/120
f 73/73/73 74/74/74 122/122/122
f 73/73/73 122/122/122 121/121/121
f 74/74/74 75/75/75 123/123/123
f 74/74/74 123/123/123 122/122/122
f 75/75/75 76/76/76 124/124/124
f 75/75/75 124/124/124 123/123/123
f 76/76/76 77/77/77 125/125/125
f 76/76/76 125/125/125 124/124/124
f 77/77/77 78/78/78 126/126/126
f 77/77/77 126/126/126 125/125/125
f 78/78/78 79/79/79 127/127/127
f 78/78/78 127/127/127 126/126/126
f 79/79/79 80/80/80 128/128/128
f 79/79/79 128/128/128 127/127/127
f 80/80/80 81/81/81 129/129/129
f 80/80/80 129/129/129 128/128/128
f 81/81/81 82/82/82 130/130/130
f 81/81/81 130/130/130 129/129/129
f 82/82/82 83/83/83 131/131/131
f 82/82/82 131/131/131 130/130/130
f 83/83/83 84/84/84 132/132/132
f 83/83/83 132/132/132 131/131/131
f 84/84/84 85/85/85 133/133/133
f 84/84/84 133/133/133 132/132/132
f 85/85/85 86/86/86 134/134/134
f 85/85/85 134/134/134 133/133/133
f 86/86/86 87/87/87 135/135/135
f 86/86/86 135/135/135 134/134/134
f 87/87/87 88/88/88 136/136/136
f 87/87/87 136/136/136 135/135/135
f 88/88/88 89/89/89 137/137/137
f 88/88/88 137/137/137 136/136/136
f 89/89/89 90/90/90 138/138/138
f 89/89/89 138/138/138 137/137/137
f 90/90/90 91/91/91 139/139/139
f 90/90/90 139/139/139 138/138/138
f 91/91/91 92/92/92 140/140/140
f 91/91/91 140/140/140 139/139/139
f 92/92/92 93/93/93 141/141/141
f 92/92/92 141/141/141 140/140/140
f 93/93/93 94/94/94 142/142/142
f 93/93/93 142/142/142 141/141/141
f 94/94/94 95/95/95 143/143/143
f 94/94/94 143/143/143 142/142/142
f 95/95/95 96/96/96 144/144/144
f 95/95/95 144/144/144 143/143/143
f 96/96/96 97/97/97 145/145/145
f 96/96/96 145/145/145 144/144/144
f 97/97/97 50/50/50 98/98/98
f 97/97/97 98/98/98 145/145/145
f 98/98/98 99/99/99 147/147/147
f 98/98/98 147/147/147 146/146/146
f 99/99/99 100/100/100 148/148/148
f 99/99/99 148/148/148 147/147/147
f 100/100/100 101/101/101 149/149/149
f 100/100/100 149/149/149 148/148/148
f 101/101/101 102/102/102 150/150/150
f 101/101/101 150/150/150 149/149/149
f 102/102/102 103/103/103 151/151/151
f 102/102/102 151/151/151 150/150/150
f 103/103/103 104/104/104 152/152/152
f 103/103/103 152/152/152 151/151/151
f 104/104/104 105/105/105 153/153/153
f 104/104/104 153/153/153 152/152/152
f 105/105/105 106/106/106 154/154/154
f 105/105/105 154/154/154 153/153/153
f 106/106/106 107/107/107 155/155/155
f 106/106/106 155/155/155 154/154/154
f 107/107/107 108/108/108 156/156/156
f 107/107/107 156/156/156 155/155/155
f 108/108/108 109/109/109 157/157/157
f 108/108/108 157/157/157 156/156/156
f 109/109/109 110/110/110 158/158/158
f 109/109/109 158/158/158 157/157/157
f 110/110/110 111/111/111 159/159/159
f 110/110/110 159/159/159 158/158/158
f 111/111/111 112/112/112 160/160/160
f 111/111/111 160/160/160 159/159/159
f 112/112/112 113/113/113 161/161/161
f 112/112/112 161/161/161 160/160/160
f 113/113/113 114/114/114 162/162/162
f 113/113/113 162/162/162 161/161/161
f 114/114/114 115/115/115 163/163/163
f 114/114/114 163/163/163 162/162/162
f 115/115/115 116/116/116 164/164/164
f 115/115/115 164/164/164 163/163/163
f 116/116/116 117/117/117 165/165/165
f 116/116/116 165/165/165 164/164/164
f 117/117/117 118/118/118 166/166/166
f 117/117/117 166/166/166 165/165/165
f 118/118/118 119/119/119 167/167/167
f 118/118/118 167/167/167 166/166/166
f 119/119/119 120/120/120 168/168/168
f 119/119/119 168/168/168 167/167/167
f 120/120/120 121/121/121 169/169/169
f 120/120/120 169/169/169 168/168/168
f 121/121/121 122/122/122 170/170/170
f 121/121/121 170/170/170 169/169/169
f 122/122/122 123/123/123 171/171/171
f 122/122/122 171/171/171 170/170/170
f 123/123/123 124/124/124 172/172/172
f 123/123/123 172/172/172 171/171/171
f 124/124/124 125/125/125 173/173/173
f 124/124/124 173/173/173 172/172/172
f 125/125/125 126/126/126 174/174/174
f 125/125/125 174/174/174 173/173/173
f 126/126/126 127/127/127 175/175/175
f 126/126/126 175/175/175 174/174/174
f 127/127/127 128/128/128 176/176/176
f 127/127/127 176/176/176 175/175/175
f 128/128/128 129/129/129 177/177/177
f 128/128/128 177/177/177 176/176/176
f 129/129/129 130/130/130 178/178/178
f 129/129/129 178/178/178 177/177/177
f 130/130/130 131/131/131 179/179/179
f 130/130/130 179/179/179 178/178/178
f 131/131/131 132/132/132 180/180/180
f 131/131/131 180/180/180 179/179/179
f 132/132/132 133/133/133 181/181/181
f 132/132/132 181/181/181 180/180/180
f 133/133/133 134/134/134 182/182/182
f 133/133/133 182/182/182 181/181/181
f 134/134/134 135/135/135 183/183/183
f 134/134/134 183/183/183 182/182/182
f 135/135/135 136/136/136 184/184/184
f 135/135/135 184/184/184 183/183/183
f 136/136/136 137/137/137 185/185/185
f 136/136/136 185/185/185 184/184/184
f 137/137/137 138/138/138 186/186/186
f 137/137/137 186/186/186 185/185/185
f 138/138/138 139/139/139 187/187/187
f 138/138/138 187/187/187 186/186/186
f 139/139/139 140/140/140 188/188/188
f 139/139/139 188/188/188 187/187/187
f 140/140/140 141/141/141 189/189/189
f 140/140/140 189/189/189 188/188/188
f 141/141/141 142/142/142 190/190/190
f 141/141/141 190/190/190 189/189/189
f 142/142/142 143/143/143 191/191/191
f 142/142/142 191/191/191 190/190/190
f 143/143/143 144/144/144 192/192/192
f 143/143/143 192/192/192 191/191/191
f 144/144/144 145/145/145 193/193/193
f 144/144/144 193/193/193 192/192/192
f 145/145/145 98/98/98 146/146/146
f 145/145/145 146/146/146 193/193/193
f 146/146/146 147/147/147 195/195/195
f 146/146/146 195/195/195 194/194/194
f 147/147/147 148/148/148 196/196/196
f 147/147/147 196/196/196 195/195/195
f 148/148/148 149/149/149 197/197/197
f 148/148/148 197/197/197 196/196/196
f 149/149/149 150/150/150 198/198/198
f 149/149/149 198/198/198 197/197/197
f 150/150/150 151/151/151 199/199/199
f 150/150/150 199/199/199 198/198/198
f 151/151/151 152/152/152 200/200/200
f 151/151/151 200/200/200 199/199/199
f 152/152/152 153/153/153 201/201/201
f 152/152/152 201/201/201 200/200/200
f 153/153/153 154/154/154 202/202/202
f 153/153/153 202/202/202 201/201/201
f 154/154/154 155/155/155 203/203/203
f 154/154/154 203/203/203 202/202/202
f 155/155/155 156/156/156 204/204/204
f 155/155/155 204/204/204 203/203/203
f 156/156/156 157/157/157 205/205/205
f 156/156/156 205/205/205 204/204/204
f 157/157/157 158/158/158 206/206/206
f 157/157/157 206/206/206 205/205/205
f 158/158/158 159/159/159 207/207/207
f 158/158/158 207/207/207 206/206/206
f 159/159/159 160/160/160 208/208/208
f 159/159/159 208/208/208 207/207/207
f 160/160/160 161/161/161 209/209/209
f 160/160/160 209/209/209 208/208/208
f 161/161/161 162/162/162 210/210/210
f 161/161/161 210/210/210 209/209/209
f 162/162/162 163/163/163 211/211/211
f 162/162/162 211/211/211 210/210/210
f 163/163/163 164/164/164 212/212/212
f 163/163/163 212/212/212 211/211/211
f 164/164/164 165/165/165 213/213/213
f 164/164/164 213/213/213 212/212/212
f 165/165/165 166/166/166 214/214/214
f 165/165/165 214/214/214 213/213/213
f 166/166/166 167/167/167 215/215/215
f 166/166/166 215/215/215 214/214/214
f 167/167/167 168/168/168 216/216/216
f 167/167/167 216/216/216 215/215/215
f 168/168/168 169/169/169 217/217/217
f 168/168/168 217/217/217 216/216/216
f 169/169/169 170/170/170 218/218/218
f 169/169/169 218/218/218 217/217/217
f 170/170/170 171/171/171 219/219/219
f 170/170/170 219/219/219 218/218/218
f 171/171/171 172/172/172 220/220/220
f 171/171/171 220/220/220 219/219/219
f 172/172/172 173/173/173 221/221/221
f 172/172/172 221/221/221 220/220/220
f 173/173/173 174/174/174 222/222/222
f 173/173/173 222/222/222 221/221/221
f 174/174/174 175/175/175 223/223/223
f 174/174/174 223/223/223 222/222/222
f 175/175/175 176/176/176 224/224/224
f 175/175/175 224/224/224 223/223/223
f 176/176/176 177/177/177 225/225/225
f 176/176/176 225/225/225 224/224/224
f 177/177/177 178/178/178 226/226/226
f 177/177/177 226/226/226 225/225/225
f 178/178/178 179/179/179 227/227/227
f 178/178/178 227/227/227 226/226/226
f 179/179/179 180/180/180 228/228/228
f 179/179/179 228/228/228 227/227/227
f 180/180/180 181/181/181 229/229/229
f 180/180/180 229/229/229 228/228/228
f 181/181/181 182/182/182 230/230/230
f 181/181/181 230/230/230 229/229/229
f 182/182/182 183/183/183 231/231/231
f 182/182/182 231/231/231 230/230/230
f 183/183/183 184/184/184 232/232/232
f 183/183/183 232/232/232 231/231/231
f 184/184/184 185/185/185 233/233/233
f 184/184/184 233/233/233 232/232/232
f 185/185/185 186/186/186 234/234/234
f 185/185/185 234/234/234 233/233/233
f 186/186/186 187/187/187 235/235/235
f 186/186/186 235/235/235 234/234/234
f 187/187/187 188/188/188 236/236/236
f 187/187/187 236/236/236 235/235/235
f 188/188/188 189/189/189 237/237/237
f 188/188/188 237/237/237 236/236/236
f 189/189/189 190/190/190 238/238/238
f 189/189/189 238/238/238 237/237/237
f 190/190/190 191/191/191 239/239/239
f 190/190/190 239/239/239 238/238/238
f 191/191/191 192/192/192 240/240/240
f 191/191/191 240/240/240 239/239/239
f 192/192/192 193/193/193 241/241/241
f 192/192/192 241/241/241 240/240/240
f 193/193/193 146/146/146 194/194/194
f 193/193/193 194/194/194 241/241/241
f 194/194/194 195/195/195 243/243/243
f 194/194/194 243/243/243 242/242/242
f 195/195/195 196/196/196 244/244/244
f 195/195/195 244/244/244 243/243/243
f 196/196/196 197/197/197 245/245/245
f 196/196/196 245/245/245 244/244/244
f 197/197/197 198/198/198 246/246/246
f 197/197/197 246/246/246 245/245/245
f 198/198/198 199/199/199 247/247/247
f 198/198/198 247/247/247 246/246/246
f 199/199/199 200/200/200 248/248/248
f 199/199/199 248/248/248 247/247/247
f 200/200/200 201/201/201 249/249/249
f 200/200/200 249/249/249 248/248/248
f 201/201/201 202/202/202 250/250/250
f 201/201/201 250/250/250 249/249/249
f 202/202/202 203/203/203 251/251/251
f 202/202/202 251/251/251 250/250/250
f 203/203/203 204/204/204 252/252/252
f 203/203/203 252/252/252 251/251/251
f 204/204/204 205/205/205 253/253/253
f 204/204/204 253/253/253 252/252/252
f 205/205/205 206/206/206 254/254/254
f 205/205/205 254/254/254 253/253/253
f 206/206/206 207/207/207 255/255/255
f 206/206/206 255/255/255 254/254/254
f 207/207/207 208/208/208 256/256/256
f 207/207/207 256/256/256 255/255/255
f 208/208/208 209/209/209 257/257/257
f 208/208/208 257/257/257 256/256/256
f 209/209/209 210/210/210 258/258/258
f 209/209/209 258/258/258 257/257/257
f 210/210/210 211/211/211 259/259/259
f 210/210/210 259/259/259 258/258/258
f 211/211/211 212/212/212 260/260/260
f 211/211/211 260/260/260 259/259/259
f 212/212/212 213/213/213 261/261/261
f 212/212/212 261/261/261 260/260/260
f 213/213/213 214/214/214 262/262/262
f 213/213/213 262/262/262 261/261/261
f 214/214/214 215/215/215 263/263/263
f 214/214/214 263/263/263 262/262/262
f 215/215/215 216/216/216 264/264/264
f 215/215/215 264/264/264 263/263/263
f 216/216/216 217/217/217 265/265/265
f 216/216/216 265/265/265 264/264/264
f 217/217/217 218/218/218 266/266/266
f 217/217/217 266/266/266 265/265/265
f 218/218/218 219/219/219 267/267/267
f 218/218/218 267/267/267 266/266/266
f 219/219/219 220/220/220 268/268/268
f 219/219/219 268/268/268 267/267/267
f 220/220/220 221/221/221 269/269/269
f 220/220/220 269/269/269 268/268/268
f 221/221/221 222/222/222 270/270/270
f 221/221/221 270/270/270 269/269/269
f 222/222/222 223/223/223 271/271/271
f 222/222/222 271/271/271 270/270/270
f 223/223/223 224/224/224 272/272/272
f 223/223/223 272/272/272 271/271/271
f 224/224/224 225/225/225 273/273/273
f 224/224/224 273/273/273 272/272/272
f 225/225/225 226/226/226 274/274/274
f 225/225/225 274/274/274 273/273/273
f 226/226/226 227/227/227 275/275/275
f 226/226/226 275/275/275 274/274/274
f 227/227/227 228/228/228 276/276/276
f 227/227/227 276/276/276 275/275/275
f 228/228/228 229/229/229 277/277/277
f 228/228/228 277/277/277 276/276/276
f 229/229/229 230/230/230 278/278/278
f 229/229/229 278/278/278 277/277/277
f 230/230/230 231/231/231 279/279/279
f 230/230/230 279/279/279 278/278/278
f 231/231/231 232/232/232 280/280/280
f 231/231/231 280/280/280 279/279/279
f 232/232/232 233/233/233 281/281/281
f 232/232/232 281/281/281 280/280/280
f 233/233/233 234/234/234 282/282/282
f 233/233/233 282/282/282 281/281/281
f 234/234/234 235/235/235 283/283/283
f 234/234/234 283/283/283 282/282/282
f 235/235/235 236/236/236 284/284/284
f 235/235/235 284/284/284 283/283/283
f 236/236/236 237/237/237 285/285/285
f 236/236/236 285/285/285 284/284/284
f 237/237/237 238/238/238 286/286/286
f 237/237/237 286/286/286 285/285/285
f 238/238/238 239/239/239 287/287/287
f 238/238/238 287/287/287 286/286/286
f 239/239/239 240/240/240 288/288/288
f 239/239/239 288/288/288 287/287/287
f 240/240/240 241/241/241 289/289/289
f 240/240/240 289/289/289 288/288/288
f 241/241/241 194/194/194 242/242/242
f 241/241/241 242/242/242 289/289/289
f 242/242/242 243/243/243 291/291/291
f 242/242/242 291/291/291 290/290/290
f 243/243/243 244/244/244 292/292/292
f 243/243/243 292/292/292 291/291/291
f 244/244/244 245/245/245 293/293/293
f 244/244/244 293/293/293 292/292/292
f 245/245/245 246/246/246 294/294/294
f 245/245/245 294/294/294 293/293/293
f 246/246/246 247/247/247 295/295/295
f 246/246/246 295/295/295 294/294/294
f 247/247/247 248/248/248 296/296/296
f 247/247/247 296/296/296 295/295/295
f 248/248/248 249/249/249 297/297/297
f 248/248/248 297/297/297 296/296/296
f 249/249/249 250/250/250 298/298/298
f 249/249/249 298/298/298 297/297/297
f 250/250/250 251/251/251 299/299/299
f 250/250/250 299/299/299 298/298/298
f 251/251/251 252/252/252 300/300/300
f 251/251/251 300/300/300 299/299/299
f 252/252/252 253/253/253 301/301/301
f 252/252/252 301/301/301 300/300/300
f 253/253/253 254/254/254 302/302/302
f 253/253/253 302/302/302 301/301/301
f 254/254/254 255/255/255 303/303/303
f 254/254/254 303/303/303 302/302/302
f 255/255/255 256/256/256 304/304/304
f 255/255/255 304/304/304 303/303/303
f 256/256/256 257/257/257 305/305/305
f 256/256/256 305/305/305 304/304/304
f 257/257/257 258/258/258 306/306/306
f 257/257/257 306/306/306 305/305/305
f 258/258/258 259/259/259 307/307/307
f 258/258/258 307/307/307 306/306/306
f 259/259/259 260/260/260 308/308/308
f 259/259/259 308/308/308 307/307/307
f 260/260/260 261/261/261 309/309/309
f 260/260/260 309/309/309 308/308/308
f 261/261/261 262/262/262 310/310/310
f 261/261/261 310/310/310 309/309/309
f 262/262/262 263/263/263 311/311/311
f 262/262/262 311/311/311 310/310/310
f 263/263/263 264/264/264 312/312/312
f 263/263/263 312/312/312 311/311/311
f 264/264/264 265/265/265 313/313/313
f 264/264/264 313/313/313 312/312/312
f 265/265/265 266/266/266 314/314/314
f 265/265/265 314/314/314 313/313/313
f 266/266/266 267/267/267 315/315/315
f 266/266/266 315/315/315 314/314/314
f 267/267/267 268/268/268 316/316/316
f 267/267/267 316/316/316 315/315/315
f 268/268/268 269/269/269 317/317/317
f 268/268/268 317/317/317 316/316/316
f 269/269/269 270/270/270 318/318/318
f 269/269/269 318/318/318 317/317/317
f 270/270/270 271/271/271 319/319/319
f 270/270/270 319/319/319 318/318/318
f 271/271/271 272/272/272 320/320/320
f 271/271/271 320/320/320 319/319/319
f 272/272/272 273/273/273 321/321/321
f 272/272/272 321/321/321 320/320/320
f 273/273/273 274/274/274 322/322/322
f 273/273/273 322/322/322 321/321/321
f 274/274/274 275/275/275 323/323/323
f 274/274/274 323/323/323 322/322/322
f 275/275/275 276/276/276 324/324/324
f 275/275/275 324/324/324 323/323/323
f 276/276/276 277/277/277 325/325/325
f 276/276/276 325/325/325 324/324/324
f 277/277/277 278/278/278 326/326/326
f 277/277/277 326/326/326 325/325/325
f 278/278/278 279/279/279 327/327/327
f 278/278/278 327/327/327 326/326/326
f 279/279/279 280/280/280 328/328/328
f 279/279/279 328/328/328 327/327/327
f 280/280/280 281/281/281 329/329/329
f 280/280/280 329/329/329 328/328/328
f 281/281/281 282/282/282 330/330/330
f 281/281/281 330/330/330 329/329/329
f 282/282/282 283/283/283 331/331/331
f 282/282/282 331/331/331 330/330/330
f 283/283/283 284/284/284 332/332/332
f 283/283/283 332/332/332 331/331/331
f 284/284/284 285/285/285 333/333/333
f 284/284/284 333/333/333 332/332/332
f 285/285/285 286/286/286 334/334/334
f 285/285/285 334/334/334 333/333/333
f 286/286/286 287/287/287 335/335/335
f 286/286/286 335/335/335 334/334/334
f 287/287/287 288/288/288 336/336/336
f 287/287/287 336/336/336 335/335/335
f 288/288/288 289/289/289 337/337/337
f 288/288/288 337/337/337 336/336/336
f 289/289/289 242/242/242 290/290/290
f 289/289/289 290/290/290 337/337/337
f 290/290/290 291/291/291 339/339/339
f 290/290/290 339/339/339 338/338/338
f 291/291/291 292/292/292 340/340/340
f 291/291/291 340/340/340 339/339/339
f 292/292/292 293/293/293 341/341/341
f 292/292/292 341/341/341 340/340/340
f 293/293/293 294/294/294 342/342/342
f 293/293/293 342/342/342 341/341/341
f 294/294/294 295/295/295 343/343/343
f 294/294/294 343/343/343 342/342/342
f 295/295/295 296/296/296 344/344/344
f 295/295/295 344/344/344 343/343/343
f 296/296/296 297/297/297 345/345/345
f 296/296/296 345/345/345 344/344/344
f 297/297/297 298/298/298 346/346/346
f 297/297/297 346/346/346 345/345/345
f 298/298/298 299/299/299 347/347/347
f 298/298/298 347/347/347 346/346/346
f 299/299/299 300/300/300 348/348/348
f 299/299/299 348/348/348 347/347/347
f 300/300/300 301/301/301 349/349/349
f 300/300/300 349/349/349 348/348/348
f 301/301/301 302/302/302 350/350/350
f 301/301/301 350/350/350 349/349/349
f 302/302/302 303/303/303 351/351/351
f 302/302/302 351/351/351 350/350/350
f 303/303/303 304/304/304 352/352/352
f 303/303/303 352/352/352 351/351/351
f 304/304/304 305/305/305 353/353/353
f 304/304/304 353/353/353 352/352/352
f 305/305/305 306/306/306 354/354/354
f 305/305/305 354/354/354 353/353/353
f 306/306/306 307/307/307 355/355/355
f 306/306/306 355/355/355 354/354/354
f 307/307/307 308/308/308 356/356/356
f 307/307/307 356/356/356 355/355/355
f 308/308/308 309/309/309 357/357/357
f 308/308/308 357/357/357 356/356/356
f 309/309/309 310/310/310 358/358/358
f 309/309/309 358/358/358 357/357/357
f 310/310/310 311/311/311 359/359/359
f 310/310/310 359/359/359 358/358/358
f 311/311/311 312/312/312 360/360/360
f 311/311/311 360/360/360 359/359/359
f 312/312/312 313/313/313 361/361/361
f 312/312/312 361/361/361 360/360/360
f 313/313/313 314/314/314 362/362/362
f 313/313/313 362/362/362 361/361/361
f 314/314/314 315/315/315 363/363/363
f 314/314/314 363/363/363 362/362/362
f 315/315/315 316/316/316 364/364/364
f 315/315/315 364/364/364 363/363/363
f 316/316/316 317/317/317 365/365/365
f 316/316/316 365/365/365 364/364/364
f 317/317/317 318/318/318 366/366/366
f 317/317/317 366/366/366 365/365/365
f 318/318/318 319/319/319 367/367/367
f 318/318/318 367/367/367 366/366/366
f 319/319/319 320/320/320 368/368/368
f 319/319/319 368/368/368 367/367/367
f 320/320/320 321/321/321 369/369/369
f 320/320/320 369/369/369 368/368/368
f 321/321/321 322/322/322 370/370/370
f 321/321/321 370/370/370 369/369/369
f 322/322/322 323/323/323 371/371/371
f 322/322/322 371/371/371 370/370/370
f 323/323/323 324/324/324 372/372/372
f 323/323/323 372/372/372 371/371/371
f 324/324/324 325/325/325 373/373/373
f 324/324/324 373/373/373 372/372/372
f 325/325/325 326/326/326 374/374/374
f 325/325/325 374/374/374 373/373/373
f 326/326/326 327/327/327 375/375/375
f 326/326/326 375/375/375 374/374/374
f 327/327/327 328/328/328 376/376/376
f 327/327/327 376/376/376 375/375/375
f 328/328/328 329/329/329 377/377/377
f 328/328/328 377/377/377 376/376/376
f 329/329/329 330/330/330 378/378/378
f 329/329/329 378/378/378 377/377/377
f 330/330/330 331/331/331 379/379/379
f 330/330/330 379/379/379 378/378/378
f 331/331/331 332/332/332 380/380/380
f 331/331/331 380/380/380 379/379/379
f 332/332/332 333/333/333 381/381/381
f 332/332/332 381/381/381 380/380/380
f 333/333/333 334/334/334 382/382/382
f 333/333/333 382/382/382 381/381/381
f 334/334/334 335/335/335 383/383/383
f 334/334/334 383/383/383 382/382/382
f 335/335/335 336/336/336 384/384/384
f 335/335/335 384/384/384 383/383/383
f 336/336/336 337/337/337 385/385/385
f 336/336/336 385/385/385 384/384/384
f 337/337/337 290/290/290 338/338/338
f 337/337/337 338/338/338 385/385/385
f 338/338/338 339/339/339 387/387/387
f 338/338/338 387/387/387 386/386/386
f 339/339/339 340/340/340 388/388/388
f 339/339/339 388/388/388 387/387/387
f 340/340/340 341/341/341 389/389/389
f 340/340/340 389/389/389 388/388/388
f 341/341/341 342/342/342 390/390/390
f 341/341/341 390/390/390 389/389/389
f 342/342/342 343/343/343 391/391/391
f 342/342/342 391/391/391 390/390/390
f 343/343/343 344/344/344 392/392/392
f 343/343/343 392/392/392 391/391/391
f 344/344/344 345/345/345 393/393/393
f 344/344/344 393/393/393 392/392/392
f 345/345/345 346/346/346 394/394/394
f 345/345/345 394/394/394 393/393/393
f 346/346/346 347/347/347 395/395/395
f 346/346/346 395/395/395 394/394/394
f 347/347/347 348/348/348 396/396/396
f 347/347/347 396/396/396 395/395/395
f 348/348/348 349/349/349 397/397/397
f 348/348/348 397/397/397 396/396/396
f 349/349/349 350/350/350 398/398/398
f 349/349/349 398/398/398 397/397/397
f 350/350/350 351/351/351 399/399/399
f 350/350/350 399/399/399 398/398/398
f 351/351/351 352/352/352 400/400/400
f 351/351/351 400/400/400 399/399/399
f 352/352/352 353/353/353 401/401/401
f 352/352/352 401/401/401 400/400/400
f 353/353/353 354/354/354 402/402/402
f 353/353/353 402/402/402 401/401/401
f 354/354/354 355/355/355 403/403/403
f 354/354/354 403/403/403 402/402/402
f 355/355/355 356/356/356 404/404/404
f 355/355/355 404/404/404 403/403/403
f 356/356/356 357/357/357 405/405/405
f 356/356/356 405/405/405 404/404/404
f 357/357/357 358/358/358 406/406/406
f 357/357/357 406/406/406 405/405/405
f 358/358/358 359/359/359 407/407/407
f 358/358/358 407/407/407 406/406/406
f 359/359/359 360/360/360 408/408/408
f 359/359/359 408/408/408 407/407/407
f 360/360/360 361/361/361 409/409/409
f 360/360/360 409/409/409 408/408/408
f 361/361/361 362/362/362 410/410/410
f 361/361/361 410/410/410 409/409/409
f 362/362/362 363/363/363 411/411/411
f 362/362/362 411/411/411 410/410/410
f 363/363/363 364/364/364 412/412/412
f 363/363/363 412/412/412 411/411/411
f 364/364/364 365/365/365 413/413/413
f 364/364/364 413/413/413 412/412/412
f 365/365/365 366/366/366 414/414/414
f 365/365/365 414/414/414 413/413/413
f 366/366/366 367/367/367 415/415/415
f 366/366/366 415/415/415 414/414/414
f 367/367/367 368/368/368 416/416/416
f 367/367/367 416/416/416 415/415/415
f 368/368/368 369/369/369 417/417/417
f 368/368/368 417/417/417 416/416/416
f 369/369/369 370/370/370 418/418/418
f 369/369/369 418/418/418 417/417/417
f 370/370/370 371/371/371 419/419/419
f 370/370/370 419/419/419 418/418/418
f 371/371/371 372/372/372 420/420/420
f 371/371/371 420/420/420 419/419/419
f 372/372/372 373/373/373 421/421/421
f 372/372/372 421/421/421 420/420/420
f 373/373/373 374/374/374 422/422/422
f 373/373/373 422/422/422 421/421/421
f 374/374/374 375/375/375 423/423/423
f 374/374/374 423/423/423 422/422/422
f 375/375/375 376/376/376 424/424/424
f 375/375/375 424/424/424 423/423/423
f 376/376/376 377/377/377 425/425/425
f 376/376/376 425/425/425 424/424/424
f 377/377/377 378/378/378 426/426/426
f 377/377/377 426/426/426 425/425/425
f 378/378/378 379/379/379 427/427/427
f 378/378/378 427/427/427 426/426/426
f 379/379/379 380/380/380 428/428/428
f 379/379/379 428/428/428 427/427/427
f 380/380/380 381/381/381 429/429/429
f 380/380/380 429/429/429 428/428/428
f 381/381/381 382/382/382 430/430/430
f 381/381/381 430/430/430 429/429/429
f 382/382/382 383/383/383 431/431/431
f 382/382/382 431/431/431 430/430/430
f 383/383/383 384/384/384 432/432/432
f 383/383/383 432/432/432 431/431/431
f 384/384/384 385/385/385 433/433/433
f 384/384/384 433/433/433 432/432/432
f 385/385/385 338/338/338 386/386/386
f 385/385/385 386/386/386 433/433/433
f 386/386/386 387/387/387 435/435/435
f 386/386/386 435/435/435 434/434/434
f 387/387/387 388/388/388 436/436/436
f 387/387/387 436/436/436 435/435/435
f 388/388/388 389/389/389 437/437/437
f 388/388/388 437/437/437 436/436/436
f 389/389/389 390/390/390 438/438/438
f 389/389/389 438/438/438 437/437/437
f 390/390/390 391/391/391 439/439/439
f 390/390/390 439/439/439 438/438/438
f 391/391/391 392/392/392 440/440/440
f 391/391/391 440/440/440 439/439/439
f 392/392/392 393/393/393 441/441/441
f 392/392/392 441/441/441 440/440/440
f 393/393/393 394/394/394 442/442/442
f 393/393/393 442/442/442 441/441/441
f 394/394/394 395/395/395 443/443/443
f 394/394/394 443/443/443 442/442/442
f 395/395/395 396/396/396 444/444/444
f 395/395/395 444/444/444 443/443/443
f 396/396/396 397/397/397 445/445/445
f 396/396/396 445/445/445 444/444/444
f 397/397/397 398/398/398 446/446/446
f 397/397/397 446/446/446 445/445/445
f 398/398/398 399/399/399 447/447/447
f 398/398/398 447/447/447 446/446/446
f 399/399/399 400/400/400 448/448/448
f 399/399/399 448/448/448 447/447/447
f 400/400/400 401/401/401 449/449/449
f 400/400/400 449/449/449 448/448/448
f 401/401/401 402/402/402 450/450/450
f 401/401/401 450/450/450 449/449/449
f 402/402/402 403/403/403 451/451/451
f 402/402/402 451/451/451 450/450/450
f 403/403/403 404/404/404 452/452/452
f 403/403/403 452/452/452 451/451/451
f 404/404/404 405/405/405 453/453/453
f 404/404/404 453/453/453 452/452/452
f 405/405/405 406/406/406 454/454/454
f 405/405/405 454/454/454 453/453/453
f 406/406/406 407/407/407 455/455/455
f 406/406/406 455/455/455 454/454/454
f 407/407/407 408/408/408 456/456/456
f 407/407/407 456/456/456 455/455/455
f 408/408/408 409/409/409 457/457/457
f 408/408/408 457/457/457 456/456/456
f 409/409/409 410/410/410 458/458/458
f 409/409/409 458/458/458 457/457/457
f 410/410/410 411/411/411 459/459/459
f 410/410/410 459/459/459 458/458/458
f 411/411/411 412/412/412 460/460/460
f 411/411/411 460/460/460 459/459/459
f 412/412/412 413/413/413 461/461/461
f 412/412/412 461/461/461 460/460/460
f 413/413/413 414/414/414 462/462/462
f 413/413/413 462/462/462 461/461/461
f 414/414/414 415/415/415 463/463/463
f 414/414/414 463/463/463 462/462/462
f 415/415/415 416/416/416 464/464/464
f 415/415/415 464/464/464 463/463/463
f 416/416/416 417/417/417 465/465/465
f 416/416/416 465/465/465 464/464/464
f 417/417/417 418/418/418 466/466/466
f 417/417/417 466/466/466 465/465/465
f 418/418/418 419/419/419 467/467/467
f 418/418/418 467/467/467 466/466/466
f 419/419/419 420/420/420 468/468/468
f 419/419/419 468/468/468 467/467/467
f 420/420/420 421/421/421 469/469/469
f 420/420/420 469/469/469 468/468/468
f 421/421/421 422/422/422 470/470/470
f 421/421/421 470/470/470 469/469/469
f 422/422/422 423/423/423 471/471/471
f 422/422/422 471/471/471 470/470/470
f 423/423/423 424/424/424 472/472/472
f 423/423/423 472/472/472 471/471/471
f 424/424/424 425/425/425 473/473/473
f 424/424/424 473/473/473 472/472/472
f 425/425/425 426/426/426 474/474/474
f 425/425/425 474/474/474 473/473/473
f 426/426/426 427/427/427 475/475/475
f 426/426/426 475/475/475 474/474/474
f 427/427/427 428/428/428 476/476/476
f 427/427/427 476/476/476 475/475/475
f 428/428/428 429/429/429 477/477/477
f 428/428/428 477/477/477 476/476/476
f 429/429/429 430/430/430 478/478/478
f 429/429/429 478/478/478 477/477/477
f 430/430/430 431/431/431 479/479/479
f 430/430/430 479/479/479 478/478/478
f 431/431/431 432/432/432 480/480/480
f 431/431/431 480/480/480 479/479/479
f 432/432/432 433/433/433 481/481/481
f 432/432/432 481/481/481 480/480/480
f 433/433/433 386/386/386 434/434/434
f 433/433/433 434/434/434 481/481/481
f 434/434/434 435/435/435 483/483/483
f 434/434/434 483/483/483 482/482/482
f 435/435/435 436/436/436 484/484/484
f 435/435/435 484/484/484 483/483/483
f 436/436/436 437/437/437 485/485/485
f 436/436/436 485/485/485 484/484/484
f 437/437/437 438/438/438 486/486/486
f 437/437/437 486/486/486 485/485/485
f 438/438/438 439/439/439 487/487/487
f 438/438/438 487/487/487 486/486/486
f 439/439/439 440/440/440 488/488/488
f 439/439/439 488/488/488 487/487/487
f 440/440/440 441/441/441 489/489/489
f 440/440/440 489/489/489 488/488/488
f 441/441/441 442/442/442 490/490/490
f 441/441/441 490/490/490 489/489/489
f 442/442/442 443/443/443 491/491/491
f 442/442/442 491/491/491 490/490/490
f 443/443/443 444/444/444 492/492/492
f 443/443/443 492/492/492 491/491/491
f 444/444/444 445/445/445 493/493/493
f 444/444/444 493/493/493 492/492/492
f 445/445/445 446/446/446 494/494/494
f 445/445/445 494/494/494 493/493/493
f 446/446/446 447/447/447 495/495/495
f 446/446/446 495/495/495 494/494/494
f 447/447/447 448/448/448 496/496/496
f 447/447/447 496/496/496 495/495/495
f 448/448/448 449/449/449 497/497/497
f 448/448/448 497/497/497 496/496/496
f 449/449/449 450/450/450 498/498/498
f 449/449/449 498/498/498 497/497/497
f 450/450/450 451/451/451 499/499/499
f 450/450/450 499/499/499 498/498/498
f 451/451/451 452/452/452 500/500/500
f 451/451/451 500/500/500 499/499/499
f 452/452/452 453/453/453 501/501/501
f 452/452/452 501/501/501 500/500/500
f 453/453/453 454/454/454 502/502/502
f 453/453/453 502/502/502 501/501/501
f 454/454/454 455/455/455 503/503/503
f 454/454/454 503/503/503 502/502/502
f 455/455/455 456/456/456 504/504/504
f 455/455/455 504/504/504 503/503/503
f 456/456/456 457/457/457 505/505/505
f 456/456/456 505/505/505 504/504/504
f 457/457/457 458/458/458 506/506/506
f 457/457/457 506/506/506 505/505/505
f 458/458/458 459/459/459 507/507/507
f 458/458/458 507/507/507 506/506/506
f 459/459/459 460/460/460 508/508/508
f 459/459/459 508/508/508 507/507/507
f 460/460/460 461/461/461 509/509/509
f 460/460/460 509/509/509 508/508/508
f 461/461/461 462/462/462 510/510/510
f 461/461/461 510/510/510 509/509/509
f 462/462/462 463/463/463 511/511/511
f 462/462/462 511/511/511 510/510/510
f 463/463/463 464/464/464 512/512/512
f 463/463/463 512/512/512 511/511/511
f 464/464/464 465/465/465 513/513/513
f 464/464/464 513/513/513 512/512/512
f 465/465/465 466/466/466 514/514/514
f 465/465/465 514/514/514 513/513/513
f 466/466/466 467/467/467 515/515/515
f 466/466/466 515/515/515 514/514/514
f 467/467/467 468/468/468 516/516/516
f 467/467/467 516/516/516 515/515/515
f 468/468/468 469/469/469 517/517/517
f 468/468/468 517/517/517 516/516/516
f 469/469/469 470/470/470 518/518/518
f 469/469/469 518/518/518 517/517/517
f 470/470/470 471/471/471 519/519/519
f 470/470/470 519/519/519 518/518/518
f 471/471/471 472/472/472 520/520/520
f 471/471/471 520/520/520 519/519/519
f 472/472/472 473/473/473 521/521/521
f 472/472/472 521/521/521 520/520/520
f 473/473/473 474/474/474 522/522/522
f 473/473/473 522/522/522 521/521/521
f 474/474/474 475/475/475 523/523/523
f 474/474/474 523/523/523 522/522/522
f 475/475/475 476/476/476 524/524/524
f 475/475/475 524/524/524 523/523/523
f 476/476/476 477/477/477 525/525/525
f 476/476/476 525/525/525 524/524/524
f 477/477/477 478/478/478 526/526/526
f 477/477/477 526/526/526 525/525/525
f 478/478/478 479/479/479 527/527/527
f 478/478/478 527/527/527 526/526/526
f 479/479/479 480/480/480 528/528/528
f 479/479/479 528/528/528 527/527/527
f 480/480/480 481/481/481 529/529/529
f 480/480/480 529/529/529 528/528/528
f 481/481/481 434/434/434 482/482/482
f 481/481/481 482/482/482 529/529/529
f 482/482/482 483/483/483 531/531/531
f 482/482/482 531/531/531 530/530/530
f 483/483/483 484/484/484 532/532/532
f 483/483/483 532/532/532 531/531/531
f 484/484/484 485/485/485 533/533/533
f 484/484/484 533/533/533 532/532/532
f 485/485/485 486/486/486 534/534/534
f 485/485/485 534/534/534 533/533/533
f 486/486/486 487/487/487 535/535/535
f 486/486/486 535/535/535 534/534/534
f 487/487/487 488/488/488 536/536/536
f 487/487/487 536/536/536 535/535/535
f 488/488/488 489/489/489 537/537/537
f 488/488/488 537/537/537 536/536/536
f 489/489/489 490/490/490 538/538/538
f 489/489/489 538/538/538 537/537/537
f 490/490/490 491/491/491 539/539/539
f 490/490/490 539/539/539 538/538/538
f 491/491/491 492/492/492 540/540/540
f 491/491/491 540/540/540 539/539/539
f 492/492/492 493/493/493 541/541/541
f 492/492/492 541/541/541 540/540/540
f 493/493/493 494/494/494 542/542/542
f 493/493/493 542/542/542 541/541/541
f 494/494/494 495/495/495 543/543/543
f 494/494/494 543/543/543 542/542/542
f 495/495/495 496/496/496 544/544/544
f 495/495/495 544/544/544 543/543/543
f 496/496/496 497/497/497 545/545/545
f 496/496/496 545/545/545 544/544/544
f 497/497/497 498/498/498 546/546/546
f 497/497/497 546/546/546 545/545/545
f 498/498/498 499/499/499 547/547/547
f 498/498/498 547/547/547 546/546/546
f 499/499/499 500/500/500 548/548/548
f 499/499/499 548/548/548 547/547/547
f 500/500/500 501/501/501 549/549/549
f 500/500/500 549/549/549 548/548/548
f 501/501/501 502/502/502 550/550/550
f 501/501/501 550/550/550 549/549/549
f 502/502/502 503/503/503 551/551/551
f 502/502/502 551/551/551 550/550/550
f 503/503/503 504/504/504 552/552/552
f 503/503/503 552/552/552 551/551/551
f 504/504/504 505/505/505 553/553/553
f 504/504/504 553/553/553 552/552/552
f 505/505/505 506/506/506 554/554/554
f 505/505/505 554/554/554 553/553/553
f 506/506/506 507/507/507 555/555/555
f 506/506/506 555/555/555 554/554/554
f 507/507/507 508/508/508 556/556/556
f 507/507/507 556/556/556 555/555/555
f 508/508/508 509/509/509 557/557/557
f 508/508/508 557/557/557 556/556/556
f 509/509/509 510/510/510 558/558/558
f 509/509/509 558/558/558 557/557/557
f 510/510/510 511/511/511 559/559/559
f 510/510/510 559/559/559 558/558/558
f 511/511/511 512/512/512 560/560/560
f 511/511/511 560/560/560 559/559/559
f 512/512/512 513/513/513 561/561/561
f 512/512/512 561/561/561 560/560/560
f 513/513/513 514/514/514 562/562/562
f 513/513/513 562/562/562 561/561/561
f 514/514/514 515/515/515 563/563/563
f 514/514/514 563/563/563 562/562/562
f 515/515/515 516/516/516 564/564/564
f 515/515/515 564/564/564 563/563/563
f 516/516/516 517/517/517 565/565/565
f 516/516/516 565/565/565 564/564/564
f 517/517/517 518/518/518 566/566/566
f 517/517/517 566/566/566 565/565/565
f 518/518/518 519/519/519 567/567/567
f 518/518/518 567/567/567 566/566/566
f 519/519/519 520/520/520 568/568/568
f 519/519/519 568/568/568 567/567/567
f 520/520/520 521/521/521 569/569/569
f 520/520/520 569/569/569 568/568/568
f 521/521/521 522/522/522 570/570/570
f 521/521/521 570/570/570 569/569/569
f 522/522/522 523/523/523 571/571/571
f 522/522/522 571/571/571 570/570/570
f 523/523/523 524/524/524 572/572/572
f 523/523/523 572/572/572 571/571/571
f 524/524/524 525/525/525 573/573/573
f 524/524/524 573/573/573 572/572/572
f 525/525/525 526/526/526 574/574/574
f 525/525/525 574/574/574 573/573/573
f 526/526/526 527/527/527 575/575/575
f 526/526/526 575/575/575 574/574/574
f 527/527/527 528/528/528 576/576/576
f 527/527/527 576/576/576 575/575/575
f 528/528/528 529/529/529 577/577/577
f 528/528/528 577/577/577 576/576/576
f 529/529/529 482/482/482 530/530/530
f 529/529/529 530/530/530 577/577/577
f 530/530/530 531/531/531 579/579/579
f 530/530/530 579/579/579 578/578/578
f 531/531/531 532/532/532 580/580/580
f 531/531/531 580/580/580 579/579/579
f 532/532/532 533/533/533 581/581/581
f 532/532/532 581/581/581 580/580/580
f 533/533/533 534/534/534 582/582/582
f 533/533/533 582/582/582 581/581/581
f 534/534/534 535/535/535 583/583/583
f 534/534/534 583/583/583 582/582/582
f 535/535/535 536/536/536 584/584/584
f 535/535/535 584/584/584 583/583/583
f 536/536/536 537/537/537 585/585/585
f 536/536/536 585/585/585 584/584/584
f 537/537/537 538/538/538 586/586/586
f 537/537/537 586/586/586 585/585/585
f 538/538/538 539/539/539 587/587/587
f 538/538/538 587/587/587 586/586/586
f 539/539/539 540/540/540 588/588/588
f 539/539/539 588/588/588 587/587/587
f 540/540/540 541/541/541 589/589/589
f 540/540/540 589/589/589 588/588/588
f 541/541/541 542/542/542 590/590/590
f 541/541/541 590/590/590 589/589/589
f 542/542/542 543/543/543 591/591/591
f 542/542/542 591/591/591 590/590/590
f 543/543/543 544/544/544 592/592/592
f 543/543/543 592/592/592 591/591/591
f 544/544/544 545/545/545 593/593/593
f 544/544/544 593/593/593 592/592/592
f 545/545/545 546/546/546 594/594/594
f 545/545/545 594/594/594 593/593/593
f 546/546/546 547/547/547 595/595/595
f 546/546/546 595/595/595 594/594/594
f 547/547/547 548/548/548 596/596/596
f 547/547/547 596/596/596 595/595/595
f 548/548/548 549/549/549 597/597/597
f 548/548/548 597/597/597 596/596/596
f 549/549/549 550/550/550 598/598/598
f 549/549/549 598/598/598 597/597/597
f 550/550/550 551/551/551 599/599/599
f 550/550/550 599/599/599 598/598/598
f 551/551/551 552/552/552 600/600/600
f 551/551/551 600/600/600 599/599/599
f 552/552/552 553/553/553 601/601/601
f 552/552/552 601/601/601 600/600/600
f 553/553/553 554/554/554 602/602/602
f 553/553/553 602/602/602 601/601/601
f 554/554/554 555/555/555 603/603/603
f 554/554/554 603/603/603 602/602/602
f 555/555/555 556/556/556 604/604/604
f 555/555/555 604/604/604 603/603/603
f 556/556/556 557/557/557 605/605/605
f 556/556/556 605/605/605 604/604/604
f 557/557/557 558/558/558 606/606/606
f 557/557/557 606/606/606 605/605/605
f 558/558/558 559/559/559 607/607/607
f 558/558/558 607/607/607 606/606/606
f 559/559/559 560/560/560 608/608/608
f 559/559/559 608/608/608 607/607/607
f 560/560/560 561/561/561 609/609/609
f 560/560/560 609/609/609 608/608/608
f 561/561/561 562/562/562 610/610/610
f 561/561/561 610/610/610 609/609/609
f 562/562/562 563/563/563 611/611/611
f 562/562/562 611/611/611 610/610/610
f 563/563/563 564/564/564 612/612/612
f 563/563/563 612/612/612 611/611/611
f 564/564/564 565/565/565 613/613/613
f 564/564/564 613/613/613 612/612/612
f 565/565/565 566/566/566 614/614/614
f 565/565/565 614/614/614 613/613/613
f 566/566/566 567/567/567 615/615/615
f 566/566/566 615/615/615 614/614/614
f 567/567/567 568/568/568 616/616/616
f 567/567/567 616/616/616 615/615/615
f 568/568/568 569/569/569 617/617/617
f 568/568/568 617/617/617 616/616/616
f 569/569/569 570/570/570 618/618/618
f 569/569/569 618/618/618 617/617/617
f 570/570/570 571/571/571 619/619/619
f 570/570/570 619/619/619 618/618/618
f 571/571/571 572/572/572 620/620/620
f 571/571/571 620/620/620 619/619/619
f 572/572/572 573/573/573 621/621/621
f 572/572/572 621/621/621 620/620/620
f 573/573/573 574/574/574 622/622/622
f 573/573/573 622/622/622 621/621/621
f 574/574/574 575/575/575 623/623/623
f 574/574/574 623/623/623 622/622/622
f 575/575/575 576/576/576 624/624/624
f 575/575/575 624/624/624 623/623/623
f 576/576/576 577/577/577 625/625/625
f 576/576/576 625/625/625 624/624/624
f 577/577/577 530/530/530 578/578/578
f 577/577/577 578/578/578 625/625/625
f 578/578/578 579/579/579 627/627/627
f 578/578/578 627/627/627 626/626/626
f 579/579/579 580/580/580 628/628/628
f 579/579/579 628/628/628 627/627/627
f 580/580/580 581/581/581 629/629/629
f 580/580/580 629/629/629 628/628/628
f 581/581/581 582/582/582 630/630/630
f 581/581/581 630/630/630 629/629/629
f 582/582/582 583/583/583 631/631/631
f 582/582/582 631/631/631 630/630/630
f 583/583/583 584/584/584 632/632/632
f 583/583/583 632/632/632 631/631/631
f 584/584/584 585/585/585 633/633/633
f 584/584/584 633/633/633 632/632/632
f 585/585/585 586/586/586 634/634/634
f 585/585/585 634/634/634 633/633/633
f 586/586/586 587/587/587 635/635/635
f 586/586/586 635/635/635 634/634/634
f 587/587/587 588/588/588 636/636/636
f 587/587/587 636/636/636 635/635/635
f 588/588/588 589/589/589 637/637/637
f 588/588/588 637/637/637 636/636/636
f 589/589/589 590/590/590 638/638/638
f 589/589/589 638/638/638 637/637/637
f 590/590/590 591/591/591 639/639/639
f 590/590/590 639/639/639 638/638/638
f 591/591/591 592/592/592 640/640/640
f 591/591/591 640/640/640 639/639/639
f 592/592/592 593/593/593 641/641/641
f 592/592/592 641/641/641 640/640/640
f 593/593/593 594/594/594 642/642/642
f 593/593/593 642/642/642 641/641/641
f 594/594/594 595/595/595 643/643/643
f 594/594/594 643/643/643 642/642/642
f 595/595/595 596/596/596 644/644/644
f 595/595/595 644/644/644 643/643/643
f 596/596/596 597/597/597 645/645/645
f 596/596/596 645/645/645 644/644/644
f 597/597/597 598/598/598 646/646/646
f 597/597/597 646/646/646 645/645/645
f 598/598/598 599/599/599 647/647/647
f 598/598/598 647/647/647 646/646/646
f 599/599/599 600/600/600 648/648/648
f 599/599/599 648/648/648 647/647/647
f 600/600/600 601/601/601 649/649/649
f 600/600/600 649/649/649 648/648/648
f 601/601/601 602/602/602 650/650/650
f 601/601/601 650/650/650 649/649/649
f 602/602/602 603/603/603 651/651/651
f 602/602/602 651/651/651 650/650/650
f 603/603/603 604/604/604 652/652/652
f 603/603/603 652/652/652 651/651/651
f 604/604/604 605/605/605 653/653/653
f 604/604/604 653/653/653 652/652/652
f 605/605/605 606/606/606 654/654/654
f 605/605/605 654/654/654 653/653/653
f 606/606/606 607/607/607 655/655/655
f 606/606/606 655/655/655 654/654/654
f 607/607/607 608/608/608 656/656/656
f 607/607/607 656/656/656 655/655/655
f 608/608/608 609/609/609 657/657/657
f 608/608/608 657/657/657 656/656/656
f 609/609/609 610/610/610 658/658/658
f 609/609/609 658/658/658 657/657/657
f 610/610/610 611/611/611 659/659/659
f 610/610/610 659/659/659 658/658/658
f 611/611/611 612/612/612 660/660/660
f 611/611/611 660/660/660 659/659/659
f 612/612/612 613/613/613 661/661/661
f 612/612/612 661/661/661 660/660/660
f 613/613/613 614/614/614 662/662/662
f 613/613/613 662/662/662 661/661/661
f 614/614/614 615/615/615 663/663/663
f 614/614/614 663/663/663 662/662/662
f 615/615/615 616/616/616 664/664/664
f 615/615/615 664/664/664 663/663/663
f 616/616/616 617/617/617 665/665/665
f 616/616/616 665/665/665 664/664/664
f 617/617/617 618/618/618 666/666/666
f 617/617/617 666/666/666 665/665/665
f 618/618/618 619/619/619 667/667/667
f 618/618/618 667/667/667 666/666/666
f 619/619/619 620/620/620 668/668/668
f 619/619/619 668/668/668 667/667/667
f 620/620/620 621/621/621 669/669/669
f 620/620/620 669/669/669 668/668/668
f 621/621/621 622/622/622 670/670/670
f 621/621/621 670/670/670 669/669/669
f 622/622/622 623/623/623 671/671/671
f 622/622/622 671/671/671 670/670/670
f 623/623/623 624/624/624 672/672/672
f 623/623/623 672/672/672 671/671/671
f 624/624/624 625/625/625 673/673/673
f 624/624/624 673/673/673 672/672/672
f 625/625/625 578/578/578 626/626/626
f 625/625/625 626/626/626 673/673/673
f 626/626/626 627/627/627 675/675/675
f 626/626/626 675/675/675 674/674/674
f 627/627/627 628/628/628 676/676/676
f 627/627/627 676/676/676 675/675/675
f 628/628/628 629/629/629 677/677/677
f 628/628/628 677/677/677 676/676/676
f 629/629/629 630/630/630 678/678/678
f 629/629/629 678/678/678 677/677/677
f 630/630/630 631/631/631 679/679/679
f 630/630/630 679/679/679 678/678/678
f 631/631/631 632/632/632 680/680/680
f 631/631/631 680/680/680 679/679/679
f 632/632/632 633/633/633 681/681/681
f 632/632/632 681/681/681 680/680/680
f 633/633/633 634/634/634 682/682/682
f 633/633/633 682/682/682 681/681/681
f 634/634/634 635/635/635 683/683/683
f 634/634/634 683/683/683 682/682/682
f 635/635/635 636/636/636 684/684/684
f 635/635/635 684/684/684 683/683/683
f 636/636/636 637/637/637 685/685/685
f 636/636/636 685/685/685 684/684/684
f 637/637/637 638/638/638 686/686/686
f 637/637/637 686/686/686 685/685/685
f 638/638/638 639/639/639 687/687/687
f 638/638/638 687/687/687 686/686/686
f 639/639/639 640/640/640 688/688/688
f 639/639/639 688/688/688 687/687/687
f 640/640/640 641/641/641 689/689/689
f 640/640/640 689/689/689 688/688/688
f 641/641/641 642/642/642 690/690/690
f 641/641/641 690/690/690 689/689/689
f 642/642/642 643/643/643 691/691/691
f 642/642/642 691/691/691 690/690/690
f 643/643/643 644/644/644 692/692/692
f 643/643/643 692/692/692 691/691/691
f 644/644/644 645/645/645 693/693/693
f 644/644/644 693/693/693 692/692/692
f 645/645/645 646/646/646 694/694/694
f 645/645/645 694/694/694 693/693/693
f 646/646/646 647/647/647 695/695/695
f 646/646/646 695/695/695 694/694/694
f 647/647/647 648/648/648 696/696/696
f 647/647/647 696/696/696 695/695/695
f 648/648/648 649/649/649 697/697/697
f 648/648/648 697/697/697 696/696/696
f 649/649/649 650/650/650 698/698/698
f 649/649/649 698/698/698 697/697/697
f 650/650/650 651/651/651 699/699/699
f 650/650/650 699/699/699 698/698/698
f 651/651/651 652/652/652 700/700/700
f 651/651/651 700/700/700 699/699/699
f 652/652/652 653/653/653 701/701/701
f 652/652/652 701/701/701 700/700/700
f 653/653/653 654/654/654 702/702/702
f 653/653/653 702/702/702 701/701/701
f 654/654/654 655/655/655 703/703/703
f 654/654/654 703/703/703 702/702/702
f 655/655/655 656/656/656 704/704/704
f 655/655/655 704/704/704 703/703/703
f 656/656/656 657/657/657 705/705/705
f 656/656/656 705/705/705 704/704/704
f 657/657/657 658/658/658 706/706/706
f 657/657/657 706/706/706 705/705/705
f 658/658/658 659/659/659 707/707/707
f 658/658/658 707/707/707 706/706/706
f 659/659/659 660/660/660 708/708/708
f 659/659/659 708/708/708 707/707/707
f 660/660/660 661/661/661 709/709/709
f 660/660/660 709/709/709 708/708/708
f 661/661/661 662/662/662 710/710/710
f 661/661/661 710/710/710 709/709/709
f 662/662/662 663/663/663 711/711/711
f 662/662/662 711/711/711 710/710/710
f 663/663/663 664/664/664 712/712/712
f 663/663/663 712/712/712 711/711/711
f 664/664/664 665/665/665 713/713/713
f 664/664/664 713/713/713 712/712/712
f 665/665/665 666/666/666 714/714/714
f 665/665/665 714/714/714 713/713/713
f 666/666/666 667/667/667 715/715/715
f 666/666/666 715/715/715 714/714/714
f 667/667/667 668/668/668 716/716/716
f 667/667/667 716/716/716 715/715/715
f 668/668/668 669/669/669 717/717/717
f 668/668/668 717/717/717 716/716/716
f 669/669/669 670/670/670 718/718/718
f 669/669/669 718/718/718 717/717/717
f 670/670/670 671/671/671 719/719/719
f 670/670/670 719/719/719 718/718/718
f 671/671/671 672/672/672 720/720/720
f 671/671/671 720/720/720 719/719/719
f 672/672/672 673/673/673 721/721/721
f 672/672/672 721/721/721 720/720/720
f 673/673/673 626/626/626 674/674/674
f 673/673/673 674/674/674 721/721/721
f 674/674/674 675/675/675 723/723/723
f 674/674/674 723/723/723 722/722/722
f 675/675/675 676/676/676 724/724/724
f 675/675/675 724/724/724 723/723/723
f 676/676/676 677/677/677 725/725/725
f 676/676/676 725/725/725 724/724/724
f 677/677/677 678/678/678 726/726/726
f 677/677/677 726/726/726 725/725/725
f 678/678/678 679/679/679 727/727/727
f 678/678/678 727/727/727 726/726/726
f 679/679/679 680/680/680 728/728/728
f 679/679/679 728/728/728 727/727/727
f 680/680/680 681/681/681 729/729/729
f 680/680/680 729/729/729 728/728/728
f 681/681/681 682/682/682 730/730/730
f 681/681/681 730/730/730 729/729/729
f 682/682/682 683/683/683 731/731/731
f 682/682/682 731/731/731 730/730/730
f 683/683/683 684/684/684 732/732/732
f 683/683/683 732/732/732 731/731/731
f 684/684/684 685/685/685 733/733/733
f 684/684/684 733/733/733 732/732/732
f 685/685/685 686/686/686 734/734/734
f 685/685/685 734/734/734 733/733/733
f 686/686/686 687/687/687 735/735/735
f 686/686/686 735/735/735 734/734/734
f 687/687/687 688/688/688 736/736/736
f 687/687/687 736/736/736 735/735/735
f 688/688/688 689/689/689 737/737/737
f 688/688/688 737/737/737 736/736/736
f 689/689/689 690/690/690 738/738/738
f 689/689/689 738/738/738 737/737/737
f 690/690/690 691/691/691 739/739/739
f 690/690/690 739/739/739 738/738/738
f 691/691/691 692/692/692 740/740/740
f 691/691/691 740/740/740 739/739/739
f 692/692/692 693/693/693 741/741/741
f 692/692/692 741/741/741 740/740/740
f 693/693/693 694/694/694 742/742/742
f 693/693/693 742/742/742 741/741/741
f 694/694/694 695/695/695 743/743/743
f 694/694/694 743/743/743 742/742/742
f 695/695/695 696/696/696 744/744/744
f 695/695/695 744/744/744 743/743/743
f 696/696/696 697/697/697 745/745/745
f 696/696/696 745/745/745 744/744/744
f 697/697/697 698/698/698 746/746/746
f 697/697/697 746/746/746 745/745/745
f 698/698/698 699/699/699 747/747/747
f 698/698/698 747/747/747 746/746/746
f 699/699/699 700/700/700 748/748/748
f 699/699/699 748/748/748 747/747/747
f 700/700/700 701/701/701 749/749/749
f 700/700/700 749/749/749 748/748/748
f 701/701/701 702/702/702 750/750/750
f 701/701/701 750/750/750 749/749/749
f 702/702/702 703/703/703 751/751/751
f 702/702/702 751/751/751 750/750/750
f 703/703/703 704/704/704 752/752/752
f 703/703/703 752/752/752 751/751/751
f 704/704/704 705/705/705 753/753/753
f 704/704/704 753/753/753 752/752/752
f 705/705/705 706/706/706 754/754/754
f 705/705/705 754/754/754 753/753/753
f 706/706/706 707/707/707 755/755/755
f 706/706/706 755/755/755 754/754/754
f 707/707/707 708/708/708 756/756/756
f 707/707/707 756/756/756 755/755/755
f 708/708/708 709/709/709 757/757/757
f 708/708/708 757/757/757 756/756/756
f 709/709/709 710/710/710 758/758/758
f 709/709/709 758/758/758 757/757/757
f 710/710/710 711/711/711 759/759/759
f 710/710/710 759/759/759 758/758/758
f 711/711/711 712/712/712 760/760/760
f 711/711/711 760/760/760 759/759/759
f 712/712/712 713/713/713 761/761/761
f 712/712/712 761/761/761 760/760/760
f 713/713/713 714/714/714 762/762/762
f 713/713/713 762/762/762 761/761/761
f 714/714/714 715/715/715 763/763/763
f 714/714/714 763/763/763 762/762/762
f 715/715/715 716/716/716 764/764/764
f 715/715/715 764/764/764 763/763/763
f 716/716/716 717/717/717 765/765/765
f 716/716/716 765/765/765 764/764/764
f 717/717/717 718/718/718 766/766/766
f 717/717/717 766/766/766 765/765/765
f 718/718/718 719/719/719 767/767/767
f 718/718/718 767/767/767 766/766/766
f 719/719/719 720/720/720 768/768/768
f 719/719/719 768/768/768 767/767/767
f 720/720/720 721/721/721 769/769/769
f 720/720/720 769/769/769 768/768/768
f 721/721/721 674/674/674 722/722/722
f 721/721/721 722/722/722 769/769/769
f 722/722/722 723/723/723 771/771/771
f 722/722/722 771/771/771 770/770/770
f 723/723/723 724/724/724 772/772/772
f 723/723/723 772/772/772 771/771/771
f 724/724/724 725/725/725 773/773/773
f 724/724/724 773/773/773 772/772/772
f 725/725/725 726/726/726 774/774/774
f 725/725/725 774/774/774 773/773/773
f 726/726/726 727/727/727 775/775/775
f 726/726/726 775/775/775 774/774/774
f 727/727/727 728/728/728 776/776/776
f 727/727/727 776/776/776 775/775/775
f 728/728/728 729/729/729 777/777/777
f 728/728/728 777/777/777 776/776/776
f 729/729/729 730/730/730 778/778/778
f 729/729/729 778/778/778 777/777/777
f 730/730/730 731/731/731 779/779/779
f 730/730/730 779/779/779 778/778/778
f 731/731/731 732/732/732 780/780/780
f 731/731/731 780/780/780 779/779/779
f 732/732/732 733/733/733 781/781/781
f 732/732/732 781/781/781 780/780/780
f 733/733/733 734/734/734 782/782/782
f 733/733/733 782/782/782 781/781/781
f 734/734/734 735/735/735 783/783/783
f 734/734/734 783/783/783 782/782/782
f 735/735/735 736/736/736 784/784/784
f 735/735/735 784/784/784 783/783/783
f 736/736/736 737/737/737 785/785/785
f 736/736/736 785/785/785 784/784/784
f 737/737/737 738/738/738 786/786/786
f 737/737/737 786/786/786 785/785/785
f 738/738/738 739/739/739 787/787/787
f 738/738/738 787/787/787 786/786/786
f 739/739/739 740/740/740 788/788/788
f 739/739/739 788/788/788 787/787/787
f 740/740/740 741/741/741 789/789/789
f 740/740/740 789/789/789 788/788/788
f 741/741/741 742/742/742 790/790/790
f 741/741/741 790/790/790 789/789/789
f 742/742/742 743/743/743 791/791/791
f 742/742/742 791/791/791 790/790/790
f 743/743/743 744/744/744 792/792/792
f 743/743/743 792/792/792 791/791/791
f 744/744/744 745/745/745 793/793/793
f 744/744/744 793/793/793 792/792/792
f 745/745/745 746/746/746 794/794/794
f 745/745/745 794/794/794 793/793/793
f 746/746/746 747/747/747 795/795/795
f 746/746/746 795/795/795 794/794/794
f 747/747/747 748/748/748 796/796/796
f 747/747/747 796/796/796 795/795/795
f 748/748/748 749/749/749 797/797/797
f 748/748/748 797/797/797 796/796/796
f 749/749/749 750/750/750 798/798/798
f 749/749/749 798/798/798 797/797/797
f 750/750/750 751/751/751 799/799/799
f 750/750/750 799/799/799 798/798/798
f 751/751/751 752/752/752 800/800/800
f 751/751/751 800/800/800 799/799/799
f 752/752/752 753/753/753 801/801/801
f 752/752/752 801/801/801 800/800/800
f 753/753/753 754/754/754 802/802/802
f 753/753/753 802/802/802 801/801/801
f 754/754/754 755/755/755 803/803/803
f 754/754/754 803/803/803 802/802/802
f 755/755/755 756/756/756 804/804/804
f 755/755/755 804/804/804 803/803/803
f 756/756/756 757/757/757 805/805/805
f 756/756/756 805/805/805 804/804/804
f 757/757/757 758/758/758 806/806/806
f 757/757/757 806/806/806 805/805/805
f 758/758/758 759/759/759 807/807/807
f 758/758/758 807/807/807 806/806/806
f 759/759/759 760/760/760 808/808/808
f 759/759/759 808/808/808 807/807/807
f 760/760/760 761/761/761 809/809/809
f 760/760/760 809/809/809 808/808/808
f 761/761/761 762/762/762 810/810/810
f 761/761/761 810/810/810 809/809/809
f 762/762/762 763/763/763 811/811/811
f 762/762/762 811/811/811 810/810/810
f 763/763/763 764/764/764 812/812/812
f 763/763/763 812/812/812 811/811/811
f 764/764/764 765/765/765 813/813/813
f 764/764/764 813/813/813 812/812/812
f 765/765/765 766/766/766 814/814/814
f 765/765/765 814/814/814 813/813/813
f 766/766/766 767/767/767 815/815/815
f 766/766/766 815/815/815 814/814/814
f 767/767/767 768/768/768 816/816/816
f 767/767/767 816/816/816 815/815/815
f 768/768/768 769/769/769 817/817/817
f 768/768/768 817/817/817 816/816/816
f 769/769/769 722/722/722 770/770/770
f 769/769/769 770/770/770 817/817/817
f 770/770/770 771/771/771 819/819/819
f 770/770/770 819/819/819 818/818/818
f 771/771/771 772/772/772 820/820/820
f 771/771/771 820/820/820 819/819/819
f 772/772/772 773/773/773 821/821/821
f 772/772/772 821/821/821 820/820/820
f 773/773/773 774/774/774 822/822/822
f 773/773/773 822/822/822 821/821/821
f 774/774/774 775/775/775 823/823/823
f 774/774/774 823/823/823 822/822/822
f 775/775/775 776/776/776 824/824/824
f 775/775/775 824/824/824 823/823/823
f 776/776/776 777/777/777 825/825/825
f 776/776/776 825/825/825 824/824/824
f 777/777/777 778/778/778 826/826/826
f 777/777/777 826/826/826 825/825/825
f 778/778/778 779/779/779 827/827/827
f 778/778/778 827/827/827 826/826/826
f 779/779/779 780/780/780 828/828/828
f 779/779/779 828/828/828 827/827/827
f 780/780/780 781/781/781 829/829/829
f 780/780/780 829/829/829 828/828/828
f 781/781/781 782/782/782 830/830/830
f 781/781/781 830/830/830 829/829/829
f 782/782/782 783/783/783 831/831/831
f 782/782/782 831/831/831 830/830/830
f 783/783/783 784/784/784 832/832/832
f 783/783/783 832/832/832 831/831/831
f 784/784/784 785/785/785 833/833/833
f 784/784/784 833/833/833 832/832/832
f 785/785/785 786/786/786 834/834/834
f 785/785/785 834/834/834 833/833/833
f 786/786/786 787/787/787 835/835/835
f 786/786/786 835/835/835 834/834/834
f 787/787/787 788/788/788 836/836/836
f 787/787/787 836/836/836 835/835/835
f 788/788/788 789/789/789 837/837/837
f 788/788/788 837/837/837 836/836/836
f 789/789/789 790/790/790 838/838/838
f 789/789/789 838/838/838 837/837/837
f 790/790/790 791/791/791 839/839/839
f 790/790/790 839/839/839 838/838/838
f 791/791/791 792/792/792 840/840/840
f 791/791/791 840/840/840 839/839/839
f 792/792/792 793/793/793 841/841/841
f 792/792/792 841/841/841 840/840/840
f 793/793/793 794/794/794 842/842/842
f 793/793/793 842/842/842 841/841/841
f 794/794/794 795/795/795 843/843/843
f 794/794/794 843/843/843 842/842/842
f 795/795/795 796/796/796 844/844/844
f 795/795/795 844/844/844 843/843/843
f 796/796/796 797/797/797 845/845/845
f 796/796/796 845/845/845 844/844/844
f 797/797/797 798/798/798 846/846/846
f 797/797/797 846/846/846 845/845/845
f 798/798/798 799/799/799 847/847/847
f 798/798/798 847/847/847 846/846/846
f 799/799/799 800/800/800 848/848/848
f 799/799/799 848/848/848 847/847/847
f 800/800/800 801/801/801 849/849/849
f 800/800/800 849/849/849 848/848/848
f 801/801/801 802/802/802 850/850/850
f 801/801/801 850/850/850 849/849/849
f 802/802/802 803/803/803 851/851/851
f 802/802/802 851/851/851 850/850/850
f 803/803/803 804/804/804 852/852/852
f 803/803/803 852/852/852 851/851/851
f 804/804/804 805/805/805 853/853/853
f 804/804/804 853/853/853 852/852/852
f 805/805/805 806/806/806 854/854/854
f 805/805/805 854/854/854 853/853/853
f 806/806/806 807/807/807 855/855/855
f 806/806/806 855/855/855 854/854/854
f 807/807/807 808/808/808 856/856/856
f 807/807/807 856/856/856 855/855/855
f 808/808/808 809/809/809 857/857/857
f 808/808/808 857/857/857 856/856/856
f 809/809/809 810/810/810 858/858/858
f 809/809/809 858/858/858 857/857/857
f 810/810/810 811/811/811 859/859/859
f 810/810/810 859/859/859 858/858/858
f 811/811/811 812/812/812 860/860/860
f 811/811/811 860/860/860 859/859/859
f 812/812/812 813/813/813 861/861/861
f 812/812/812 861/861/861 860/860/860
f 813/813/813 814/814/814 862/862/862
f 813/813/813 862/862/862 861/861/861
f 814/814/814 815/815/815 863/863/863
f 814/814/814 863/863/863 862/862/862
f 815/815/815 816/816/816 864/864/864
f 815/815/815 864/864/864 863/863/863
f 816/816/816 817/817/817 865/865/865
f 816/816/816 865/865/865 864/864/864
f 817/817/817 770/770/770 818/818/818
f 817/817/817 818/818/818 865/865/865
f 818/818/818 819/819/819 867/867/867
f 818/818/818 867/867/867 866/866/866
f 819/819/819 820/820/820 868/868/868
f 819/819/819 868/868/868 867/867/867
f 820/820/820 821/821/821 869/869/869
f 820/820/820 869/869/869 868/868/868
f 821/821/821 822/822/822 870/870/870
f 821/821/821 870/870/870 869/869/869
f 822/822/822 823/823/823 871/871/871
f 822/822/822 871/871/871 870/870/870
f 823/823/823 824/824/824 872/872/872
f 823/823/823 872/872/872 871/871/871
f 824/824/824 825/825/825 873/873/873
f 824/824/824 873/873/873 872/872/872
f 825/825/825 826/826/826 874/874/874
f 825/825/825 874/874/874 873/873/873
f 826/826/826 827/827/827 875/875/875
f 826/826/826 875/875/875 874/874/874
f 827/827/827 828/828/828 876/876/876
f 827/827/827 876/876/876 875/875/875
f 828/828/828 829/829/829 877/877/877
f 828/828/828 877/877/877 876/876/876
f 829/829/829 830/830/830 878/878/878
f 829/829/829 878/878/878 877/877/877
f 830/830/830 831/831/831 879/879/879
f 830/830/830 879/879/879 878/878/878
f 831/831/831 832/832/832 880/880/880
f 831/831/831 880/880/880 879/879/879
f 832/832/832 833/833/833 881/881/881
f 832/832/832 881/881/881 880/880/880
f 833/833/833 834/834/834 882/882/882
f 833/833/833 882/882/882 881/881/881
f 834/834/834 835/835/835 883/883/883
f 834/834/834 883/883/883 882/882/882
f 835/835/835 836/836/836 884/884/884
f 835/835/835 884/884/884 883/883/883
f 836/836/836 837/837/837 885/885/885
f 836/836/836 885/885/885 884/884/884
f 837/837/837 838/838/838 886/886/886
f 837/837/837 886/886/886 885/885/885
f 838/838/838 839/839/839 887/887/887
f 838/838/838 887/887/887 886/886/886
f 839/839/839 840/840/840 888/888/888
f 839/839/839 888/888/888 887/887/887
f 840/840/840 841/841/841 889/889/889
f 840/840/840 889/889/889 888/888/888
f 841/841/841 842/842/842 890/890/890
f 841/841/841 890/890/890 889/889/889
f 842/842/842 843/843/843 891/891/891
f 842/842/842 891/891/891 890/890/890
f 843/843/843 844/844/844 892/892/892
f 843/843/843 892/892/892 891/891/891
f 844/844/844 845/845/845 893/893/893
f 844/844/844 893/893/893 892/892/892
f 845/845/845 846/846/846 894/894/894
f 845/845/845 894/894/894 893/893/893
f 846/846/846 847/847/847 895/895/895
f 846/846/846 895/895/895 894/894/894
f 847/847/847 848/848/848 896/896/896
f 847/847/847 896/896/896 895/895/895
f 848/848/848 849/849/849 897/897/897
f 848/848/848 897/897/897 896/896/896
f 849/849/849 850/850/850 898/898/898
f 849/849/849 898/898/898 897/897/897
f 850/850/850 851/851/851 899/899/899
f 850/850/850 899/899/899 898/898/898
f 851/851/851 852/852/852 900/900/900
f 851/851/851 900/900/900 899/899/899
f 852/852/852 853/853/853 901/901/901
f 852/852/852 901/901/901 900/900/900
f 853/853/853 854/854/854 902/902/902
f 853/853/853 902/902/902 901/901/901
f 854/854/854 855/855/855 903/903/903
f 854/854/854 903/903/903 902/902/902
f 855/855/855 856/856/856 904/904/904
f 855/855/855 904/904/904 903/903/903
f 856/856/856 857/857/857 905/905/905
f 856/856/856 905/905/905 904/904/904
f 857/857/857 858/858/858 906/906/906
f 857/857/857 906/906/906 905/905/905
f 858/858/858 859/859/859 907/907/907
f 858/858/858 907/907/907 906/906/906
f 859/859/859 860/860/860 908/908/908
f 859/859/859 908/908/908 907/907/907
f 860/860/860 861/861/861 909/909/909
f 860/860/860 909/909/909 908/908/908
f 861/861/861 862/862/862 910/910/910
f 861/861/861 910/910/910 909/909/909
f 862/862/862 863/863/863 911/911/911
f 862/862/862 911/911/911 910/910/910
f 863/863/863 864/864/864 912/912/912
f 863/863/863 912/912/912 911/911/911
f 864/864/864 865/865/865 913/913/913
f 864/864/864 913/913/913 912/912/912
f 865/865/865 818/818/818 866/866/866
f 865/865/865 866/866/866 913/913/913
f 866/866/866 867/867/867 915/915/915
f 866/866/866 915/915/915 914/914/914
f 867/867/867 868/868/868 916/916/916
f 867/867/867 916/916/916 915/915/915
f 868/868/868 869/869/869 917/917/917
f 868/868/868 917/917/917 916/916/916
f 869/869/869 870/870/870 918/918/918
f 869/869/869 918/918/918 917/917/917
f 870/870/870 871/871/871 919/919/919
f 870/870/870 919/919/919 918/918/918
f 871/871/871 872/872/872 920/920/920
f 871/871/871 920/920/920 919/919/919
f 872/872/872 873/873/873 921/921/921
f 872/872/872 921/921/921 920/920/920
f 873/873/873 874/874/874 922/922/922
f 873/873/873 922/922/922 921/921/921
f 874/874/874 875/875/875 923/923/923
f 874/874/874 923/923/923 922/922/922
f 875/875/875 876/876/876 924/924/924
f 875/875/875 924/924/924 923/923/923
f 876/876/876 877/877/877 925/925/925
f 876/876/876 925/925/925 924/924/924
f 877/877/877 878/878/878 926/926/926
f 877/877/877 926/926/926 925/925/925
f 878/878/878 879/879/879 927/927/927
f 878/878/878 927/927/927 926/926/926
f 879/879/879 880/880/880 928/928/928
f 879/879/879 928/928/928 927/927/927
f 880/880/880 881/881/881 929/929/929
f 880/880/880 929/929/929 928/928/928
f 881/881/881 882/882/882 930/930/930
f 881/881/881 930/930/930 929/929/929
f 882/882/882 883/883/883 931/931/931
f 882/882/882 931/931/931 930/930/930
f 883/883/883 884/884/884 932/932/932
f 883/883/883 932/932/932 931/931/931
f 884/884/884 885/885/885 933/933/933
f 884/884/884 933/933/933 932/932/932
f 885/885/885 886/886/886 934/934/934
f 885/885/885 934/934/934 933/933/933
f 886/886/886 887/887/887 935/935/935
f 886/886/886 935/935/935 934/934/934
f 887/887/887 888/888/888 936/936/936
f 887/887/887 936/936/936 935/935/935
f 888/888/888 889/889/889 937/937/937
f 888/888/888 937/937/937 936/936/936
f 889/889/889 890/890/890 938/938/938
f 889/889/889 938/938/938 937/937/937
f 890/890/890 891/891/891 939/939/939
f 890/890/890 939/939/939 938/938/938
f 891/891/891 892/892/892 940/940/940
f 891/891/891 940/940/940 939/939/939
f 892/892/892 893/893/893 941/941/941
f 892/892/892 941/941/941 940/940/940
f 893/893/893 894/894/894 942/942/942
f 893/893/893 942/942/942 941/941/941
f 894/894/894 895/895/895 943/943/943
f 894/894/894 943/943/943 942/942/942
f 895/895/895 896/896/896 944/944/944
f 895/895/895 944/944/944 943/943/943
f 896/896/896 897/897/897 945/945/945
f 896/896/896 945/945/945 944/944/944
f 897/897/897 898/898/898 946/946/946
f 897/897/897 946/946/946 945/945/945
f 898/898/898 899/899/899 947/947/947
f 898/898/898 947/947/947 946/946/946
f 899/899/899 900/900/900 948/948/948
f 899/899/899 948/948/948 947/947/947
f 900/900/900 901/901/901 949/949/949
f 900/900/900 949/949/949 948/948/948
f 901/901/901 902/902/902 950/950/950
f 901/901/901 950/950/950 949/949/949
f 902/902/902 903/903/903 951/951/951
f 902/902/902 951/951/951 950/950/950
f 903/903/903 904/904/904 952/952/952
f 903/903/903 952/952/952 951/951/951
f 904/904/904 905/905/905 953/953/953
f 904/904/904 953/953/953 952/952/952
f 905/905/905 906/906/906 954/954/954
f 905/905/905 954/954/954 953/953/953
f 906/906/906 907/907/907 955/955/955
f 906/906/906 955/955/955 954/954/954
f 907/907/907 908/908/908 956/956/956
f 907/907/907 956/956/956 955/955/955
f 908/908/908 909/909/909 957/957/957
f 908/908/908 957/957/957 956/956/956
f 909/909/909 910/910/910 958/958/958
f 909/909/909 958/958/958 957/957/957
f 910/910/910 911/911/911 959/959/959
f 910/910/910 959/959/959 958/958/958
f 911/911/911 912/912/912 960/960/960
f 911/911/911 960/960/960 959/959/959
f 912/912/912 913/913/913 961/961/961
f 912/912/912 961/961/961 960/960/960
f 913/913/913 866/866/866 914/914/914
f 913/913/913 914/914/914 961/961/961
f 914/914/914 915/915/915 963/963/963
f 914/914/914 963/963/963 962/962/962
f 915/915/915 916/916/916 964/964/964
f 915/915/915 964/964/964 963/963/963
f 916/916/916 917/917/917 965/965/965
f 916/916/916 965/965/965 964/964/964
f 917/917/917 918/918/918 966/966/966
f 917/917/917 966/966/966 965/965/965
f 918/918/918 919/919/919 967/967/967
f 918/918/918 967/967/967 966/966/966
f 919/919/919 920/920/920 968/968/968
f 919/919/919 968/968/968 967/967/967
f 920/920/920 921/921/921 969/969/969
f 920/920/920 969/969/969 968/968/968
f 921/921/921 922/922/922 970/970/970
f 921/921/921 970/970/970 969/969/969
f 922/922/922 923/923/923 971/971/971
f 922/922/922 971/971/971 970/970/970
f 923/923/923 924/924/924 972/972/972
f 923/923/923 972/972/972 971/971/971
f 924/924/924 925/925/925 973/973/973
f 924/924/924 973/973/973 972/972/972
f 925/925/925 926/926/926 974/974/974
f 925/925/925 974/974/974 973/973/973
f 926/926/926 927/927/927 975/975/975
f 926/926/926 975/975/975 974/974/974
f 927/927/927 928/928/928 976/976/976
f 927/927/927 976/976/976 975/975/975
f 928/928/928 929/929/929 977/977/977
f 928/928/928 977/977/977 976/976/976
f 929/929/929 930/930/930 978/978/978
f 929/929/929 978/978/978 977/977/977
f 930/930/930 931/931/931 979/979/979
f 930/930/930 979/979/979 978/978/978
f 931/931/931 932/932/932 980/980/980
f 931/931/931 980/980/980 979/979/979
f 932/932/932 933/933/933 981/981/981
f 932/932/932 981/981/981 980/980/980
f 933/933/933 934/934/934 982/982/982
f 933/933/933 982/982/982 981/981/981
f 934/934/934 935/935/935 983/983/983
f 934/934/934 983/983/983 982/982/982
f 935/935/935 936/936/936 984/984/984
f 935/935/935 984/984/984 983/983/983
f 936/936/936 937/937/937 985/985/985
f 936/936/936 985/985/985 984/984/984
f 937/937/937 938/938/938 986/986/986
f 937/937/937 986/986/986 985/985/985
f 938/938/938 939/939/939 987/987/987
f 938/938/938 987/987/987 986/986/986
f 939/939/939 940/940/940 988/988/988
f 939/939/939 988/988/988 987/987/987
f 940/940/940 941/941/941 989/989/989
f 940/940/940 989/989/989 988/988/988
f 941/941/941 942/942/942 990/990/990
f 941/941/941 990/990/990 989/989/989
f 942/942/942 943/943/943 991/991/991
f 942/942/942 991/991/991 990/990/990
f 943/943/943 944/944/944 992/992/992
f 943/943/943 992/992/992 991/991/991
f 944/944/944 945/945/945 993/993/993
f 944/944/944 993/993/993 992/992/992
f 945/945/945 946/946/946 994/994/994
f 945/945/945 994/994/994 993/993/993
f 946/946/946 947/947/947 995/995/995
f 946/946/946 995/995/995 994/994/994
f 947/947/947 948/948/948 996/996/996
f 947/947/947 996/996/996 995/995/995
f 948/948/948 949/949/949 997/997/997
f 948/948/948 997/997/997 996/996/996
f 949/949/949 950/950/950 998/998/998
f 949/949/949 998/998/998 997/997/997
f 950/950/950 951/951/951 999/999/999
f 950/950/950 999/999/999 998/998/998
f 951/951/951 952/952/952 1000/1000/1000
f 951/951/951 1000/1000/1000 999/999/999
f 952/952/952 953/953/953 1001/1001/1001
f 952/952/952 1001/1001/1001 1000/1000/1000
f 953/953/953 954/954/954 1002/1002/1002
f 953/953/953 1002/1002/1002 1001/1001/1001
f 954/954/954 955/955/955 1003/1003/1003
f 954/954/954 1003/1003/1003 1002/1002/1002
f 955/955/955 956/956/956 1004/1004/1004
f 955/955/955 1004/1004/1004 1003/1003/1003
f 956/956/956 957/957/957 1005/1005/1005
f 956/956/956 1005/1005/1005 1004/1004/1004
f 957/957/957 958/958/958 1006/1006/1006
f 957/957/957 1006/1006/1006 1005/1005/1005
f 958/958/958 959/959/959 1007/1007/1007
f 958/958/958 1007/1007/1007 1006/1006/1006
f 959/959/959 960/960/960 1008/1008/1008
f 959/959/959 1008/1008/1008 1007/1007/1007
f 960/960/960 961/961/961 1009/1009/1009
f 960/960/960 1009/1009/1009 1008/1008/1008
f 961/961/961 914/914/914 962/962/962
f 961/961/961 962/962/962 1009/1009/1009
f 962/962/962 963/963/963 1011/1011/1011
f 962/962/962 1011/1011/1011 1010/1010/1010
f 963/963/963 964/964/964 1012/1012/1012
f 963/963/963 1012/1012/1012 1011/1011/1011
f 964/964/964 965/965/965 1013/1013/1013
f 964/964/964 1013/1013/1013 1012/1012/1012
f 965/965/965 966/966/966 1014/1014/1014
f 965/965/965 1014/1014/1014 1013/1013/1013
f 966/966/966 967/967/967 1015/1015/1015
f 966/966/966 1015/1015/1015 1014/1014/1014
f 967/967/967 968/968/968 1016/1016/1016
f 967/967/967 1016/1016/1016 1015/1015/1015
f 968/968/968 969/969/969 1017/1017/1017
f 968/968/968 1017/1017/1017 1016/1016/1016
f 969/969/969 970/970/970 1018/1018/1018
f 969/969/969 1018/1018/1018 1017/1017/1017
f 970/970/970 971/971/971 1019/1019/1019
f 970/970/970 1019/1019/1019 1018/1018/1018
f 971/971/971 972/972/972 1020/1020/1020
f 971/971/971 1020/1020/1020 1019/1019/1019
f 972/972/972 973/973/973 1021/1021/1021
f 972/972/972 1021/1021/1021 1020/1020/1020
f 973/973/973 974/974/974 1022/1022/1022
f 973/973/973 1022/1022/1022 1021/1021/1021
f 974/974/974 975/975/975 1023/1023/1023
f 974/974/974 1023/1023/1023 1022/1022/1022
f 975/975/975 976/976/976 1024/1024/1024
f 975/975/975 1024/1024/1024 1023/1023/1023
f 976/976/976 977/977/977 1025/1025/1025
f 976/976/976 1025/1025/1025 1024/1024/1024
f 977/977/977 978/978/978 1026/1026/1026
f 977/977/977 1026/1026/1026 1025/1025/1025
f 978/978/978 979/979/979 1027/1027/1027
f 978/978/978 1027/1027/1027 1026/1026/1026
f 979/979/979 980/980/980 1028/1028/1028
f 979/979/979 1028/1028/1028 1027/1027/1027
f 980/980/980 981/981/981 1029/1029/1029
f 980/980/980 1029/1029/1029 1028/1028/1028
f 981/981/981 982/982/982 1030/1030/1030
f 981/981/981 1030/1030/1030 1029/1029/1029
f 982/982/982 983/983/983 1031/1031/1031
f 982/982/982 1031/1031/1031 1030/1030/1030
f 983/983/983 984/984/984 1032/1032/1032
f 983/983/983 1032/1032/1032 1031/1031/1031
f 984/984/984 985/985/985 1033/1033/1033
f 984/984/984 1033/1033/1033 1032/1032/1032
f 985/985/985 986/986/986 1034/1034/1034
f 985/985/985 1034/1034/1034 1033/1033/1033
f 986/986/986 987/987/987 1035/1035/1035
f 986/986/986 1035/1035/1035 1034/1034/1034
f 987/987/987 988/988/988 1036/1036/1036
f 987/987/987 1036/1036/1036 1035/1035/1035
f 988/988/988 989/989/989 1037/1037/1037
f 988/988/988 1037/1037/1037 1036/1036/1036
f 989/989/989 990/990/990 1038/1038/1038
f 989/989/989 1038/1038/1038 1037/1037/1037
f 990/990/990 991/991/991 1039/1039/1039
f 990/990/990 1039/1039/1039 1038/1038/1038
f 991/991/991 992/992/992 1040/1040/1040
f 991/991/991 1040/1040/1040 1039/1039/1039
f 992/992/992 993/993/993 1041/1041/1041
f 992/992/992 1041/1041/1041 1040/1040/1040
f 993/993/993 994/994/994 1042/1042/1042
f 993/993/993 1042/1042/1042 1041/1041/1041
f 994/994/994 995/995/995 1043/1043/1043
f 994/994/994 1043/1043/1043 1042/1042/1042
f 995/995/995 996/996/996 1044/1044/1044
f 995/995/995 1044/1044/1044 1043/1043/1043
f 996/996/996 997/997/997 1045/1045/1045
f 996/996/996 1045/1045/1045 1044/1044/1044
f 997/997/997 998/998/998 1046/1046/1046
f 997/997/997 1046/1046/1046 1045/1045/1045
f 998/998/998 999/999/999 1047/1047/1047
f 998/998/998 1047/1047/1047 1046/1046/1046
f 999/999/999 1000/1000/1000 1048/1048/1048
f 999/999/999 1048/1048/1048 1047/1047/1047
f 1000/1000/1000 1001/1001/1001 1049/1049/1049
f 1000/1000/1000 1049/1049/1049 1048/1048/1048
f 1001/1001/1001 1002/1002/1002 1050/1050/1050
f 1001/1001/1001 1050/1050/1050 1049/1049/1049
f 1002/1002/1002 1003/1003/1003 1051/1051/1051
f 1002/1002/1002 1051/1051/1051 1050/1050/1050
f 1003/1003/1003 1004/1004/1004 1052/1052/1052
f 1003/1003/1003 1052/1052/1052 1051/1051/1051
f 1004/1004/1004 1005/1005/1005 1053/1053/1053
f 1004/1004/1004 1053/1053/1053 1052/1052/1052
f 1005/1005/1005 1006/1006/1006 1054/1054/1054
f 1005/1005/1005 1054/1054/1054 1053/1053/1053
f 1006/1006/1006 1007/1007/1007 1055/1055/1055
f 1006/1006/1006 1055/1055/1055 1054/1054/1054
f 1007/1007/1007 1008/1008/1008 1056/1056/1056
f 1007/1007/1007 1056/1056/1056 1055/1055/1055
f 1008/1008/1008 1009/1009/1009 1057/1057/1057
f 1008/1008/1008 1057/1057/1057 1056/1056/1056
f 1009/1009/1009 962/962/962 1010/1010/1010
f 1009/1009/1009 1010/1010/1010 1057/1057/1057
f 1010/1010/1010 1011/1011/1011 1059/1059/1059
f 1010/1010/1010 1059/1059/1059 1058/1058/1058
f 1011/1011/1011 1012/1012/1012 1060/1060/1060
f 1011/1011/1011 1060/1060/1060 1059/1059/1059
f 1012/1012/1012 1013/1013/1013 1061/1061/1061
f 1012/1012/1012 1061/1061/1061 1060/1060/1060
f 1013/1013/1013 1014/1014/1014 1062/1062/1062
f 1013/1013/1013 1062/1062/1062 1061/1061/1061
f 1014/1014/1014 1015/1015/1015 1063/1063/1063
f 1014/1014/1014 1063/1063/1063 1062/1062/1062
f 1015/1015/1015 1016/1016/1016 1064/1064/1064
f 1015/1015/1015 1064/1064/1064 1063/1063/1063
f 1016/1016/1016 1017/1017/1017 1065/1065/1065
f 1016/1016/1016 1065/1065/1065 1064/1064/1064
f 1017/1017/1017 1018/1018/1018 1066/1066/1066
f 1017/1017/1017 1066/1066/1066 1065/1065/1065
f 1018/1018/1018 1019/1019/1019 1067/1067/1067
f 1018/1018/1018 1067/1067/1067 1066/1066/1066
f 1019/1019/1019 1020/1020/1020 1068/1068/1068
f 1019/1019/1019 1068/1068/1068 1067/1067/1067
f 1020/1020/1020 1021/1021/1021 1069/1069/1069
f 1020/1020/1020 1069/1069/1069 1068/1068/1068
f 1021/1021/1021 1022/1022/1022 1070/1070/1070
f 1021/1021/1021 1070/1070/1070 1069/1069/1069
f 1022/1022/1022 1023/1023/1023 1071/1071/1071
f 1022/1022/1022 1071/1071/1071 1070/1070/1070
f 1023/1023/1023 1024/1024/1024 1072/1072/1072
f 1023/1023/1023 1072/1072/1072 1071/1071/1071
f 1024/1024/1024 1025/1025/1025 1073/1073/1073
f 1024/1024/1024 1073/1073/1073 1072/1072/1072
f 1025/1025/1025 1026/1026/1026 1074/1074/1074
f 1025/1025/1025 1074/1074/1074 1073/1073/1073
f 1026/1026/1026 1027/1027/1027 1075/1075/1075
f 1026/1026/1026 1075/1075/1075 1074/1074/1074
f 1027/1027/1027 1028/1028/1028 1076/1076/1076
f 1027/1027/1027 1076/1076/1076 1075/1075/1075
f 1028/1028/1028 1029/1029/1029 1077/1077/1077
f 1028/1028/1028 1077/1077/1077 1076/1076/1076
f 1029/1029/1029 1030/1030/1030 1078/1078/1078
f 1029/1029/1029 1078/1078/1078 1077/1077/1077
f 1030/1030/1030 1031/1031/1031 1079/1079/1079
f 1030/1030/1030 1079/1079/1079 1078/1078/1078
f 1031/1031/1031 1032/1032/1032 1080/1080/1080
f 1031/1031/1031 1080/1080/1080 1079/1079/1079
f 1032/1032/1032 1033/1033/1033 1081/1081/1081
f 1032/1032/1032 1081/1081/1081 1080/1080/1080
f 1033/1033/1033 1034/1034/1034 1082/1082/1082
f 1033/1033/1033 1082/1082/1082 1081/1081/1081
f 1034/1034/1034 1035/1035/1035 1083/1083/1083
f 1034/1034/1034 1083/1083/1083 1082/1082/1082
f 1035/1035/1035 1036/1036/1036 1084/1084/1084
f 1035/1035/1035 1084/1084/1084 1083/1083/1083
f 1036/1036/1036 1037/1037/1037 1085/1085/1085
f 1036/1036/1036 1085/1085/1085 1084/1084/1084
f 1037/1037/1037 1038/1038/1038 1086/1086/1086
f 1037/1037/1037 1086/1086/1086 1085/1085/1085
f 1038/1038/1038 1039/1039/1039 1087/1087/1087
f 1038/1038/1038 1087/1087/1087 1086/1086/1086
f 1039/1039/1039 1040/1040/1040 1088/1088/1088
f 1039/1039/1039 1088/1088/1088 1087/1087/1087
f 1040/1040/1040 1041/1041/1041 1089/1089/1089
f 1040/1040/1040 1089/1089/1089 1088/1088/1088
f 1041/1041/1041 1042/1042/1042 1090/1090/1090
f 1041/1041/1041 1090/1090/1090 1089/1089/1089
f 1042/1042/1042 1043/1043/1043 1091/1091/1091
f 1042/1042/1042 1091/1091/1091 1090/1090/1090
f 1043/1043/1043 1044/1044/1044 1092/1092/1092
f 1043/1043/1043 1092/1092/1092 1091/1091/1091
f 1044/1044/1044 1045/1045/1045 1093/1093/1093
f 1044/1044/1044 1093/1093/1093 1092/1092/1092
f 1045/1045/1045 1046/1046/1046 1094/1094/1094
f 1045/1045/1045 1094/1094/1094 1093/1093/1093
f 1046/1046/1046 1047/1047/1047 1095/1095/1095
f 1046/1046/1046 1095/1095/1095 1094/1094/1094
f 1047/1047/1047 1048/1048/1048 1096/1096/1096
f 1047/1047/1047 1096/1096/1096 1095/1095/1095
f 1048/1048/1048 1049/1049/1049 1097/1097/1097
f 1048/1048/1048 1097/1097/1097 1096/1096/1096
f 1049/1049/1049 1050/1050/1050 1098/1098/1098
f 1049/1049/1049 1098/1098/1098 1097/1097/1097
f 1050/1050/1050 1051/1051/1051 1099/1099/1099
f 1050/1050/1050 1099/1099/1099 1098/1098/1098
f 1051/1051/1051 1052/1052/1052 1100/1100/1100
f 1051/1051/1051 1100/1100/1100 1099/1099/1099
f 1052/1052/1052 1053/1053/1053 1101/1101/1101
f 1052/1052/1052 1101/1101/1101 1100/1100/1100
f 1053/1053/1053 1054/1054/1054 1102/1102/1102
f 1053/1053/1053 1102/1102/1102 1101/1101/1101
f 1054/1054/1054 1055/1055/1055 1103/1103/1103
f 1054/1054/1054 1103/1103/1103 1102/1102/1102
f 1055/1055/1055 1056/1056/1056 1104/1104/1104
f 1055/1055/1055 1104/1104/1104 1103/1103/1103
f 1056/1056/1056 1057/1057/1057 1105/1105/1105
f 1056/1056/1056 1105/1105/1105 1104/1104/1104
f 1057/1057/1057 1010/1010/1010 1058/1058/1058
f 1057/1057/1057 1058/1058/1058 1105/1105/1105
f 1106/1106/1106 1059/1059/1059 1058/1058/1058
f 1106/1106/1106 1060/1060/1060 1059/1059/1059
f 1106/1106/1106 1061/1061/1061 1060/1060/1060
f 1106/1106/1106 1062/1062/1062 1061/1061/1061
f 1106/1106/1106 1063/1063/1063 1062/1062/1062
f 1106/1106/1106 1064/1064/1064 1063/1063/1063
f 1106/1106/1106 1065/1065/1065 1064/1064/1064
f 1106/1106/1106 1066/1066/1066 1065/1065/1065
f 1106/1106/1106 1067/1067/1067 1066/1066/1066
f 1106/1106/1106 1068/1068/1068 1067/1067/1067
f 1106/1106/1106 1069/1069/1069 1068/1068/1068
f 1106/1106/1106 1070/1070/1070 1069/1069/1069
f 1106/1106/1106 1071/1071/1071 1070/1070/1070
f 1106/1106/1106 1072/1072/1072 1071/1071/1071
f 1106/1106/1106 1073/1073/1073 1072/1072/1072
f 1106/1106/1106 1074/1074/1074 1073/1073/1073
f 1106/1106/1106 1075/1075/1075 1074/1074/1074
f 1106/1106/1106 1076/1076/1076 1075/1075/1075
f 1106/1106/1106 1077/1077/1077 1076/1076/1076
f 1106/1106/1106 1078/1078/1078 1077/1077/1077
f 1106/1106/1106 1079/1079/1079 1078/1078/1078
f 1106/1106/1106 1080/1080/1080 1079/1079/1079
f 1106/1106/1106 1081/1081/1081 1080/1080/1080
f 1106/1106/1106 1082/1082/1082 1081/1081/1081
f 1106/1106/1106 1083/1083/1083 1082/1082/1082
f 1106/1106/1106 1084/1084/1084 1083/1083/1083
f 1106/1106/1106 1085/1085/1085 1084/1084/1084
f 1106/1106/1106 1086/1086/1086 1085/1085/1085
f 1106/1106/1106 1087/1087/1087 1086/1086/1086
f 1106/1106/1106 1088/1088/1088 1087/1087/1087
f 1106/1106/1106 1089/1089/1089 1088/1088/1088
f 1106/1106/1106 1090/1090/1090 1089/1089/1089
f 1106/1106/1106 1091/1091/1091 1090/1090/1090
f 1106/1106/1106 1092/1092/1092 1091/1091/1091
f 1106/1106/1106 1093/1093/1093 1092/1092/1092
f 1106/1106/1106 1094/1094/1094 1093/1093/1093
f 1106/1106/1106 1095/1095/1095 1094/1094/1094
f 1106/1106/1106 1096/1096/1096 1095/1095/1095
f 1106/1106/1106 1097/1097/1097 1096/1096/1096
f 1106/1106/1106 1098/1098/1098 1097/1097/1097
f 1106/1106/1106 1099/1099/1099 1098/1098/1098
f 1106/1106/1106 1100/1100/1100 1099/1099/1099
f 1106/1106/1106 1101/1101/1101 1100/1100/1100
f 1106/1106/1106 1102/1102/1102 1101/1101/1101
f 1106/1106/1106 1103/1103/1103 1102/1102/1102
f 1106/1106/1106 1104/1104/1104 1103/1103/1103
f 1106/1106/1106 1105/1105/1105 1104/1104/1104
f 1106/1106/1106 1058/1058/1058 1105/1105/1105
usemtl DiffuseOne
f 1107/1107/1107 1108/1108/1108 1109/1109/1109
f 1107/1107/1107 1109/1109/1109 1110/1110/1110
f 1107/1107/1107 1110/1110/1110 1111/1111/1111
f 1107/1107/1107 1111/1111/1111 1112/1112/1112
f 1107/1107/1107 1112/1112/1112 1113/1113/1113
f 1107/1107/1107 1113/1113/1113 1114/1114/1114
f 1107/1107/1107 1114/1114/1114 1115/1115/1115
f 1107/1107/1107 1115/1115/1115 1116/1116/1116
f 1107/1107/1107 1116/1116/1116 1117/1117/1117
f 1107/1107/1107 1117/1117/1117 1118/1118/1118
f 1107/1107/1107 1118/1118/1118 1119/1119/1119
f 1107/1107/1107 1119/1119/1119 1120/1120/1120
f 1107/1107/1107 1120/1120/1120 1121/1121/1121
f 1107/1107/1107 1121/1121/1121 1122/1122/1122
f 1107/1107/1107 1122/1122/1122 1123/1123/1123
f 1107/1107/1107 1123/1123/1123 1124/1124/1124
f 1107/1107/1107 1124/1124/1124 1125/1125/1125
f 1107/1107/1107 1125/1125/1125 1126/1126/1126
f 1107/1107/1107 1126/1126/1126 1127/1127/1127
f 1107/1107/1107 1127/1127/1127 1128/1128/1128
f 1107/1107/1107 1128/1128/1128 1129/1129/1129
f 1107/1107/1107 1129/1129/1129 1130/1130/1130
f 1107/1107/1107 1130/1130/1130 1131/1131/1131
f 1107/1107/1107 1131/1131/1131 1132/1132/1132
f 1107/1107/1107 1132/1132/1132 1133/1133/1133
f 1107/1107/1107 1133/1133/1133 1134/1134/1134
f 1107/1107/1107 1134/1134/1134 1135/1135/1135
f 1107/1107/1107 1135/1135/1135 1136/1136/1136
f 1107/1107/1107 1136/1136/1136 1137/1137/1137
f 1107/1107/1107 1137/1137/1137 1138/1138/1138
f 1107/1107/1107 1138/1138/1138 1139/1139/1139
f 1107/1107/1107 1139/1139/1139 1140/1140/1140
f 1107/1107/1107 1140/1140/1140 1141/1141/1141
f 1107/1107/1107 1141/1141/1141 1142/1142/1142
f 1107/1107/1107 1142/1142/1142 1143/1143/1143
f 1107/1107/1107 1143/1143/1143 1144/1144/1144
f 1107/1107/1107 1144/1144/1144 1145/1145/1145
f 1107/1107/1107 1145/1145/1145 1146/1146/1146
f 1107/1107/1107 1146/1146/1146 1147/1147/1147
f 1107/1107/1107 1147/1147/1147 1148/1148/1148
f 1107/1107/1107 1148/1148/1148 1149/1149/1149
f 1107/1107/1107 1149/1149/1149 1150/1150/1150
f 1107/1107/1107 1150/1150/1150 1151/1151/1151
f 1107/1107/1107 1151/1151/1151 1152/1152/1152
f 1107/1107/1107 1152/1152/1152 1153/1153/1153
f 1107/1107/1107 1153/1153/1153 1154/1154/1154
f 1107/1107/1107 1154/1154/1154 1155/1155/1155
f 1107/1107/1107 1155/1155/1155 1108/1108/1108
f 1108/1108/1108 1109/1109/1109 1157/1157/1157
f 1108/1108/1108 1157/1157/1157 1156/1156/1156
f 1109/1109/1109 1110/1110/1110 1158/1158/1158
f 1109/1109/1109 1158/1158/1158 1157/1157/1157
f 1110/1110/1110 1111/1111/1111 1159/1159/1159
f 1110/1110/1110 1159/1159/1159 1158/1158/1158
f 1111/1111/1111 1112/1112/1112 1160/1160/1160
f 1111/1111/1111 1160/1160/1160 1159/1159/1159
f 1112/1112/1112 1113/1113/1113 1161/1161/1161
f 1112/1112/1112 1161/1161/1161 1160/1160/1160
f 1113/1113/1113 1114/1114/1114 1162/1162/1162
f 1113/1113/1113 1162/1162/1162 1161/1161/1161
f 1114/1114/1114 1115/1115/1115 1163/1163/1163
f 1114/1114/1114 1163/1163/1163 1162/1162/1162
f 1115/1115/1115 1116/1116/1116 1164/1164/1164
f 1115/1115/1115 1164/1164/1164 1163/1163/1163
f 1116/1116/1116 1117/1117/1117 1165/1165/1165
f 1116/1116/1116 1165/1165/1165 1164/1164/1164
f 1117/1117/1117 1118/1118/1118 1166/1166/1166
f 1117/1117/1117 1166/1166/1166 1165/1165/1165
f 1118/1118/1118 1119/1119/1119 1167/1167/1167
f 1118/1118/1118 1167/1167/1167 1166/1166/1166
f 1119/1119/1119 1120/1120/1120 1168/1168/1168
f 1119/1119/1119 1168/1168/1168 1167/1167/1167
f 1120/1120/1120 1121/1121/1121 1169/1169/1169
f 1120/1120/1120 1169/1169/1169 1168/1168/1168
f 1121/1121/1121 1122/1122/1122 1170/1170/1170
f 1121/1121/1121 1170/1170/1170 1169/1169/1169
f 1122/1122/1122 1123/1123/1123 1171/1171/1171
f 1122/1122/1122 1171/1171/1171 1170/1170/1170
f 1123/1123/1123 1124/1124/1124 1172/1172/1172
f 1123/1123/1123 1172/1172/1172 1171/1171/1171
f 1124/1124/1124 1125/1125/1125 1173/1173/1173
f 1124/1124/1124 1173/1173/1173 1172/1172/1172
f 1125/1125/1125 1126/1126/1126 1174/1174/1174
f 1125/1125/1125 1174/1174/1174 1173/1173/1173
f 1126/1126/1126 1127/1127/1127 1175/1175/1175
f 1126/1126/1126 1175/1175/1175 1174/1174/1174
f 1127/1127/1127 1128/1128/1128 1176/1176/1176
f 1127/1127/1127 1176/1176/1176 1175/1175/1175
f 1128/1128/1128 1129/1129/1129 1177/1177/1177
f 1128/1128/1128 1177/1177/1177 1176/1176/1176
f 1129/1129/1129 1130/1130/1130 1178/1178/1178
f 1129/1129/1129 1178/1178/1178 1177/1177/1177
f 1130/1130/1130 1131/1131/1131 1179/1179/1179
f 1130/1130/1130 1179/1179/1179 1178/1178/1178
f 1131/1131/1131 1132/1132/1132 1180/1180/1180
f 1131/1131/1131 1180/1180/1180 1179/1179/1179
f 1132/1132/1132 1133/1133/1133 1181/1181/1181
f 1132/1132/1132 1181/1181/1181 1180/1180/1180
f 1133/1133/1133 1134/1134/1134 1182/1182/1182
f 1133/1133/1133 1182/1182/1182 1181/1181/1181
f 1134/1134/1134 1135/1135/1135 1183/1183/1183
f 1134/1134/1134 1183/1183/1183 1182/1182/1182
f 1135/1135/1135 1136/1136/1136 1184/1184/1184
f 1135/1135/1135 1184/1184/1184 1183/1183/1183
f 1136/1136/1136 1137/1137/1137 1185/1185/1185
f 1136/1136/1136 1185/1185/1185 1184/1184/1184
f 1137/1137/1137 1138/1138/1138 1186/1186/1186
f 1137/1137/1137 1186/1186/1186 1185/1185/1185
f 1138/1138/1138 1139/1139/1139 1187/1187/1187
f 1138/1138/1138 1187/1187/1187 1186/1186/1186
f 1139/1139/1139 1140/1140/1140 1188/1188/1188
f 1139/1139/1139 1188/1188/1188 1187/1187/1187
f 1140/1140/1140 1141/1141/1141 1189/1189/1189
f 1140/1140/1140 1189/1189/1189 1188/1188/1188
f 1141/1141/1141 1142/1142/1142 1190/1190/1190
f 1141/1141/1141 1190/1190/1190 1189/1189/1189
f 1142/1142/1142 1143/1143/1143 1191/1191/1191
f 1142/1142/1142 1191/1191/1191 1190/1190/1190
f 1143/1143/1143 1144/1144/1144 1192/1192/1192
f 1143/1143/1143 1192/1192/1192 1191/1191/1191
f 1144/1144/1144 1145/1145/1145 1193/1193/1193
f 1144/1144/1144 1193/1193/1193 1192/1192/1192
f 1145/1145/1145 1146/1146/1146 1194/1194/1194
f 1145/1145/1145 1194/1194/1194 1193/1193/1193
f 1146/1146/1146 1147/1147/1147 1195/1195/1195
f 1146/1146/1146 1195/1195/1195 1194/1194/1194
f 1147/1147/1147 1148/1148/1148 1196/1196/1196
f 1147/1147/1147 1196/1196/1196 1195/1195/1195
f 1148/1148/1148 1149/1149/1149 1197/1197/1197
f 1148/1148/1148 1197/1197/1197 1196/1196/1196
f 1149/1149/1149 1150/1150/1150 1198/1198/1198
f 1149/1149/1149 1198/1198/1198 1197/1197/1197
f 1150/1150/1150 1151/1151/1151 1199/1199/1199
f 1150/1150/1150 1199/1199/1199 1198/1198/1198
f 1151/1151/1151 1152/1152/1152 1200/1200/1200
f 1151/1151/1151 1200/1200/1200 1199/1199/1199
f 1152/1152/1152 1153/1153/1153 1201/1201/1201
f 1152/1152/1152 1201/1201/1201 1200/1200/1200
f 1153/1153/1153 1154/1154/1154 1202/1202/1202
f 1153/1153/1153 1202/1202/1202 1201/1201/1201
f 1154/1154/1154 1155/1155/1155 1203/1203/1203
f 1154/1154/1154 1203/1203/1203 1202/1202/1202
f 1155/1155/1155 1108/1108/1108 1156/1156/1156
f 1155/1155/1155 1156/1156/1156 1203/1203/1203
f 1156/1156/1156 1157/1157/1157 1205/1205/1205
f 1156/1156/1156 1205/1205/1205 1204/1204/1204
f 1157/1157/1157 1158/1158/1158 1206/1206/1206
f 1157/1157/1157 1206/1206/1206 1205/1205/1205
f 1158/1158/1158 1159/1159/1159 1207/1207/1207
f 1158/1158/1158 1207/1207/1207 1206/1206/1206
f 1159/1159/1159 1160/1160/1160 1208/1208/1208
f 1159/1159/1159 1208/1208/1208 1207/1207/1207
f 1160/1160/1160 1161/1161/1161 1209/1209/1209
f 1160/1160/1160 1209/1209/1209 1208/1208/1208
f 1161/1161/1161 1162/1162/1162 1210/1210/1210
f 1161/1161/1161 1210/1210/1210 1209/1209/1209
f 1162/1162/1162 1163/1163/1163 1211/1211/1211
f 1162/1162/1162 1211/1211/1211 1210/1210/1210
f 1163/1163/1163 1164/1164/1164 1212/1212/1212
f 1163/1163/1163 1212/1212/1212 1211/1211/1211
f 1164/1164/1164 1165/1165/1165 1213/1213/1213
f 1164/1164/1164 1213/1213/1213 1212/1212/1212
f 1165/1165/1165 1166/1166/1166 1214/1214/1214
f 1165/1165/1165 1214/1214/1214 1213/1213/1213
f 1166/1166/1166 1167/1167/1167 1215/1215/1215
f 1166/1166/1166 1215/1215/1215 1214/1214/1214
f 1167/1167/1167 1168/1168/1168 1216/1216/1216
f 1167/1167/1167 1216/1216/1216 1215/1215/1215
f 1168/1168/1168 1169/1169/1169 1217/1217/1217
f 1168/1168/1168 1217/1217/1217 1216/1216/1216
f 1169/1169/1169 1170/1170/1170 1218/1218/1218
f 1169/1169/1169 1218/1218/1218 1217/1217/1217
f 1170/1170/1170 1171/1171/1171 1219/1219/1219
f 1170/1170/1170 1219/1219/1219 1218/1218/1218
f 1171/1171/1171 1172/1172/1172 1220/1220/1220
f 1171/1171/1171 1220/1220/1220 1219/1219/1219
f 1172/1172/1172 1173/1173/1173 1221/1221/1221
f 1172/1172/1172 1221/1221/1221 1220/1220/1220
f 1173/1173/1173 1174/1174/1174 1222/1222/1222
f 1173/1173/1173 1222/1222/1222 1221/1221/1221
f 1174/1174/1174 1175/1175/1175 1223/1223/1223
f 1174/1174/1174 1223/1223/1223 1222/1222/1222
f 1175/1175/1175 1176/1176/1176 1224/1224/1224
f 1175/1175/1175 1224/1224/1224 1223/1223/1223
f 1176/1176/1176 1177/1177/1177 1225/1225/1225
f 1176/1176/1176 1225/1225/1225 1224/1224/1224
f 1177/1177/1177 1178/1178/1178 1226/1226/1226
f 1177/1177/1177 1226/1226/1226 1225/1225/1225
f 1178/1178/1178 1179/1179/1179 1227/1227/1227
f 1178/1178/1178 1227/1227/1227 1226/1226/1226
f 1179/1179/1179 1180/1180/1180 1228/1228/1228
f 1179/1179/1179 1228/1228/1228 1227/1227/1227
f 1180/1180/1180 1181/1181/1181 1229/1229/1229
f 1180/1180/1180 1229/1229/1229 1228/1228/1228
f 1181/1181/1181 1182/1182/1182 1230/1230/1230
f 1181/1181/1181 1230/1230/1230 1229/1229/1229
f 1182/1182/1182 1183/1183/1183 1231/1231/1231
f 1182/1182/1182 1231/1231/1231 1230/1230/1230
f 1183/1183/1183 1184/1184/1184 1232/1232/1232
f 1183/1183/1183 1232/1232/1232 1231/1231/1231
f 1184/1184/1184 1185/1185/1185 1233/1233/1233
f 1184/1184/1184 1233/1233/1233 1232/1232/1232
f 1185/1185/1185 1186/1186/1186 1234/1234/1234
f 1185/1185/1185 1234/1234/1234 1233/1233/1233
f 1186/1186/1186 1187/1187/1187 1235/1235/1235
f 1186/1186/1186 1235/1235/1235 1234/1234/1234
f 1187/1187/1187 1188/1188/1188 1236/1236/1236
f 1187/1187/1187 1236/1236/1236 1235/1235/1235
f 1188/1188/1188 1189/1189/1189 1237/1237/1237
f 1188/1188/1188 1237/1237/1237 1236/1236/1236
f 1189/1189/1189 1190/1190/1190 1238/1238/1238
f 1189/1189/1189 1238/1238/1238 1237/1237/1237
f 1190/1190/1190 1191/1191/1191 1239/1239/1239
f 1190/1190/1190 1239/1239/1239 1238/1238/1238
f 1191/1191/1191 1192/1192/1192 1240/1240/1240
f 1191/1191/1191 1240/1240/1240 1239/1239/1239
f 1192/1192/1192 1193/1193/1193 1241/1241/1241
f 1192/1192/1192 1241/1241/1241 1240/1240/1240
f 1193/1193/1193 1194/1194/1194 1242/1242/1242
f 1193/1193/1193 1242/1242/1242 1241/1241/1241
f 1194/1194/1194 1195/1195/1195 1243/1243/1243
f 1194/1194/1194 1243/1243/1243 1242/1242/1242
f 1195/1195/1195 1196/1196/1196 1244/1244/1244
f 1195/1195/1195 1244/1244/1244 1243/1243/1243
f 1196/1196/1196 1197/1197/1197 1245/1245/1245
f 1196/1196/1196 1245/1245/1245 1244/1244/1244
f 1197/1197/1197 1198/1198/1198 1246/1246/1246
f 1197/1197/1197 1246/1246/1246 1245/1245/1245
f 1198/1198/1198 1199/1199/1199 1247/1247/1247
f 1198/1198/1198 1247/1247/1247 1246/1246/1246
f 1199/1199/1199 1200/1200/1200 1248/1248/1248
f 1199/1199/1199 1248/1248/1248 1247/1247/1247
f 1200/1200/1200 1201/1201/1201 1249/1249/1249
f 1200/1200/1200 1249/1249/1249 1248/1248/1248
f 1201/1201/1201 1202/1202/1202 1250/1250/1250
f 1201/1201/1201 1250/1250/1250 1249/1249/1249
f 1202/1202/1202 1203/1203/1203 1251/1251/1251
f 1202/1202/1202 1251/1251/1251 1250/1250/1250
f 1203/1203/1203 1156/1156/1156 1204/1204/1204
f 1203/1203/1203 1204/1204/1204 1251/1251/1251
f 1204/1204/1204 1205/1205/1205 1253/1253/1253
f 1204/1204/1204 1253/1253/1253 1252/1252/1252
f 1205/1205/1205 1206/1206/1206 1254/1254/1254
f 1205/1205/1205 1254/1254/1254 1253/1253/1253
f 1206/1206/1206 1207/1207/1207 1255/1255/1255
f 1206/1206/1206 1255/1255/1255 1254/1254/1254
f 1207/1207/1207 1208/1208/1208 1256/1256/1256
f 1207/1207/1207 1256/1256/1256 1255/1255/1255
f 1208/1208/1208 1209/1209/1209 1257/1257/1257
f 1208/1208/1208 1257/1257/1257 1256/1256/1256
f 1209/1209/1209 1210/1210/1210 1258/1258/1258
f 1209/1209/1209 1258/1258/1258 1257/1257/1257
f 1210/1210/1210 1211/1211/1211 1259/1259/1259
f 1210/1210/1210 1259/1259/1259 1258/1258/1258
f 1211/1211/1211 1212/1212/1212 1260/1260/1260
f 1211/1211/1211 1260/1260/1260 1259/1259/1259
f 1212/1212/1212 1213/1213/1213 1261/1261/1261
f 1212/1212/1212 1261/1261/1261 1260/1260/1260
f 1213/1213/1213 1214/1214/1214 1262/1262/1262
f 1213/1213/1213 1262/1262/1262 1261/1261/1261
f 1214/1214/1214 1215/1215/1215 1263/1263/1263
f 1214/1214/1214 1263/1263/1263 1262/1262/1262
f 1215/1215/1215 1216/1216/1216 1264/1264/1264
f 1215/1215/1215 1264/1264/1264 1263/1263/1263
f 1216/1216/1216 1217/1217/1217 1265/1265/1265
f 1216/1216/1216 1265/1265/1265 1264/1264/1264
f 1217/1217/1217 1218/1218/1218 1266/1266/1266
f 1217/1217/1217 1266/1266/1266 1265/1265/1265
f 1218/1218/1218 1219/1219/1219 1267/1267/1267
f 1218/1218/1218 1267/1267/1267 1266/1266/1266
f 1219/1219/1219 1220/1220/1220 1268/1268/1268
f 1219/1219/1219 1268/1268/1268 1267/1267/1267
f 1220/1220/1220 1221/1221/1221 1269/1269/1269
f 1220/1220/1220 1269/1269/1269 1268/1268/1268
f 1221/1221/1221 1222/1222/1222 1270/1270/1270
f 1221/1221/1221 1270/1270/1270 1269/1269/1269
f 1222/1222/1222 1223/1223/1223 1271/1271/1271
f 1222/1222/1222 1271/1271/1271 1270/1270/1270
f 1223/1223/1223 1224/1224/1224 1272/1272/1272
f 1223/1223/1223 1272/1272/1272 1271/1271/1271
f 1224/1224/1224 1225/1225/1225 1273/1273/1273
f 1224/1224/1224 1273/1273/1273 1272/1272/1272
f 1225/1225/1225 1226/1226/1226 1274/1274/1274
f 1225/1225/1225 1274/1274/1274 1273/1273/1273
f 1226/1226/1226 1227/1227/1227 1275/1275/1275
f 1226/1226/1226 1275/1275/1275 1274/1274/1274
f 1227/1227/1227 1228/1228/1228 1276/1276/1276
f 1227/1227/1227 1276/1276/1276 1275/1275/1275
f 1228/1228/1228 1229/1229/1229 1277/1277/1277
f 1228/1228/1228 1277/1277/1277 1276/1276/1276
f 1229/1229/1229 1230/1230/1230 1278/1278/1278
f 1229/1229/1229 1278/1278/1278 1277/1277/1277
f 1230/1230/1230 1231/1231/1231 1279/1279/1279
f 1230/1230/1230 1279/1279/1279 1278/1278/1278
f 1231/1231/1231 1232/1232/1232 1280/1280/1280
f 1231/1231/1231 1280/1280/1280 1279/1279/1279
f 1232/1232/1232 1233/1233/1233 1281/1281/1281
f 1232/1232/1232 1281/1281/1281 1280/1280/1280
f 1233/1233/1233 1234/1234/1234 1282/1282/1282
f 1233/1233/1233 1282/1282/1282 1281/1281/1281
f 1234/1234/1234 1235/1235/1235 1283/1283/1283
f 1234/1234/1234 1283/1283/1283 1282/1282/1282
f 1235/1235/1235 1236/1236/1236 1284/1284/1284
f 1235/1235/1235 1284/1284/1284 1283/1283/1283
f 1236/1236/1236 1237/1237/1237 1285/1285/1285
f 1236/1236/1236 1285/1285/1285 1284/1284/1284
f 1237/1237/1237 1238/1238/1238 1286/1286/1286
f 1237/1237/1237 1286/1286/1286 1285/1285/1285
f 1238/1238/1238 1239/1239/1239 1287/1287/1287
f 1238/1238/1238 1287/1287/1287 1286/1286/1286
f 1239/1239/1239 1240/1240/1240 1288/1288/1288
f 1239/1239/1239 1288/1288/1288 1287/1287/1287
f 1240/1240/1240 1241/1241/1241 1289/1289/1289
f 1240/1240/1240 1289/1289/1289 1288/1288/1288
f 1241/1241/1241 1242/1242/1242 1290/1290/1290
f 1241/1241/1241 1290/1290/1290 1289/1289/1289
f 1242/1242/1242 1243/1243/1243 1291/1291/1291
f 1242/1242/1242 1291/1291/1291 1290/1290/1290
f 1243/1243/1243 1244/1244/1244 1292/1292/1292
f 1243/1243/1243 1292/1292/1292 1291/1291/1291
f 1244/1244/1244 1245/1245/1245 1293/1293/1293
f 1244/1244/1244 1293/1293/1293 1292/1292/1292
f 1245/1245/1245 1246/1246/1246 1294/1294/1294
f 1245/1245/1245 1294/1294/1294 1293/1293/1293
f 1246/1246/1246 1247/1247/1247 1295/1295/1295
f 1246/1246/1246 1295/1295/1295 1294/1294/1294
f 1247/1247/1247 1248/1248/1248 1296/1296/1296
f 1247/1247/1247 1296/1296/1296 1295/1295/1295
f 1248/1248/1248 1249/1249/1249 1297/1297/1297
f 1248/1248/1248 1297/1297/1297 1296/1296/1296
f 1249/1249/1249 1250/1250/1250 1298/1298/1298
f 1249/1249/1249 1298/1298/1298 1297/1297/1297
f 1250/1250/1250 1251/1251/1251 1299/1299/1299
f 1250/1250/1250 1299/1299/1299 1298/1298/1298
f 1251/1251/1251 1204/1204/1204 1252/1252/1252
f 1251/1251/1251 1252/1252/1252 1299/1299/1299
f 1252/1252/1252 1253/1253/1253 1301/1301/1301
f 1252/1252/1252 1301/1301/1301 1300/1300/1300
f 1253/1253/1253 1254/1254/1254 1302/1302/1302
f 1253/1253/1253 1302/1302/1302 1301/1301/1301
f 1254/1254/1254 1255/1255/1255 1303/1303/1303
f 1254/1254/1254 1303/1303/1303 1302/1302/1302
f 1255/1255/1255 1256/1256/1256 1304/1304/1304
f 1255/1255/1255 1304/1304/1304 1303/1303/1303
f 1256/1256/1256 1257/1257/1257 1305/1305/1305
f 1256/1256/1256 1305/1305/1305 1304/1304/1304
f 1257/1257/1257 1258/1258/1258 1306/1306/1306
f 1257/1257/1257 1306/1306/1306 1305/1305/1305
f 1258/1258/1258 1259/1259/1259 1307/1307/1307
f 1258/1258/1258 1307/1307/1307 1306/1306/1306
f 1259/1259/1259 1260/1260/1260 1308/1308/1308
f 1259/1259/1259 1308/1308/1308 1307/1307/1307
f 1260/1260/1260 1261/1261/1261 1309/1309/1309
f 1260/1260/1260 1309/1309/1309 1308/1308/1308
f 1261/1261/1261 1262/1262/1262 1310/1310/1310
f 1261/1261/1261 1310/1310/1310 1309/1309/1309
f 1262/1262/1262 1263/1263/1263 1311/1311/1311
f 1262/1262/1262 1311/1311/1311 1310/1310/1310
f 1263/1263/1263 1264/1264/1264 1312/1312/1312
f 1263/1263/1263 1312/1312/1312 1311/1311/1311
f 1264/1264/1264 1265/1265/1265 1313/1313/1313
f 1264/1264/1264 1313/1313/1313 1312/1312/1312
f 1265/1265/1265 1266/1266/1266 1314/1314/1314
f 1265/1265/1265 1314/1314/1314 1313/1313/1313
f 1266/1266/1266 1267/1267/1267 1315/1315/1315
f 1266/1266/1266 1315/1315/1315 1314/1314/1314
f 1267/1267/1267 1268/1268/1268 1316/1316/1316
f 1267/1267/1267 1316/1316/1316 1315/1315/1315
f 1268/1268/1268 1269/1269/1269 1317/1317/1317
f 1268/1268/1268 1317/1317/1317 1316/1316/1316
f 1269/1269/1269 1270/1270/1270 1318/1318/1318
f 1269/1269/1269 1318/1318/1318 1317/1317/1317
f 1270/1270/1270 1271/1271/1271 1319/1319/1319
f 1270/1270/1270 1319/1319/1319 1318/1318/1318
f 1271/1271/1271 1272/1272/1272 1320/1320/1320
f 1271/1271/1271 1320/1320/1320 1319/1319/1319
f 1272/1272/1272 1273/1273/1273 1321/1321/1321
f 1272/1272/1272 1321/1321/1321 1320/1320/1320
f 1273/1273/1273 1274/1274/1274 1322/1322/1322
f 1273/1273/1273 1322/1322/1322 1321/1321/1321
f 1274/1274/1274 1275/1275/1275 1323/1323/1323
f 1274/1274/1274 1323/1323/1323 1322/1322/1322
f 1275/1275/1275 1276/1276/1276 1324/1324/1324
f 1275/1275/1275 1324/1324/1324 1323/1323/1323
f 1276/1276/1276 1277/1277/1277 1325/1325/1325
f 1276/1276/1276 1325/1325/1325 1324/1324/1324
f 1277/1277/1277 1278/1278/1278 1326/1326/1326
f 1277/1277/1277 1326/1326/1326 1325/1325/1325
f 1278/1278/1278 1279/1279/1279 1327/1327/1327
f 1278/1278/1278 1327/1327/1327 1326/1326/1326
f 1279/1279/1279 1280/1280/1280 1328/1328/1328
f 1279/1279/1279 1328/1328/1328 1327/1327/1327
f 1280/1280/1280 1281/1281/1281 1329/1329/1329
f 1280/1280/1280 1329/1329/1329 1328/1328/1328
f 1281/1281/1281 1282/1282/1282 1330/1330/1330
f 1281/1281/1281 1330/1330/1330 1329/1329/1329
f 1282/1282/1282 1283/1283/1283 1331/1331/1331
f 1282/1282/1282 1331/1331/1331 1330/1330/1330
f 1283/1283/1283 1284/1284/1284 1332/1332/1332
f 1283/1283/1283 1332/1332/1332 1331/1331/1331
f 1284/1284/1284 1285/1285/1285 1333/1333/1333
f 1284/1284/1284 1333/1333/1333 1332/1332/1332
f 1285/1285/1285 1286/1286/1286 1334/1334/1334
f 1285/1285/1285 1334/1334/1334 1333/1333/1333
f 1286/1286/1286 1287/1287/1287 1335/1335/1335
f 1286/1286/1286 1335/1335/1335 1334/1334/1334
f 1287/1287/1287 1288/1288/1288 1336/1336/1336
f 1287/1287/1287 1336/1336/1336 1335/1335/1335
f 1288/1288/1288 1289/1289/1289 1337/1337/1337
f 1288/1288/1288 1337/1337/1337 1336/1336/1336
f 1289/1289/1289 1290/1290/1290 1338/1338/1338
f 1289/1289/1289 1338/1338/1338 1337/1337/1337
f 1290/1290/1290 1291/1291/1291 1339/1339/1339
f 1290/1290/1290 1339/1339/1339 1338/1338/1338
f 1291/1291/1291 1292/1292/1292 1340/1340/1340
f 1291/1291/1291 1340/1340/1340 1339/1339/1339
f 1292/1292/1292 1293/1293/1293 1341/1341/1341
f 1292/1292/1292 1341/1341/1341 1340/1340/1340
f 1293/1293/1293 1294/1294/1294 1342/1342/1342
f 1293/1293/1293 1342/1342/1342 1341/1341/1341
f 1294/1294/1294 1295/1295/1295 1343/1343/1343
f 1294/1294/1294 1343/1343/1343 1342/1342/1342
f 1295/1295/1295 1296/1296/1296 1344/1344/1344
f 1295/1295/1295 1344/1344/1344 1343/1343/1343
f 1296/1296/1296 1297/1297/1297 1345/1345/1345
f 1296/1296/1296 1345/1345/1345 1344/1344/1344
f 1297/1297/1297 1298/1298/1298 1346/1346/1346
f 1297/1297/1297 1346/1346/1346 1345/1345/1345
f 1298/1298/1298 1299/1299/1299 1347/1347/1347
f 1298/1298/1298 1347/1347/1347 1346/1346/1346
f 1299/1299/1299 1252/1252/1252 1300/1300/1300
f 1299/1299/1299 1300/1300/1300 1347/1347/1347
f 1300/1300/1300 1301/1301/1301 1349/1349/1349
f 1300/1300/1300 1349/1349/1349 1348/1348/1348
f 1301/1301/1301 1302/1302/1302 1350/1350/1350
f 1301/1301/1301 1350/1350/1350 1349/1349/1349
f 1302/1302/1302 1303/1303/1303 1351/1351/1351
f 1302/1302/1302 1351/1351/1351 1350/1350/1350
f 1303/1303/1303 1304/1304/1304 1352/1352/1352
f 1303/1303/1303 1352/1352/1352 1351/1351/1351
f 1304/1304/1304 1305/1305/1305 1353/1353/1353
f 1304/1304/1304 1353/1353/1353 1352/1352/1352
f 1305/1305/1305 1306/1306/1306 1354/1354/1354
f 1305/1305/1305 1354/1354/1354 1353/1353/1353
f 1306/1306/1306 1307/1307/1307 1355/1355/1355
f 1306/1306/1306 1355/1355/1355 1354/1354/1354
f 1307/1307/1307 1308/1308/1308 1356/1356/1356
f 1307/1307/1307 1356/1356/1356 1355/1355/1355
f 1308/1308/1308 1309/1309/1309 1357/1357/1357
f 1308/1308/1308 1357/1357/1357 1356/1356/1356
f 1309/1309/1309 1310/1310/1310 1358/1358/1358
f 1309/1309/1309 1358/1358/1358 1357/1357/1357
f 1310/1310/1310 1311/1311/1311 1359/1359/1359
f 1310/1310/1310 1359/1359/1359 1358/1358/1358
f 1311/1311/1311 1312/1312/1312 1360/1360/1360
f 1311/1311/1311 1360/1360/1360 1359/1359/1359
f 1312/1312/1312 1313/1313/1313 1361/1361/1361
f 1312/1312/1312 1361/1361/1361 1360/1360/1360
f 1313/1313/1313 1314/1314/1314 1362/1362/1362
f 1313/1313/1313 1362/1362/1362 1361/1361/1361
f 1314/1314/1314 1315/1315/1315 1363/1363/1363
f 1314/1314/1314 1363/1363/1363 1362/1362/1362
f 1315/1315/1315 1316/1316/1316 1364/1364/1364
f 1315/1315/1315 1364/1364/1364 1363/1363/1363
f 1316/1316/1316 1317/1317/1317 1365/1365/1365
f 1316/1316/1316 1365/1365/1365 1364/1364/1364
f 1317/1317/1317 1318/1318/1318 1366/1366/1366
f 1317/1317/1317 1366/1366/1366 1365/1365/1365
f 1318/1318/1318 1319/1319/1319 1367/1367/1367
f 1318/1318/1318 1367/1367/1367 1366/1366/1366
f 1319/1319/1319 1320/1320/1320 1368/1368/1368
f 1319/1319/1319 1368/1368/1368 1367/1367/1367
f 1320/1320/1320 1321/1321/1321 1369/1369/1369
f 1320/1320/1320 1369/1369/1369 1368/1368/1368
f 1321/1321/1321 1322/1322/1322 1370/1370/1370
f 1321/1321/1321 1370/1370/1370 1369/1369/1369
f 1322/1322/1322 1323/1323/1323 1371/1371/1371
f 1322/1322/1322 1371/1371/1371 1370/1370/1370
f 1323/1323/1323 1324/1324/1324 1372/1372/1372
f 1323/1323/1323 1372/1372/1372 1371/1371/1371
f 1324/1324/1324 1325/1325/1325 1373/1373/1373
f 1324/1324/1324 1373/1373/1373 1372/1372/1372
f 1325/1325/1325 1326/1326/1326 1374/1374/1374
f 1325/1325/1325 1374/1374/1374 1373/1373/1373
f 1326/1326/1326 1327/1327/1327 1375/1375/1375
f 1326/1326/1326 1375/1375/1375 1374/1374/1374
f 1327/1327/1327 1328/1328/1328 1376/1376/1376
f 1327/1327/1327 1376/1376/1376 1375/1375/1375
f 1328/1328/1328 1329/1329/1329 1377/1377/1377
f 1328/1328/1328 1377/1377/1377 1376/1376/1376
f 1329/1329/1329 1330/1330/1330 1378/1378/1378
f 1329/1329/1329 1378/1378/1378 1377/1377/1377
f 1330/1330/1330 1331/1331/1331 1379/1379/1379
f 1330/1330/1330 1379/1379/1379 1378/1378/1378
f 1331/1331/1331 1332/1332/1332 1380/1380/1380
f 1331/1331/1331 1380/1380/1380 1379/1379/1379
f 1332/1332/1332 1333/1333/1333 1381/1381/1381
f 1332/1332/1332 1381/1381/1381 1380/1380/1380
f 1333/1333/1333 1334/1334/1334 1382/1382/1382
f 1333/1333/1333 1382/1382/1382 1381/1381/1381
f 1334/1334/1334 1335/1335/1335 1383/1383/1383
f 1334/1334/1334 1383/1383/1383 1382/1382/1382
f 1335/1335/1335 1336/1336/1336 1384/1384/1384
f 1335/1335/1335 1384/1384/1384 1383/1383/1383
f 1336/1336/1336 1337/1337/1337 1385/1385/1385
f 1336/1336/1336 1385/1385/1385 1384/1384/1384
f 1337/1337/1337 1338/1338/1338 1386/1386/1386
f 1337/1337/1337 1386/1386/1386 1385/1385/1385
f 1338/1338/1338 1339/1339/1339 1387/1387/1387
f 1338/1338/1338 1387/1387/1387 1386/1386/1386
f 1339/1339/1339 1340/1340/1340 1388/1388/1388
f 1339/1339/1339 1388/1388/1388 1387/1387/1387
f 1340/1340/1340 1341/1341/1341 1389/1389/1389
f 1340/1340/1340 1389/1389/1389 1388/1388/1388
f 1341/1341/1341 1342/1342/1342 1390/1390/1390
f 1341/1341/1341 1390/1390/1390 1389/1389/1389
f 1342/1342/1342 1343/1343/1343 1391/1391/1391
f 1342/1342/1342 1391/1391/1391 1390/1390/1390
f 1343/1343/1343 1344/1344/1344 1392/1392/1392
f 1343/1343/1343 1392/1392/1392 1391/1391/1391
f 1344/1344/1344 1345/1345/1345 1393/1393/1393
f 1344/1344/1344 1393/1393/1393 1392/1392/1392
f 1345/1345/1345 1346/1346/1346 1394/1394/1394
f 1345/1345/1345 1394/1394/1394 1393/1393/1393
f 1346/1346/1346 1347/1347/1347 1395/1395/1395
f 1346/1346/1346 1395/1395/1395 1394/1394/1394
f 1347/1347/1347 1300/1300/1300 1348/1348/1348
f 1347/1347/1347 1348/1348/1348 1395/1395/1395
f 1348/1348/1348 1349/1349/1349 1397/1397/1397
f 1348/1348/1348 1397/1397/1397 1396/1396/1396
f 1349/1349/1349 1350/1350/1350 1398/1398/1398
f 1349/1349/1349 1398/1398/1398 1397/1397/1397
f 1350/1350/1350 1351/1351/1351 1399/1399/1399
f 1350/1350/1350 1399/1399/1399 1398/1398/1398
f 1351/1351/1351 1352/1352/1352 1400/1400/1400
f 1351/1351/1351 1400/1400/1400 1399/1399/1399
f 1352/1352/1352 1353/1353/1353 1401/1401/1401
f 1352/1352/1352 1401/1401/1401 1400/1400/1400
f 1353/1353/1353 1354/1354/1354 1402/1402/1402
f 1353/1353/1353 1402/1402/1402 1401/1401/1401
f 1354/1354/1354 1355/1355/1355 1403/1403/1403
f 1354/1354/1354 1403/1403/1403 1402/1402/1402
f 1355/1355/1355 1356/1356/1356 1404/1404/1404
f 1355/1355/1355 1404/1404/1404 1403/1403/1403
f 1356/1356/1356 1357/1357/1357 1405/1405/1405
f 1356/1356/1356 1405/1405/1405 1404/1404/1404
f 1357/1357/1357 1358/1358/1358 1406/1406/1406
f 1357/1357/1357 1406/1406/1406 1405/1405/1405
f 1358/1358/1358 1359/1359/1359 1407/1407/1407
f 1358/1358/1358 1407/1407/1407 1406/1406/1406
f 1359/1359/1359 1360/1360/1360 1408/1408/1408
f 1359/1359/1359 1408/1408/1408 1407/1407/1407
f 1360/1360/1360 1361/1361/1361 1409/1409/1409
f 1360/1360/1360 1409/1409/1409 1408/1408/1408
f 1361/1361/1361 1362/1362/1362 1410/1410/1410
f 1361/1361/1361 1410/1410/1410 1409/1409/1409
f 1362/1362/1362 1363/1363/1363 1411/1411/1411
f 1362/1362/1362 1411/1411/1411 1410/1410/1410
f 1363/1363/1363 1364/1364/1364 1412/1412/1412
f 1363/1363/1363 1412/1412/1412 1411/1411/1411
f 1364/1364/1364 1365/1365/1365 1413/1413/1413
f 1364/1364/1364 1413/1413/1413 1412/1412/1412
f 1365/1365/1365 1366/1366/1366 1414/1414/1414
f 1365/1365/1365 1414/1414/1414 1413/1413/1413
f 1366/1366/1366 1367/1367/1367 1415/1415/1415
f 1366/1366/1366 1415/1415/1415 1414/1414/1414
f 1367/1367/1367 1368/1368/1368 1416/1416/1416
f 1367/1367/1367 1416/1416/1416 1415/1415/1415
f 1368/1368/1368 1369/1369/1369 1417/1417/1417
f 1368/1368/1368 1417/1417/1417 1416/1416/1416
f 1369/1369/1369 1370/1370/1370 1418/1418/1418
f 1369/1369/1369 1418/1418/1418 1417/1417/1417
f 1370/1370/1370 1371/1371/1371 1419/1419/1419
f 1370/1370/1370 1419/1419/1419 1418/1418/1418
f 1371/1371/1371 1372/1372/1372 1420/1420/1420
f 1371/1371/1371 1420/1420/1420 1419/1419/1419
f 1372/1372/1372 1373/1373/1373 1421/1421/1421
f 1372/1372/1372 1421/1421/1421 1420/1420/1420
f 1373/1373/1373 1374/1374/1374 1422/1422/1422
f 1373/1373/1373 1422/1422/1422 1421/1421/1421
f 1374/1374/1374 1375/1375/1375 1423/1423/1423
f 1374/1374/1374 1423/1423/1423 1422/1422/1422
f 1375/1375/1375 1376/1376/1376 1424/1424/1424
f 1375/1375/1375 1424/1424/1424 1423/1423/1423
f 1376/1376/1376 1377/1377/1377 1425/1425/1425
f 1376/1376/1376 1425/1425/1425 1424/1424/1424
f 1377/1377/1377 1378/1378/1378 1426/1426/1426
f 1377/1377/1377 1426/1426/1426 1425/1425/1425
f 1378/1378/1378 1379/1379/1379 1427/1427/1427
f 1378/1378/1378 1427/1427/1427 1426/1426/1426
f 1379/1379/1379 1380/1380/1380 1428/1428/1428
f 1379/1379/1379 1428/1428/1428 1427/1427/1427
f 1380/1380/1380 1381/1381/1381 1429/1429/1429
f 1380/1380/1380 1429/1429/1429 1428/1428/1428
f 1381/1381/1381 1382/1382/1382 1430/1430/1430
f 1381/1381/1381 1430/1430/1430 1429/1429/1429
f 1382/1382/1382 1383/1383/1383 1431/1431/1431
f 1382/1382/1382 1431/1431/1431 1430/1430/1430
f 1383/1383/1383 1384/1384/1384 1432/1432/1432
f 1383/1383/1383 1432/1432/1432 1431/1431/1431
f 1384/1384/1384 1385/1385/1385 1433/1433/1433
f 1384/1384/1384 1433/1433/1433 1432/1432/1432
f 1385/1385/1385 1386/1386/1386 1434/1434/1434
f 1385/1385/1385 1434/1434/1434 1433/1433/1433
f 1386/1386/1386 1387/1387/1387 1435/1435/1435
f 1386/1386/1386 1435/1435/1435 1434/1434/1434
f 1387/1387/1387 1388/1388/1388 1436/1436/1436
f 1387/1387/1387 1436/1436/1436 1435/1435/1435
f 1388/1388/1388 1389/1389/1389 1437/1437/1437
f 1388/1388/1388 1437/1437/1437 1436/1436/1436
f 1389/1389/1389 1390/1390/1390 1438/1438/1438
f 1389/1389/1389 1438/1438/1438 1437/1437/1437
f 1390/1390/1390 1391/1391/1391 1439/1439/1439
f 1390/1390/1390 1439/1439/1439 1438/1438/1438
f 1391/1391/1391 1392/1392/1392 1440/1440/1440
f 1391/1391/1391 1440/1440/1440 1439/1439/1439
f 1392/1392/1392 1393/1393/1393 1441/1441/1441
f 1392/1392/1392 1441/1441/1441 1440/1440/1440
f 1393/1393/1393 1394/1394/1394 1442/1442/1442
f 1393/1393/1393 1442/1442/1442 1441/1441/1441
f 1394/1394/1394 1395/1395/1395 1443/1443/1443
f 1394/1394/1394 1443/1443/1443 1442/1442/1442
f 1395/1395/1395 1348/1348/1348 1396/1396/1396
f 1395/1395/1395 1396/1396/1396 1443/1443/1443
f 1396/1396/1396 1397/1397/1397 1445/1445/1445
f 1396/1396/1396 1445/1445/1445 1444/1444/1444
f 1397/1397/1397 1398/1398/1398 1446/1446/1446
f 1397/1397/1397 1446/1446/1446 1445/1445/1445
f 1398/1398/1398 1399/1399/1399 1447/1447/1447
f 1398/1398/1398 1447/1447/1447 1446/1446/1446
f 1399/1399/1399 1400/1400/1400 1448/1448/1448
f 1399/1399/1399 1448/1448/1448 1447/1447/1447
f 1400/1400/1400 1401/1401/1401 1449/1449/1449
f 1400/1400/1400 1449/1449/1449 1448/1448/1448
f 1401/1401/1401 1402/1402/1402 1450/1450/1450
f 1401/1401/1401 1450/1450/1450 1449/1449/1449
f 1402/1402/1402 1403/1403/1403 1451/1451/1451
f 1402/1402/1402 1451/1451/1451 1450/1450/1450
f 1403/1403/1403 1404/1404/1404 1452/1452/1452
f 1403/1403/1403 1452/1452/1452 1451/1451/1451
f 1404/1404/1404 1405/1405/1405 1453/1453/1453
f 1404/1404/1404 1453/1453/1453 1452/1452/1452
f 1405/1405/1405 1406/1406/1406 1454/1454/1454
f 1405/1405/1405 1454/1454/1454 1453/1453/1453
f 1406/1406/1406 1407/1407/1407 1455/1455/1455
f 1406/1406/1406 1455/1455/1455 1454/1454/1454
f 1407/1407/1407 1408/1408/1408 1456/1456/1456
f 1407/1407/1407 1456/1456/1456 1455/1455/1455
f 1408/1408/1408 1409/1409/1409 1457/1457/1457
f 1408/1408/1408 1457/1457/1457 1456/1456/1456
f 1409/1409/1409 1410/1410/1410 1458/1458/1458
f 1409/1409/1409 1458/1458/1458 1457/1457/1457
f 1410/1410/1410 1411/1411/1411 1459/1459/1459
f 1410/1410/1410 1459/1459/1459 1458/1458/1458
f 1411/1411/1411 1412/1412/1412 1460/1460/1460
f 1411/1411/1411 1460/1460/1460 1459/1459/1459
f 1412/1412/1412 1413/1413/1413 1461/1461/1461
f 1412/1412/1412 1461/1461/1461 1460/1460/1460
f 1413/1413/1413 1414/1414/1414 1462/1462/1462
f 1413/1413/1413 1462/1462/1462 1461/1461/1461
f 1414/1414/1414 1415/1415/1415 1463/1463/1463
f 1414/1414/1414 1463/1463/1463 1462/1462/1462
f 1415/1415/1415 1416/1416/1416 1464/1464/1464
f 1415/1415/1415 1464/1464/1464 1463/1463/1463
f 1416/1416/1416 1417/1417/1417 1465/1465/1465
f 1416/1416/1416 1465/1465/1465 1464/1464/1464
f 1417/1417/1417 1418/1418/1418 1466/1466/1466
f 1417/1417/1417 1466/1466/1466 1465/1465/1465
f 1418/1418/1418 1419/1419/1419 1467/1467/1467
f 1418/1418/1418 1467/1467/1467 1466/1466/1466
f 1419/1419/1419 1420/1420/1420 1468/1468/1468
f 1419/1419/1419 1468/1468/1468 1467/1467/1467
f 1420/1420/1420 1421/1421/1421 1469/1469/1469
f 1420/1420/1420 1469/1469/1469 1468/1468/1468
f 1421/1421/1421 1422/1422/1422 1470/1470/1470
f 1421/1421/1421 1470/1470/1470 1469/1469/1469
f 1422/1422/1422 1423/1423/1423 1471/1471/1471
f 1422/1422/1422 1471/1471/1471 1470/1470/1470
f 1423/1423/1423 1424/1424/1424 1472/1472/1472
f 1423/1423/1423 1472/1472/1472 1471/1471/1471
f 1424/1424/1424 1425/1425/1425 1473/1473/1473
f 1424/1424/1424 1473/1473/1473 1472/1472/1472
f 1425/1425/1425 1426/1426/1426 1474/1474/1474
f 1425/1425/1425 1474/1474/1474 1473/1473/1473
f 1426/1426/1426 1427/1427/1427 1475/1475/1475
f 1426/1426/1426 1475/1475/1475 1474/1474/1474
f 1427/1427/1427 1428/1428/1428 1476/1476/1476
f 1427/1427/1427 1476/1476/1476 1475/1475/1475
f 1428/1428/1428 1429/1429/1429 1477/1477/1477
f 1428/1428/1428 1477/1477/1477 1476/1476/1476
f 1429/1429/1429 1430/1430/1430 1478/1478/1478
f 1429/1429/1429 1478/1478/1478 1477/1477/1477
f 1430/1430/1430 1431/1431/1431 1479/1479/1479
f 1430/1430/1430 1479/1479/1479 1478/1478/1478
f 1431/1431/1431 1432/1432/1432 1480/1480/1480
f 1431/1431/1431 1480/1480/1480 1479/1479/1479
f 1432/1432/1432 1433/1433/1433 1481/1481/1481
f 1432/1432/1432 1481/1481/1481 1480/1480/1480
f 1433/1433/1433 1434/1434/1434 1482/1482/1482
f 1433/1433/1433 1482/1482/1482 1481/1481/1481
f 1434/1434/1434 1435/1435/1435 1483/1483/1483
f 1434/1434/1434 1483/1483/1483 1482/1482/1482
f 1435/1435/1435 1436/1436/1436 1484/1484/1484
f 1435/1435/1435 1484/1484/1484 1483/1483/1483
f 1436/1436/1436 1437/1437/1437 1485/1485/1485
f 1436/1436/1436 1485/1485/1485 1484/1484/1484
f 1437/1437/1437 1438/1438/1438 1486/1486/1486
f 1437/1437/1437 1486/1486/1486 1485/1485/1485
f 1438/1438/1438 1439/1439/1439 1487/1487/1487
f 1438/1438/1438 1487/1487/1487 1486/1486/1486
f 1439/1439/1439 1440/1440/1440 1488/1488/1488
f 1439/1439/1439 1488/1488/1488 1487/1487/1487
f 1440/1440/1440 1441/1441/1441 1489/1489/1489
f 1440/1440/1440 1489/1489/1489 1488/1488/1488
f 1441/1441/1441 1442/1442/1442 1490/1490/1490
f 1441/1441/1441 1490/1490/1490 1489/1489/1489
f 1442/1442/1442 1443/1443/1443 1491/1491/1491
f 1442/1442/1442 1491/1491/1491 1490/1490/1490
f 1443/1443/1443 1396/1396/1396 1444/1444/1444
f 1443/1443/1443 1444/1444/1444 1491/1491/1491
f 1444/1444/1444 1445/1445/1445 1493/1493/1493
f 1444/1444/1444 1493/1493/1493 1492/1492/1492
f 1445/1445/1445 1446/1446/1446 1494/1494/1494
f 1445/1445/1445 1494/1494/1494 1493/1493/1493
f 1446/1446/1446 1447/1447/1447 1495/1495/1495
f 1446/1446/1446 1495/1495/1495 1494/1494/1494
f 1447/1447/1447 1448/1448/1448 1496/1496/1496
f 1447/1447/1447 1496/1496/1496 1495/1495/1495
f 1448/1448/1448 1449/1449/1449 1497/1497/1497
f 1448/1448/1448 1497/1497/1497 1496/1496/1496
f 1449/1449/1449 1450/1450/1450 1498/1498/1498
f 1449/1449/1449 1498/1498/1498 1497/1497/1497
f 1450/1450/1450 1451/1451/1451 1499/1499/1499
f 1450/1450/1450 1499/1499/1499 1498/1498/1498
f 1451/1451/1451 1452/1452/1452 1500/1500/1500
f 1451/1451/1451 1500/1500/1500 1499/1499/1499
f 1452/1452/1452 1453/1453/1453 1501/1501/1501
f 1452/1452/1452 1501/1501/1501 1500/1500/1500
f 1453/1453/1453 1454/1454/1454 1502/1502/1502
f 1453/1453/1453 1502/1502/1502 1501/1501/1501
f 1454/1454/1454 1455/1455/1455 1503/1503/1503
f 1454/1454/1454 1503/1503/1503 1502/1502/1502
f 1455/1455/1455 1456/1456/1456 1504/1504/1504
f 1455/1455/1455 1504/1504/1504 1503/1503/1503
f 1456/1456/1456 1457/1457/1457 1505/1505/1505
f 1456/1456/1456 1505/1505/1505 1504/1504/1504
f 1457/1457/1457 1458/1458/1458 1506/1506/1506
f 1457/1457/1457 1506/1506/1506 1505/1505/1505
f 1458/1458/1458 1459/1459/1459 1507/1507/1507
f 1458/1458/1458 1507/1507/1507 1506/1506/1506
f 1459/1459/1459 1460/1460/1460 1508/1508/1508
f 1459/1459/1459 1508/1508/1508 1507/1507/1507
f 1460/1460/1460 1461/1461/1461 1509/1509/1509
f 1460/1460/1460 1509/1509/1509 1508/1508/1508
f 1461/1461/1461 1462/1462/1462 1510/1510/1510
f 1461/1461/1461 1510/1510/1510 1509/1509/1509
f 1462/1462/1462 1463/1463/1463 1511/1511/1511
f 1462/1462/1462 1511/1511/1511 1510/1510/1510
f 1463/1463/1463 1464/1464/1464 1512/1512/1512
f 1463/1463/1463 1512/1512/1512 1511/1511/1511
f 1464/1464/1464 1465/1465/1465 1513/1513/1513
f 1464/1464/1464 1513/1513/1513 1512/1512/1512
f 1465/1465/1465 1466/1466/1466 1514/1514/1514
f 1465/1465/1465 1514/1514/1514 1513/1513/1513
f 1466/1466/1466 1467/1467/1467 1515/1515/1515
f 1466/1466/1466 1515/1515/1515 1514/1514/1514
f 1467/1467/1467 1468/1468/1468 1516/1516/1516
f 1467/1467/1467 1516/1516/1516 1515/1515/1515
f 1468/1468/1468 1469/1469/1469 1517/1517/1517
f 1468/1468/1468 1517/1517/1517 1516/1516/1516
f 1469/1469/1469 1470/1470/1470 1518/1518/1518
f 1469/1469/1469 1518/1518/1518 1517/1517/1517
f 1470/1470/1470 1471/1471/1471 1519/1519/1519
f 1470/1470/1470 1519/1519/1519 1518/1518/1518
f 1471/1471/1471 1472/1472/1472 1520/1520/1520
f 1471/1471/1471 1520/1520/1520 1519/1519/1519
f 1472/1472/1472 1473/1473/1473 1521/1521/1521
f 1472/1472/1472 1521/1521/1521 1520/1520/1520
f 1473/1473/1473 1474/1474/1474 1522/1522/1522
f 1473/1473/1473 1522/1522/1522 1521/1521/1521
f 1474/1474/1474 1475/1475/1475 1523/1523/1523
f 1474/1474/1474 1523/1523/1523 1522/1522/1522
f 1475/1475/1475 1476/1476/1476 1524/1524/1524
f 1475/1475/1475 1524/1524/1524 1523/1523/1523
f 1476/1476/1476 1477/1477/1477 1525/1525/1525
f 1476/1476/1476 1525/1525/1525 1524/1524/1524
f 1477/1477/1477 1478/1478/1478 1526/1526/1526
f 1477/1477/1477 1526/1526/1526 1525/1525/1525
f 1478/1478/1478 1479/1479/1479 1527/1527/1527
f 1478/1478/1478 1527/1527/1527 1526/1526/1526
f 1479/1479/1479 1480/1480/1480 1528/1528/1528
f 1479/1479/1479 1528/1528/1528 1527/1527/1527
f 1480/1480/1480 1481/1481/1481 1529/1529/1529
f 1480/1480/1480 1529/1529/1529 1528/1528/1528
f 1481/1481/1481 1482/1482/1482 1530/1530/1530
f 1481/1481/1481 1530/1530/1530 1529/1529/1529
f 1482/1482/1482 1483/1483/1483 1531/1531/1531
f 1482/1482/1482 1531/1531/1531 1530/1530/1530
f 1483/1483/1483 1484/1484/1484 1532/1532/1532
f 1483/1483/1483 1532/1532/1532 1531/1531/1531
f 1484/1484/1484 1485/1485/1485 1533/1533/1533
f 1484/1484/1484 1533/1533/1533 1532/1532/1532
f 1485/1485/1485 1486/1486/1486 1534/1534/1534
f 1485/1485/1485 1534/1534/1534 1533/1533/1533
f 1486/1486/1486 1487/1487/1487 1535/1535/1535
f 1486/1486/1486 1535/1535/1535 1534/1534/1534
f 1487/1487/1487 1488/1488/1488 1536/1536/1536
f 1487/1487/1487 1536/1536/1536 1535/1535/1535
f 1488/1488/1488 1489/1489/1489 1537/1537/1537
f 1488/1488/1488 1537/1537/1537 1536/1536/1536
f 1489/1489/1489 1490/1490/1490 1538/1538/1538
f 1489/1489/1489 1538/1538/1538 1537/1537/1537
f 1490/1490/1490 1491/1491/1491 1539/1539/1539
f 1490/1490/1490 1539/1539/1539 1538/1538/1538
f 1491/1491/1491 1444/1444/1444 1492/1492/1492
f 1491/1491/1491 1492/1492/1492 1539/1539/1539
f 1492/1492/1492 1493/1493/1493 1541/1541/1541
f 1492/1492/1492 1541/1541/1541 1540/1540/1540
f 1493/1493/1493 1494/1494/1494 1542/1542/1542
f 1493/1493/1493 1542/1542/1542 1541/1541/1541
f 1494/1494/1494 1495/1495/1495 1543/1543/1543
f 1494/1494/1494 1543/1543/1543 1542/1542/1542
f 1495/1495/1495 1496/1496/1496 1544/1544/1544
f 1495/1495/1495 1544/1544/1544 1543/1543/1543
f 1496/1496/1496 1497/1497/1497 1545/1545/1545
f 1496/1496/1496 1545/1545/1545 1544/1544/1544
f 1497/1497/1497 1498/1498/1498 1546/1546/1546
f 1497/1497/1497 1546/1546/1546 1545/1545/1545
f 1498/1498/1498 1499/1499/1499 1547/1547/1547
f 1498/1498/1498 1547/1547/1547 1546/1546/1546
f 1499/1499/1499 1500/1500/1500 1548/1548/1548
f 1499/1499/1499 1548/1548/1548 1547/1547/1547
f 1500/1500/1500 1501/1501/1501 1549/1549/1549
f 1500/1500/1500 1549/1549/1549 1548/1548/1548
f 1501/1501/1501 1502/1502/1502 1550/1550/1550
f 1501/1501/1501 1550/1550/1550 1549/1549/1549
f 1502/1502/1502 1503/1503/1503 1551/1551/1551
f 1502/1502/1502 1551/1551/1551 1550/1550/1550
f 1503/1503/1503 1504/1504/1504 1552/1552/1552
f 1503/1503/1503 1552/1552/1552 1551/1551/1551
f 1504/1504/1504 1505/1505/1505 1553/1553/1553
f 1504/1504/1504 1553/1553/1553 1552/1552/1552
f 1505/1505/1505 1506/1506/1506 1554/1554/1554
f 1505/1505/1505 1554/1554/1554 1553/1553/1553
f 1506/1506/1506 1507/1507/1507 1555/1555/1555
f 1506/1506/1506 1555/1555/1555 1554/1554/1554
f 1507/1507/1507 1508/1508/1508 1556/1556/1556
f 1507/1507/1507 1556/1556/1556 1555/1555/1555
f 1508/1508/1508 1509/1509/1509 1557/1557/1557
f 1508/1508/1508 1557/1557/1557 1556/1556/1556
f 1509/1509/1509 1510/1510/1510 1558/1558/1558
f 1509/1509/1509 1558/1558/1558 1557/1557/1557
f 1510/1510/1510 1511/1511/1511 1559/1559/1559
f 1510/1510/1510 1559/1559/1559 1558/1558/1558
f 1511/1511/1511 1512/1512/1512 1560/1560/1560
f 1511/1511/1511 1560/1560/1560 1559/1559/1559
f 1512/1512/1512 1513/1513/1513 1561/1561/1561
f 1512/1512/1512 1561/1561/1561 1560/1560/1560
f 1513/1513/1513 1514/1514/1514 1562/1562/1562
f 1513/1513/1513 1562/1562/1562 1561/1561/1561
f 1514/1514/1514 1515/1515/1515 1563/1563/1563
f 1514/1514/1514 1563/1563/1563 1562/1562/1562
f 1515/1515/1515 1516/1516/1516 1564/1564/1564
f 1515/1515/1515 1564/1564/1564 1563/1563/1563
f 1516/1516/1516 1517/1517/1517 1565/1565/1565
f 1516/1516/1516 1565/1565/1565 1564/1564/1564
f 1517/1517/1517 1518/1518/1518 1566/1566/1566
f 1517/1517/1517 1566/1566/1566 1565/1565/1565
f 1518/1518/1518 1519/1519/1519 1567/1567/1567
f 1518/1518/1518 1567/1567/1567 1566/1566/1566
f 1519/1519/1519 1520/1520/1520 1568/1568/1568
f 1519/1519/1519 1568/1568/1568 1567/1567/1567
f 1520/1520/1520 1521/1521/1521 1569/1569/1569
f 1520/1520/1520 1569/1569/1569 1568/1568/1568
f 1521/1521/1521 1522/1522/1522 1570/1570/1570
f 1521/1521/1521 1570/1570/1570 1569/1569/1569
f 1522/1522/1522 1523/1523/1523 1571/1571/1571
f 1522/1522/1522 1571/1571/1571 1570/1570/1570
f 1523/1523/1523 1524/1524/1524 1572/1572/1572
f 1523/1523/1523 1572/1572/1572 1571/1571/1571
f 1524/1524/1524 1525/1525/1525 1573/1573/1573
f 1524/1524/1524 1573/1573/1573 1572/1572/1572
f 1525/1525/1525 1526/1526/1526 1574/1574/1574
f 1525/1525/1525 1574/1574/1574 1573/1573/1573
f 1526/1526/1526 1527/1527/1527 1575/1575/1575
f 1526/1526/1526 1575/1575/1575 1574/1574/1574
f 1527/1527/1527 1528/1528/1528 1576/1576/1576
f 1527/1527/1527 1576/1576/1576 1575/1575/1575
f 1528/1528/1528 1529/1529/1529 1577/1577/1577
f 1528/1528/1528 1577/1577/1577 1576/1576/1576
f 1529/1529/1529 1530/1530/1530 1578/1578/1578
f 1529/1529/1529 1578/1578/1578 1577/1577/1577
f 1530/1530/1530 1531/1531/1531 1579/1579/1579
f 1530/1530/1530 1579/1579/1579 1578/1578/1578
f 1531/1531/1531 1532/1532/1532 1580/1580/1580
f 1531/1531/1531 1580/1580/1580 1579/1579/1579
f 1532/1532/1532 1533/1533/1533 1581/1581/1581
f 1532/1532/1532 1581/1581/1581 1580/1580/1580
f 1533/1533/1533 1534/1534/1534 1582/1582/1582
f 1533/1533/1533 1582/1582/1582 1581/1581/1581
f 1534/1534/1534 1535/1535/1535 1583/1583/1583
f 1534/1534/1534 1583/1583/1583 1582/1582/1582
f 1535/1535/1535 1536/1536/1536 1584/1584/1584
f 1535/1535/1535 1584/1584/1584 1583/1583/1583
f 1536/1536/1536 1537/1537/1537 1585/1585/1585
f 1536/1536/1536 1585/1585/1585 1584/1584/1584
f 1537/1537/1537 1538/1538/1538 1586/1586/1586
f 1537/1537/1537 1586/1586/1586 1585/1585/1585
f 1538/1538/1538 1539/1539/1539 1587/1587/1587
f 1538/1538/1538 1587/1587/1587 1586/1586/1586
f 1539/1539/1539 1492/1492/1492 1540/1540/1540
f 1539/1539/1539 1540/1540/1540 1587/1587/1587
f 1540/1540/1540 1541/1541/1541 1589/1589/1589
f 1540/1540/1540 1589/1589/1589 1588/1588/1588
f 1541/1541/1541 1542/1542/1542 1590/1590/1590
f 1541/1541/1541 1590/1590/1590 1589/1589/1589
f 1542/1542/1542 1543/1543/1543 1591/1591/1591
f 1542/1542/1542 1591/1591/1591 1590/1590/1590
f 1543/1543/1543 1544/1544/1544 1592/1592/1592
f 1543/1543/1543 1592/1592/1592 1591/1591/1591
f 1544/1544/1544 1545/1545/1545 1593/1593/1593
f 1544/1544/1544 1593/1593/1593 1592/1592/1592
f 1545/1545/1545 1546/1546/1546 1594/1594/1594
f 1545/1545/1545 1594/1594/1594 1593/1593/1593
f 1546/1546/1546 1547/1547/1547 1595/1595/1595
f 1546/1546/1546 1595/1595/1595 1594/1594/1594
f 1547/1547/1547 1548/1548/1548 1596/1596/1596
f 1547/1547/1547 1596/1596/1596 1595/1595/1595
f 1548/1548/1548 1549/1549/1549 1597/1597/1597
f 1548/1548/1548 1597/1597/1597 1596/1596/1596
f 1549/1549/1549 1550/1550/1550 1598/1598/1598
f 1549/1549/1549 1598/1598/1598 1597/1597/1597
f 1550/1550/1550 1551/1551/1551 1599/1599/1599
f 1550/1550/1550 1599/1599/1599 1598/1598/1598
f 1551/1551/1551 1552/1552/1552 1600/1600/1600
f 1551/1551/1551 1600/1600/1600 1599/1599/1599
f 1552/1552/1552 1553/1553/1553 1601/1601/1601
f 1552/1552/1552 1601/1601/1601 1600/1600/1600
f 1553/1553/1553 1554/1554/1554 1602/1602/1602
f 1553/1553/1553 1602/1602/1602 1601/1601/1601
f 1554/1554/1554 1555/1555/1555 1603/1603/1603
f 1554/1554/1554 1603/1603/1603 1602/1602/1602
f 1555/1555/1555 1556/1556/1556 1604/1604/1604
f 1555/1555/1555 1604/1604/1604 1603/1603/1603
f 1556/1556/1556 1557/1557/1557 1605/1605/1605
f 1556/1556/1556 1605/1605/1605 1604/1604/1604
f 1557/1557/1557 1558/1558/1558 1606/1606/1606
f 1557/1557/1557 1606/1606/1606 1605/1605/1605
f 1558/1558/1558 1559/1559/1559 1607/1607/1607
f 1558/1558/1558 1607/1607/1607 1606/1606/1606
f 1559/1559/1559 1560/1560/1560 1608/1608/1608
f 1559/1559/1559 1608/1608/1608 1607/1607/1607
f 1560/1560/1560 1561/1561/1561 1609/1609/1609
f 1560/1560/1560 1609/1609/1609 1608/1608/1608
f 1561/1561/1561 1562/1562/1562 1610/1610/1610
f 1561/1561/1561 1610/1610/1610 1609/1609/1609
f 1562/1562/1562 1563/1563/1563 1611/1611/1611
f 1562/1562/1562 1611/1611/1611 1610/1610/1610
f 1563/1563/1563 1564/1564/1564 1612/1612/1612
f 1563/1563/1563 1612/1612/1612 1611/1611/1611
f 1564/1564/1564 1565/1565/1565 1613/1613/1613
f 1564/1564/1564 1613/1613/1613 1612/1612/1612
f 1565/1565/1565 1566/1566/1566 1614/1614/1614
f 1565/1565/1565 1614/1614/1614 1613/1613/1613
f 1566/1566/1566 1567/1567/1567 1615/1615/1615
f 1566/1566/1566 1615/1615/1615 1614/1614/1614
f 1567/1567/1567 1568/1568/1568 1616/1616/1616
f 1567/1567/1567 1616/1616/1616 1615/1615/1615
f 1568/1568/1568 1569/1569/1569 1617/1617/1617
f 1568/1568/1568 1617/1617/1617 1616/1616/1616
f 1569/1569/1569 1570/1570/1570 1618/1618/1618
f 1569/1569/1569 1618/1618/1618 1617/1617/1617
f 1570/1570/1570 1571/1571/1571 1619/1619/1619
f 1570/1570/1570 1619/1619/1619 1618/1618/1618
f 1571/1571/1571 1572/1572/1572 1620/1620/1620
f 1571/1571/1571 1620/1620/1620 1619/1619/1619
f 1572/1572/1572 1573/1573/1573 1621/1621/1621
f 1572/1572/1572 1621/1621/1621 1620/1620/1620
f 1573/1573/1573 1574/1574/1574 1622/1622/1622
f 1573/1573/1573 1622/1622/1622 1621/1621/1621
f 1574/1574/1574 1575/1575/1575 1623/1623/1623
f 1574/1574/1574 1623/1623/1623 1622/1622/1622
f 1575/1575/1575 1576/1576/1576 1624/1624/1624
f 1575/1575/1575 1624/1624/1624 1623/1623/1623
f 1576/1576/1576 1577/1577/1577 1625/1625/1625
f 1576/1576/1576 1625/1625/1625 1624/1624/1624
f 1577/1577/1577 1578/1578/1578 1626/1626/1626
f 1577/1577/1577 1626/1626/1626 1625/1625/1625
f 1578/1578/1578 1579/1579/1579 1627/1627/1627
f 1578/1578/1578 1627/1627/1627 1626/1626/1626
f 1579/1579/1579 1580/1580/1580 1628/1628/1628
f 1579/1579/1579 1628/1628/1628 1627/1627/1627
f 1580/1580/1580 1581/1581/1581 1629/1629/1629
f 1580/1580/1580 1629/1629/1629 1628/1628/1628
f 1581/1581/1581 1582/1582/1582 1630/1630/1630
f 1581/1581/1581 1630/1630/1630 1629/1629/1629
f 1582/1582/1582 1583/1583/1583 1631/1631/1631
f 1582/1582/1582 1631/1631/1631 1630/1630/1630
f 1583/1583/1583 1584/1584/1584 1632/1632/1632
f 1583/1583/1583 1632/1632/1632 1631/1631/1631
f 1584/1584/1584 1585/1585/1585 1633/1633/1633
f 1584/1584/1584 1633/1633/1633 1632/1632/1632
f 1585/1585/1585 1586/1586/1586 1634/1634/1634
f 1585/1585/1585 1634/1634/1634 1633/1633/1633
f 1586/1586/1586 1587/1587/1587 1635/1635/1635
f 1586/1586/1586 1635/1635/1635 1634/1634/1634
f 1587/1587/1587 1540/1540/1540 1588/1588/1588
f 1587/1587/1587 1588/1588/1588 1635/1635/1635
f 1588/1588/1588 1589/1589/1589 1637/1637/1637
f 1588/1588/1588 1637/1637/1637 1636/1636/1636
f 1589/1589/1589 1590/1590/1590 1638/1638/1638
f 1589/1589/1589 1638/1638/1638 1637/1637/1637
f 1590/1590/1590 1591/1591/1591 1639/1639/1639
f 1590/1590/1590 1639/1639/1639 1638/1638/1638
f 1591/1591/1591 1592/1592/1592 1640/1640/1640
f 1591/1591/1591 1640/1640/1640 1639/1639/1639
f 1592/1592/1592 1593/1593/1593 1641/1641/1641
f 1592/1592/1592 1641/1641/1641 1640/1640/1640
f 1593/1593/1593 1594/1594/1594 1642/1642/1642
f 1593/1593/1593 1642/1642/1642 1641/1641/1641
f 1594/1594/1594 1595/1595/1595 1643/1643/1643
f 1594/1594/1594 1643/1643/1643 1642/1642/1642
f 1595/1595/1595 1596/1596/1596 1644/1644/1644
f 1595/1595/1595 1644/1644/1644 1643/1643/1643
f 1596/1596/1596 1597/1597/1597 1645/1645/1645
f 1596/1596/1596 1645/1645/1645 1644/1644/1644
f 1597/1597/1597 1598/1598/1598 1646/1646/1646
f 1597/1597/1597 1646/1646/1646 1645/1645/1645
f 1598/1598/1598 1599/1599/1599 1647/1647/1647
f 1598/1598/1598 1647/1647/1647 1646/1646/1646
f 1599/1599/1599 1600/1600/1600 1648/1648/1648
f 1599/1599/1599 1648/1648/1648 1647/1647/1647
f 1600/1600/1600 1601/1601/1601 1649/1649/1649
f 1600/1600/1600 1649/1649/1649 1648/1648/1648
f 1601/1601/1601 1602/1602/1602 1650/1650/1650
f 1601/1601/1601 1650/1650/1650 1649/1649/1649
f 1602/1602/1602 1603/1603/1603 1651/1651/1651
f 1602/1602/1602 1651/1651/1651 1650/1650/1650
f 1603/1603/1603 1604/1604/1604 1652/1652/1652
f 1603/1603/1603 1652/1652/1652 1651/1651/1651
f 1604/1604/1604 1605/1605/1605 1653/1653/1653
f 1604/1604/1604 1653/1653/1653 1652/1652/1652
f 1605/1605/1605 1606/1606/1606 1654/1654/1654
f 1605/1605/1605 1654/1654/1654 1653/1653/1653
f 1606/1606/1606 1607/1607/1607 1655/1655/1655
f 1606/1606/1606 1655/1655/1655 1654/1654/1654
f 1607/1607/1607 1608/1608/1608 1656/1656/1656
f 1607/1607/1607 1656/1656/1656 1655/1655/1655
f 1608/1608/1608 1609/1609/1609 1657/1657/1657
f 1608/1608/1608 1657/1657/1657 1656/1656/1656
f 1609/1609/1609 1610/1610/1610 1658/1658/1658
f 1609/1609/1609 1658/1658/1658 1657/1657/1657
f 1610/1610/1610 1611/1611/1611 1659/1659/1659
f 1610/1610/1610 1659/1659/1659 1658/1658/1658
f 1611/1611/1611 1612/1612/1612 1660/1660/1660
f 1611/1611/1611 1660/1660/1660 1659/1659/1659
f 1612/1612/1612 1613/1613/1613 1661/1661/1661
f 1612/1612/1612 1661/1661/1661 1660/1660/1660
f 1613/1613/1613 1614/1614/1614 1662/1662/1662
f 1613/1613/1613 1662/1662/1662 1661/1661/1661
f 1614/1614/1614 1615/1615/1615 1663/1663/1663
f 1614/1614/1614 1663/1663/1663 1662/1662/1662
f 1615/1615/1615 1616/1616/1616 1664/1664/1664
f 1615/1615/1615 1664/1664/1664 1663/1663/1663
f 1616/1616/1616 1617/1617/1617 1665/1665/1665
f 1616/1616/1616 1665/1665/1665 1664/1664/1664
f 1617/1617/1617 1618/1618/1618 1666/1666/1666
f 1617/1617/1617 1666/1666/1666 1665/1665/1665
f 1618/1618/1618 1619/1619/1619 1667/1667/1667
f 1618/1618/1618 1667/1667/1667 1666/1666/1666
f 1619/1619/1619 1620/1620/1620 1668/1668/1668
f 1619/1619/1619 1668/1668/1668 1667/1667/1667
f 1620/1620/1620 1621/1621/1621 1669/1669/1669
f 1620/1620/1620 1669/1669/1669 1668/1668/1668
f 1621/1621/1621 1622/1622/1622 1670/1670/1670
f 1621/1621/1621 1670/1670/1670 1669/1669/1669
f 1622/1622/1622 1623/1623/1623 1671/1671/1671
f 1622/1622/1622 1671/1671/1671 1670/1670/1670
f 1623/1623/1623 1624/1624/1624 1672/1672/1672
f 1623/1623/1623 1672/1672/1672 1671/1671/1671
f 1624/1624/1624 1625/1625/1625 1673/1673/1673
f 1624/1624/1624 1673/1673/1673 1672/1672/1672
f 1625/1625/1625 1626/1626/1626 1674/1674/1674
f 1625/1625/1625 1674/1674/1674 1673/1673/1673
f 1626/1626/1626 1627/1627/1627 1675/1675/1675
f 1626/1626/1626 1675/1675/1675 1674/1674/1674
f 1627/1627/1627 1628/1628/1628 1676/1676/1676
f 1627/1627/1627 1676/1676/1676 1675/1675/1675
f 1628/1628/1628 1629/1629/1629 1677/1677/1677
f 1628/1628/1628 1677/1677/1677 1676/1676/1676
f 1629/1629/1629 1630/1630/1630 1678/1678/1678
f 1629/1629/1629 1678/1678/1678 1677/1677/1677
f 1630/1630/1630 1631/1631/1631 1679/1679/1679
f 1630/1630/1630 1679/1679/1679 1678/1678/1678
f 1631/1631/1631 1632/1632/1632 1680/1680/1680
f 1631/1631/1631 1680/1680/1680 1679/1679/1679
f 1632/1632/1632 1633/1633/1633 1681/1681/1681
f 1632/1632/1632 1681/1681/1681 1680/1680/1680
f 1633/1633/1633 1634/1634/1634 1682/1682/1682
f 1633/1633/1633 1682/1682/1682 1681/1681/1681
f 1634/1634/1634 1635/1635/1635 1683/1683/1683
f 1634/1634/1634 1683/1683/1683 1682/1682/1682
f 1635/1635/1635 1588/1588/1588 1636/1636/1636
f 1635/1635/1635 1636/1636/1636 1683/1683/1683
f 1636/1636/1636 1637/1637/1637 1685/1685/1685
f 1636/1636/1636 1685/1685/1685 1684/1684/1684
f 1637/1637/1637 1638/1638/1638 1686/1686/1686
f 1637/1637/1637 1686/1686/1686 1685/1685/1685
f 1638/1638/1638 1639/1639/1639 1687/1687/1687
f 1638/1638/1638 1687/1687/1687 1686/1686/1686
f 1639/1639/1639 1640/1640/1640 1688/1688/1688
f 1639/1639/1639 1688/1688/1688 1687/1687/1687
f 1640/1640/1640 1641/1641/1641 1689/1689/1689
f 1640/1640/1640 1689/1689/1689 1688/1688/1688
f 1641/1641/1641 1642/1642/1642 1690/1690/1690
f 1641/1641/1641 1690/1690/1690 1689/1689/1689
f 1642/1642/1642 1643/1643/1643 1691/1691/1691
f 1642/1642/1642 1691/1691/1691 1690/1690/1690
f 1643/1643/1643 1644/1644/1644 1692/1692/1692
f 1643/1643/1643 1692/1692/1692 1691/1691/1691
f 1644/1644/1644 1645/1645/1645 1693/1693/1693
f 1644/1644/1644 1693/1693/1693 1692/1692/1692
f 1645/1645/1645 1646/1646/1646 1694/1694/1694
f 1645/1645/1645 1694/1694/1694 1693/1693/1693
f 1646/1646/1646 1647/1647/1647 1695/1695/1695
f 1646/1646/1646 1695/1695/1695 1694/1694/1694
f 1647/1647/1647 1648/1648/1648 1696/1696/1696
f 1647/1647/1647 1696/1696/1696 1695/1695/1695
f 1648/1648/1648 1649/1649/1649 1697/1697/1697
f 1648/1648/1648 1697/1697/1697 1696/1696/1696
f 1649/1649/1649 1650/1650/1650 1698/1698/1698
f 1649/1649/1649 1698/1698/1698 1697/1697/1697
f 1650/1650/1650 1651/1651/1651 1699/1699/1699
f 1650/1650/1650 1699/1699/1699 1698/1698/1698
f 1651/1651/1651 1652/1652/1652 1700/1700/1700
f 1651/1651/1651 1700/1700/1700 1699/1699/1699
f 1652/1652/1652 1653/1653/1653 1701/1701/1701
f 1652/1652/1652 1701/1701/1701 1700/1700/1700
f 1653/1653/1653 1654/1654/1654 1702/1702/1702
f 1653/1653/1653 1702/1702/1702 1701/1701/1701
f 1654/1654/1654 1655/1655/1655 1703/1703/1703
f 1654/1654/1654 1703/1703/1703 1702/1702/1702
f 1655/1655/1655 1656/1656/1656 1704/1704/1704
f 1655/1655/1655 1704/1704/1704 1703/1703/1703
f 1656/1656/1656 1657/1657/1657 1705/1705/1705
f 1656/1656/1656 1705/1705/1705 1704/1704/1704
f 1657/1657/1657 1658/1658/1658 1706/1706/1706
f 1657/1657/1657 1706/1706/1706 1705/1705/1705
f 1658/1658/1658 1659/1659/1659 1707/1707/1707
f 1658/1658/1658 1707/1707/1707 1706/1706/1706
f 1659/1659/1659 1660/1660/1660 1708/1708/1708
f 1659/1659/1659 1708/1708/1708 1707/1707/1707
f 1660/1660/1660 1661/1661/1661 1709/1709/1709
f 1660/1660/1660 1709/1709/1709 1708/1708/1708
f 1661/1661/1661 1662/1662/1662 1710/1710/1710
f 1661/1661/1661 1710/1710/1710 1709/1709/1709
f 1662/1662/1662 1663/1663/1663 1711/1711/1711
f 1662/1662/1662 1711/1711/1711 1710/1710/1710
f 1663/1663/1663 1664/1664/1664 1712/1712/1712
f 1663/1663/1663 1712/1712/1712 1711/1711/1711
f 1664/1664/1664 1665/1665/1665 1713/1713/1713
f 1664/1664/1664 1713/1713/1713 1712/1712/1712
f 1665/1665/1665 1666/1666/1666 1714/1714/1714
f 1665/1665/1665 1714/1714/1714 1713/1713/1713
f 1666/1666/1666 1667/1667/1667 1715/1715/1715
f 1666/1666/1666 1715/1715/1715 1714/1714/1714
f 1667/1667/1667 1668/1668/1668 1716/1716/1716
f 1667/1667/1667 1716/1716/1716 1715/1715/1715
f 1668/1668/1668 1669/1669/1669 1717/1717/1717
f 1668/1668/1668 1717/1717/1717 1716/1716/1716
f 1669/1669/1669 1670/1670/1670 1718/1718/1718
f 1669/1669/1669 1718/1718/1718 1717/1717/1717
f 1670/1670/1670 1671/1671/1671 1719/1719/1719
f 1670/1670/1670 1719/1719/1719 1718/1718/1718
f 1671/1671/1671 1672/1672/1672 1720/1720/1720
f 1671/1671/1671 1720/1720/1720 1719/1719/1719
f 1672/1672/1672 1673/1673/1673 1721/1721/1721
f 1672/1672/1672 1721/1721/1721 1720/1720/1720
f 1673/1673/1673 1674/1674/1674 1722/1722/1722
f 1673/1673/1673 1722/1722/1722 1721/1721/1721
f 1674/1674/1674 1675/1675/1675 1723/1723/1723
f 1674/1674/1674 1723/1723/1723 1722/1722/1722
f 1675/1675/1675 1676/1676/1676 1724/1724/1724
f 1675/1675/1675 1724/1724/1724 1723/1723/1723
f 1676/1676/1676 1677/1677/1677 1725/1725/1725
f 1676/1676/1676 1725/1725/1725 1724/1724/1724
f 1677/1677/1677 1678/1678/1678 1726/1726/1726
f 1677/1677/1677 1726/1726/1726 1725/1725/1725
f 1678/1678/1678 1679/1679/1679 1727/1727/1727
f 1678/1678/1678 1727/1727/1727 1726/1726/1726
f 1679/1679/1679 1680/1680/1680 1728/1728/1728
f 1679/1679/1679 1728/1728/1728 1727/1727/1727
f 1680/1680/1680 1681/1681/1681 1729/1729/1729
f 1680/1680/1680 1729/1729/1729 1728/1728/1728
f 1681/1681/1681 1682/1682/1682 1730/1730/1730
f 1681/1681/1681 1730/1730/1730 1729/1729/1729
f 1682/1682/1682 1683/1683/1683 1731/1731/1731
f 1682/1682/1682 1731/1731/1731 1730/1730/1730
f 1683/1683/1683 1636/1636/1636 1684/1684/1684
f 1683/1683/1683 1684/1684/1684 1731/1731/1731
f 1684/1684/1684 1685/1685/1685 1733/1733/1733
f 1684/1684/1684 1733/1733/1733 1732/1732/1732
f 1685/1685/1685 1686/1686/1686 1734/1734/1734
f 1685/1685/1685 1734/1734/1734 1733/1733/1733
f 1686/1686/1686 1687/1687/1687 1735/1735/1735
f 1686/1686/1686 1735/1735/1735 1734/1734/1734
f 1687/1687/1687 1688/1688/1688 1736/1736/1736
f 1687/1687/1687 1736/1736/1736 1735/1735/1735
f 1688/1688/1688 1689/1689/1689 1737/1737/1737
f 1688/1688/1688 1737/1737/1737 1736/1736/1736
f 1689/1689/1689 1690/1690/1690 1738/1738/1738
f 1689/1689/1689 1738/1738/1738 1737/1737/1737
f 1690/1690/1690 1691/1691/1691 1739/1739/1739
f 1690/1690/1690 1739/1739/1739 1738/1738/1738
f 1691/1691/1691 1692/1692/1692 1740/1740/1740
f 1691/1691/1691 1740/1740/1740 1739/1739/1739
f 1692/1692/1692 1693/1693/1693 1741/1741/1741
f 1692/1692/1692 1741/1741/1741 1740/1740/1740
f 1693/1693/1693 1694/1694/1694 1742/1742/1742
f 1693/1693/1693 1742/1742/1742 1741/1741/1741
f 1694/1694/1694 1695/1695/1695 1743/1743/1743
f 1694/1694/1694 1743/1743/1743 1742/1742/1742
f 1695/1695/1695 1696/1696/1696 1744/1744/1744
f 1695/1695/1695 1744/1744/1744 1743/1743/1743
f 1696/1696/1696 1697/1697/1697 1745/1745/1745
f 1696/1696/1696 1745/1745/1745 1744/1744/1744
f 1697/1697/1697 1698/1698/1698 1746/1746/1746
f 1697/1697/1697 1746/1746/1746 1745/1745/1745
f 1698/1698/1698 1699/1699/1699 1747/1747/1747
f 1698/1698/1698 1747/1747/1747 1746/1746/1746
f 1699/1699/1699 1700/1700/1700 1748/1748/1748
f 1699/1699/1699 1748/1748/1748 1747/1747/1747
f 1700/1700/1700 1701/1701/1701 1749/1749/1749
f 1700/1700/1700 1749/1749/1749 1748/1748/1748
f 1701/1701/1701 1702/1702/1702 1750/1750/1750
f 1701/1701/1701 1750/1750/1750 1749/1749/1749
f 1702/1702/1702 1703/1703/1703 1751/1751/1751
f 1702/1702/1702 1751/1751/1751 1750/1750/1750
f 1703/1703/1703 1704/1704/1704 1752/1752/1752
f 1703/1703/1703 1752/1752/1752 1751/1751/1751
f 1704/1704/1704 1705/1705/1705 1753/1753/1753
f 1704/1704/1704 1753/1753/1753 1752/1752/1752
f 1705/1705/1705 1706/1706/1706 1754/1754/1754
f 1705/1705/1705 1754/1754/1754 1753/1753/1753
f 1706/1706/1706 1707/1707/1707 1755/1755/1755
f 1706/1706/1706 1755/1755/1755 1754/1754/1754
f 1707/1707/1707 1708/1708/1708 1756/1756/1756
f 1707/1707/1707 1756/1756/1756 1755/1755/1755
f 1708/1708/1708 1709/1709/1709 1757/1757/1757
f 1708/1708/1708 1757/1757/1757 1756/1756/1756
f 1709/1709/1709 1710/1710/1710 1758/1758/1758
f 1709/1709/1709 1758/1758/1758 1757/1757/1757
f 1710/1710/1710 1711/1711/1711 1759/1759/1759
f 1710/1710/1710 1759/1759/1759 1758/1758/1758
f 1711/1711/1711 1712/1712/1712 1760/1760/1760
f 1711/1711/1711 1760/1760/1760 1759/1759/1759
f 1712/1712/1712 1713/1713/1713 1761/1761/1761
f 1712/1712/1712 1761/1761/1761 1760/1760/1760
f 1713/1713/1713 1714/1714/1714 1762/1762/1762
f 1713/1713/1713 1762/1762/1762 1761/1761/1761
f 1714/1714/1714 1715/1715/1715 1763/1763/1763
f 1714/1714/1714 1763/1763/1763 1762/1762/1762
f 1715/1715/1715 1716/1716/1716 1764/1764/1764
f 1715/1715/1715 1764/1764/1764 1763/1763/1763
f 1716/1716/1716 1717/1717/1717 1765/1765/1765
f 1716/1716/1716 1765/1765/1765 1764/1764/1764
f 1717/1717/1717 1718/1718/1718 1766/1766/1766
f 1717/1717/1717 1766/1766/1766 1765/1765/1765
f 1718/1718/1718 1719/1719/1719 1767/1767/1767
f 1718/1718/1718 1767/1767/1767 1766/1766/1766
f 1719/1719/1719 1720/1720/1720 1768/1768/1768
f 1719/1719/1719 1768/1768/1768 1767/1767/1767
f 1720/1720/1720 1721/1721/1721 1769/1769/1769
f 1720/1720/1720 1769/1769/1769 1768/1768/1768
f 1721/1721/1721 1722/1722/1722 1770/1770/1770
f 1721/1721/1721 1770/1770/1770 1769/1769/1769
f 1722/1722/1722 1723/1723/1723 1771/1771/1771
f 1722/1722/1722 1771/1771/1771 1770/1770/1770
f 1723/1723/1723 1724/1724/1724 1772/1772/1772
f 1723/1723/1723 1772/1772/1772 1771/1771/1771
f 1724/1724/1724 1725/1725/1725 1773/1773/1773
f 1724/1724/1724 1773/1773/1773 1772/1772/1772
f 1725/1725/1725 1726/1726/1726 1774/1774/1774
f 1725/1725/1725 1774/1774/1774 1773/1773/1773
f 1726/1726/1726 1727/1727/1727 1775/1775/1775
f 1726/1726/1726 1775/1775/1775 1774/1774/1774
f 1727/1727/1727 1728/1728/1728 1776/1776/1776
f 1727/1727/1727 1776/1776/1776 1775/1775/1775
f 1728/1728/1728 1729/1729/1729 1777/1777/1777
f 1728/1728/1728 1777/1777/1777 1776/1776/1776
f 1729/1729/1729 1730/1730/1730 1778/1778/1778
f 1729/1729/1729 1778/1778/1778 1777/1777/1777
f 1730/1730/1730 1731/1731/1731 1779/1779/1779
f 1730/1730/1730 1779/1779/1779 1778/1778/1778
f 1731/1731/1731 1684/1684/1684 1732/1732/1732
f 1731/1731/1731 1732/1732/1732 1779/1779/1779
f 1732/1732/1732 1733/1733/1733 1781/1781/1781
f 1732/1732/1732 1781/1781/1781 1780/1780/1780
f 1733/1733/1733 1734/1734/1734 1782/1782/1782
f 1733/1733/1733 1782/1782/1782 1781/1781/1781
f 1734/1734/1734 1735/1735/1735 1783/1783/1783
f 1734/1734/1734 1783/1783/1783 1782/1782/1782
f 1735/1735/1735 1736/1736/1736 1784/1784/1784
f 1735/1735/1735 1784/1784/1784 1783/1783/1783
f 1736/1736/1736 1737/1737/1737 1785/1785/1785
f 1736/1736/1736 1785/1785/1785 1784/1784/1784
f 1737/1737/1737 1738/1738/1738 1786/1786/1786
f 1737/1737/1737 1786/1786/1786 1785/1785/1785
f 1738/1738/1738 1739/1739/1739 1787/1787/1787
f 1738/1738/1738 1787/1787/1787 1786/1786/1786
f 1739/1739/1739 1740/1740/1740 1788/1788/1788
f 1739/1739/1739 1788/1788/1788 1787/1787/1787
f 1740/1740/1740 1741/1741/1741 1789/1789/1789
f 1740/1740/1740 1789/1789/1789 1788/1788/1788
f 1741/1741/1741 1742/1742/1742 1790/1790/1790
f 1741/1741/1741 1790/1790/1790 1789/1789/1789
f 1742/1742/1742 1743/1743/1743 1791/1791/1791
f 1742/1742/1742 1791/1791/1791 1790/1790/1790
f 1743/1743/1743 1744/1744/1744 1792/1792/1792
f 1743/1743/1743 1792/1792/1792 1791/1791/1791
f 1744/1744/1744 1745/1745/1745 1793/1793/1793
f 1744/1744/1744 1793/1793/1793 1792/1792/1792
f 1745/1745/1745 1746/1746/1746 1794/1794/1794
f 1745/1745/1745 1794/1794/1794 1793/1793/1793
f 1746/1746/1746 1747/1747/1747 1795/1795/1795
f 1746/1746/1746 1795/1795/1795 1794/1794/1794
f 1747/1747/1747 1748/1748/1748 1796/1796/1796
f 1747/1747/1747 1796/1796/1796 1795/1795/1795
f 1748/1748/1748 1749/1749/1749 1797/1797/1797
f 1748/1748/1748 1797/1797/1797 1796/1796/1796
f 1749/1749/1749 1750/1750/1750 1798/1798/1798
f 1749/1749/1749 1798/1798/1798 1797/1797/1797
f 1750/1750/1750 1751/1751/1751 1799/1799/1799
f 1750/1750/1750 1799/1799/1799 1798/1798/1798
f 1751/1751/1751 1752/1752/1752 1800/1800/1800
f 1751/1751/1751 1800/1800/1800 1799/1799/1799
f 1752/1752/1752 1753/1753/1753 1801/1801/1801
f 1752/1752/1752 1801/1801/1801 1800/1800/1800
f 1753/1753/1753 1754/1754/1754 1802/1802/1802
f 1753/1753/1753 1802/1802/1802 1801/1801/1801
f 1754/1754/1754 1755/1755/1755 1803/1803/1803
f 1754/1754/1754 1803/1803/1803 1802/1802/1802
f 1755/1755/1755 1756/1756/1756 1804/1804/1804
f 1755/1755/1755 1804/1804/1804 1803/1803/1803
f 1756/1756/1756 1757/1757/1757 1805/1805/1805
f 1756/1756/1756 1805/1805/1805 1804/1804/1804
f 1757/1757/1757 1758/1758/1758 1806/1806/1806
f 1757/1757/1757 1806/1806/1806 1805/1805/1805
f 1758/1758/1758 1759/1759/1759 1807/1807/1807
f 1758/1758/1758 1807/1807/1807 1806/1806/1806
f 1759/1759/1759 1760/1760/1760 1808/1808/1808
f 1759/1759/1759 1808/1808/1808 1807/1807/1807
f 1760/1760/1760 1761/1761/1761 1809/1809/1809
f 1760/1760/1760 1809/1809/1809 1808/1808/1808
f 1761/1761/1761 1762/1762/1762 1810/1810/1810
f 1761/1761/1761 1810/1810/1810 1809/1809/1809
f 1762/1762/1762 1763/1763/1763 1811/1811/1811
f 1762/1762/1762 1811/1811/1811 1810/1810/1810
f 1763/1763/1763 1764/1764/1764 1812/1812/1812
f 1763/1763/1763 1812/1812/1812 1811/1811/1811
f 1764/1764/1764 1765/1765/1765 1813/1813/1813
f 1764/1764/1764 1813/1813/1813 1812/1812/1812
f 1765/1765/1765 1766/1766/1766 1814/1814/1814
f 1765/1765/1765 1814/1814/1814 1813/1813/1813
f 1766/1766/1766 1767/1767/1767 1815/1815/1815
f 1766/1766/1766 1815/1815/1815 1814/1814/1814
f 1767/1767/1767 1768/1768/1768 1816/1816/1816
f 1767/1767/1767 1816/1816/1816 1815/1815/1815
f 1768/1768/1768 1769/1769/1769 1817/1817/1817
f 1768/1768/1768 1817/1817/1817 1816/1816/1816
f 1769/1769/1769 1770/1770/1770 1818/1818/1818
f 1769/1769/1769 1818/1818/1818 1817/1817/1817
f 1770/1770/1770 1771/1771/1771 1819/1819/1819
f 1770/1770/1770 1819/1819/1819 1818/1818/1818
f 1771/1771/1771 1772/1772/1772 1820/1820/1820
f 1771/1771/1771 1820/1820/1820 1819/1819/1819
f 1772/1772/1772 1773/1773/1773 1821/1821/1821
f 1772/1772/1772 1821/1821/1821 1820/1820/1820
f 1773/1773/1773 1774/1774/1774 1822/1822/1822
f 1773/1773/1773 1822/1822/1822 1821/1821/1821
f 1774/1774/1774 1775/1775/1775 1823/1823/1823
f 1774/1774/1774 1823/1823/1823 1822/1822/1822
f 1775/1775/1775 1776/1776/1776 1824/1824/1824
f 1775/1775/1775 1824/1824/1824 1823/1823/1823
f 1776/1776/1776 1777/1777/1777 1825/1825/1825
f 1776/1776/1776 1825/1825/1825 1824/1824/1824
f 1777/1777/1777 1778/1778/1778 1826/1826/1826
f 1777/1777/1777 1826/1826/1826 1825/1825/1825
f 1778/1778/1778 1779/1779/1779 1827/1827/1827
f 1778/1778/1778 1827/1827/1827 1826/1826/1826
f 1779/1779/1779 1732/1732/1732 1780/1780/1780
f 1779/1779/1779 1780/1780/1780 1827/1827/1827
f 1780/1780/1780 1781/1781/1781 1829/1829/1829
f 1780/1780/1780 1829/1829/1829 1828/1828/1828
f 1781/1781/1781 1782/1782/1782 1830/1830/1830
f 1781/1781/1781 1830/1830/1830 1829/1829/1829
f 1782/1782/1782 1783/1783/1783 1831/1831/1831
f 1782/1782/1782 1831/1831/1831 1830/1830/1830
f 1783/1783/1783 1784/1784/1784 1832/1832/1832
f 1783/1783/1783 1832/1832/1832 1831/1831/1831
f 1784/1784/1784 1785/1785/1785 1833/1833/1833
f 1784/1784/1784 1833/1833/1833 1832/1832/1832
f 1785/1785/1785 1786/1786/1786 1834/1834/1834
f 1785/1785/1785 1834/1834/1834 1833/1833/1833
f 1786/1786/1786 1787/1787/1787 1835/1835/1835
f 1786/1786/1786 1835/1835/1835 1834/1834/1834
f 1787/1787/1787 1788/1788/1788 1836/1836/1836
f 1787/1787/1787 1836/1836/1836 1835/1835/1835
f 1788/1788/1788 1789/1789/1789 1837/1837/1837
f 1788/1788/1788 1837/1837/1837 1836/1836/1836
f 1789/1789/1789 1790/1790/1790 1838/1838/1838
f 1789/1789/1789 1838/1838/1838 1837/1837/1837
f 1790/1790/1790 1791/1791/1791 1839/1839/1839
f 1790/1790/1790 1839/1839/1839 1838/1838/1838
f 1791/1791/1791 1792/1792/1792 1840/1840/1840
f 1791/1791/1791 1840/1840/1840 1839/1839/1839
f 1792/1792/1792 1793/1793/1793 1841/1841/1841
f 1792/1792/1792 1841/1841/1841 1840/1840/1840
f 1793/1793/1793 1794/1794/1794 1842/1842/1842
f 1793/1793/1793 1842/1842/1842 1841/1841/1841
f 1794/1794/1794 1795/1795/1795 1843/1843/1843
f 1794/1794/1794 1843/1843/1843 1842/1842/1842
f 1795/1795/1795 1796/1796/1796 1844/1844/1844
f 1795/1795/1795 1844/1844/1844 1843/1843/1843
f 1796/1796/1796 1797/1797/1797 1845/1845/1845
f 1796/1796/1796 1845/1845/1845 1844/1844/1844
f 1797/1797/1797 1798/1798/1798 1846/1846/1846
f 1797/1797/1797 1846/1846/1846 1845/1845/1845
f 1798/1798/1798 1799/1799/1799 1847/1847/1847
f 1798/1798/1798 1847/1847/1847 1846/1846/1846
f 1799/1799/1799 1800/1800/1800 1848/1848/1848
f 1799/1799/1799 1848/1848/1848 1847/1847/1847
f 1800/1800/1800 1801/1801/1801 1849/1849/1849
f 1800/1800/1800 1849/1849/1849 1848/1848/1848
f 1801/1801/1801 1802/1802/1802 1850/1850/1850
f 1801/1801/1801 1850/1850/1850 1849/1849/1849
f 1802/1802/1802 1803/1803/1803 1851/1851/1851
f 1802/1802/1802 1851/1851/1851 1850/1850/1850
f 1803/1803/1803 1804/1804/1804 1852/1852/1852
f 1803/1803/1803 1852/1852/1852 1851/1851/1851
f 1804/1804/1804 1805/1805/1805 1853/1853/1853
f 1804/1804/1804 1853/1853/1853 1852/1852/1852
f 1805/1805/1805 1806/1806/1806 1854/1854/1854
f 1805/1805/1805 1854/1854/1854 1853/1853/1853
f 1806/1806/1806 1807/1807/1807 1855/1855/1855
f 1806/1806/1806 1855/1855/1855 1854/1854/1854
f 1807/1807/1807 1808/1808/1808 1856/1856/1856
f 1807/1807/1807 1856/1856/1856 1855/1855/1855
f 1808/1808/1808 1809/1809/1809 1857/1857/1857
f 1808/1808/1808 1857/1857/1857 1856/1856/1856
f 1809/1809/1809 1810/1810/1810 1858/1858/1858
f 1809/1809/1809 1858/1858/1858 1857/1857/1857
f 1810/1810/1810 1811/1811/1811 1859/1859/1859
f 1810/1810/1810 1859/1859/1859 1858/1858/1858
f 1811/1811/1811 1812/1812/1812 1860/1860/1860
f 1811/1811/1811 1860/1860/1860 1859/1859/1859
f 1812/1812/1812 1813/1813/1813 1861/1861/1861
f 1812/1812/1812 1861/1861/1861 1860/1860/1860
f 1813/1813/1813 1814/1814/1814 1862/1862/1862
f 1813/1813/1813 1862/1862/1862 1861/1861/1861
f 1814/1814/1814 1815/1815/1815 1863/1863/1863
f 1814/1814/1814 1863/1863/1863 1862/1862/1862
f 1815/1815/1815 1816/1816/1816 1864/1864/1864
f 1815/1815/1815 1864/1864/1864 1863/1863/1863
f 1816/1816/1816 1817/1817/1817 1865/1865/1865
f 1816/1816/1816 1865/1865/1865 1864/1864/1864
f 1817/1817/1817 1818/1818/1818 1866/1866/1866
f 1817/1817/1817 1866/1866/1866 1865/1865/1865
f 1818/1818/1818 1819/1819/1819 1867/1867/1867
f 1818/1818/1818 1867/1867/1867 1866/1866/1866
f 1819/1819/1819 1820/1820/1820 1868/1868/1868
f 1819/1819/1819 1868/1868/1868 1867/1867/1867
f 1820/1820/1820 1821/1821/1821 1869/1869/1869
f 1820/1820/1820 1869/1869/1869 1868/1868/1868
f 1821/1821/1821 1822/1822/1822 1870/1870/1870
f 1821/1821/1821 1870/1870/1870 1869/1869/1869
f 1822/1822/1822 1823/1823/1823 1871/1871/1871
f 1822/1822/1822 1871/1871/1871 1870/1870/1870
f 1823/1823/1823 1824/1824/1824 1872/1872/1872
f 1823/1823/1823 1872/1872/1872 1871/1871/1871
f 1824/1824/1824 1825/1825/1825 1873/1873/1873
f 1824/1824/1824 1873/1873/1873 1872/1872/1872
f 1825/1825/1825 1826/1826/1826 1874/1874/1874
f 1825/1825/1825 1874/1874/1874 1873/1873/1873
f 1826/1826/1826 1827/1827/1827 1875/1875/1875
f 1826/1826/1826 1875/1875/1875 1874/1874/1874
f 1827/1827/1827 1780/1780/1780 1828/1828/1828
f 1827/1827/1827 1828/1828/1828 1875/1875/1875
f 1828/1828/1828 1829/1829/1829 1877/1877/1877
f 1828/1828/1828 1877/1877/1877 1876/1876/1876
f 1829/1829/1829 1830/1830/1830 1878/1878/1878
f 1829/1829/1829 1878/1878/1878 1877/1877/1877
f 1830/1830/1830 1831/1831/1831 1879/1879/1879
f 1830/1830/1830 1879/1879/1879 1878/1878/1878
f 1831/1831/1831 1832/1832/1832 1880/1880/1880
f 1831/1831/1831 1880/1880/1880 1879/1879/1879
f 1832/1832/1832 1833/1833/1833 1881/1881/1881
f 1832/1832/1832 1881/1881/1881 1880/1880/1880
f 1833/1833/1833 1834/1834/1834 1882/1882/1882
f 1833/1833/1833 1882/1882/1882 1881/1881/1881
f 1834/1834/1834 1835/1835/1835 1883/1883/1883
f 1834/1834/1834 1883/1883/1883 1882/1882/1882
f 1835/1835/1835 1836/1836/1836 1884/1884/1884
f 1835/1835/1835 1884/1884/1884 1883/1883/1883
f 1836/1836/1836 1837/1837/1837 1885/1885/1885
f 1836/1836/1836 1885/1885/1885 1884/1884/1884
f 1837/1837/1837 1838/1838/1838 1886/1886/1886
f 1837/1837/1837 1886/1886/1886 1885/1885/1885
f 1838/1838/1838 1839/1839/1839 1887/1887/1887
f 1838/1838/1838 1887/1887/1887 1886/1886/1886
f 1839/1839/1839 1840/1840/1840 1888/1888/1888
f 1839/1839/1839 1888/1888/1888 1887/1887/1887
f 1840/1840/1840 1841/1841/1841 1889/1889/1889
f 1840/1840/1840 1889/1889/1889 1888/1888/1888
f 1841/1841/1841 1842/1842/1842 1890/1890/1890
f 1841/1841/1841 1890/1890/1890 1889/1889/1889
f 1842/1842/1842 1843/1843/1843 1891/1891/1891
f 1842/1842/1842 1891/1891/1891 1890/1890/1890
f 1843/1843/1843 1844/1844/1844 1892/1892/1892
f 1843/1843/1843 1892/1892/1892 1891/1891/1891
f 1844/1844/1844 1845/1845/1845 1893/1893/1893
f 1844/1844/1844 1893/1893/1893 1892/1892/1892
f 1845/1845/1845 1846/1846/1846 1894/1894/1894
f 1845/1845/1845 1894/1894/1894 1893/1893/1893
f 1846/1846/1846 1847/1847/1847 1895/1895/1895
f 1846/1846/1846 1895/1895/1895 1894/1894/1894
f 1847/1847/1847 1848/1848/1848 1896/1896/1896
f 1847/1847/1847 1896/1896/1896 1895/1895/1895
f 1848/1848/1848 1849/1849/1849 1897/1897/1897
f 1848/1848/1848 1897/1897/1897 1896/1896/1896
f 1849/1849/1849 1850/1850/1850 1898/1898/1898
f 1849/1849/1849 1898/1898/1898 1897/1897/1897
f 1850/1850/1850 1851/1851/1851 1899/1899/1899
f 1850/1850/1850 1899/1899/1899 1898/1898/1898
f 1851/1851/1851 1852/1852/1852 1900/1900/1900
f 1851/1851/1851 1900/1900/1900 1899/1899/1899
f 1852/1852/1852 1853/1853/1853 1901/1901/1901
f 1852/1852/1852 1901/1901/1901 1900/1900/1900
f 1853/1853/1853 1854/1854/1854 1902/1902/1902
f 1853/1853/1853 1902/1902/1902 1901/1901/1901
f 1854/1854/1854 1855/1855/1855 1903/1903/1903
f 1854/1854/1854 1903/1903/1903 1902/1902/1902
f 1855/1855/1855 1856/1856/1856 1904/1904/1904
f 1855/1855/1855 1904/1904/1904 1903/1903/1903
f 1856/1856/1856 1857/1857/1857 1905/1905/1905
f 1856/1856/1856 1905/1905/1905 1904/1904/1904
f 1857/1857/1857 1858/1858/1858 1906/1906/1906
f 1857/1857/1857 1906/1906/1906 1905/1905/1905
f 1858/1858/1858 1859/1859/1859 1907/1907/1907
f 1858/1858/1858 1907/1907/1907 1906/1906/1906
f 1859/1859/1859 1860/1860/1860 1908/1908/1908
f 1859/1859/1859 1908/1908/1908 1907/1907/1907
f 1860/1860/1860 1861/1861/1861 1909/1909/1909
f 1860/1860/1860 1909/1909/1909 1908/1908/1908
f 1861/1861/1861 1862/1862/1862 1910/1910/1910
f 1861/1861/1861 1910/1910/1910 1909/1909/1909
f 1862/1862/1862 1863/1863/1863 1911/1911/1911
f 1862/1862/1862 1911/1911/1911 1910/1910/1910
f 1863/1863/1863 1864/1864/1864 1912/1912/1912
f 1863/1863/1863 1912/1912/1912 1911/1911/1911
f 1864/1864/1864 1865/1865/1865 1913/1913/1913
f 1864/1864/1864 1913/1913/1913 1912/1912/1912
f 1865/1865/1865 1866/1866/1866 1914/1914/1914
f 1865/1865/1865 1914/1914/1914 1913/1913/1913
f 1866/1866/1866 1867/1867/1867 1915/1915/1915
f 1866/1866/1866 1915/1915/1915 1914/1914/1914
f 1867/1867/1867 1868/1868/1868 1916/1916/1916
f 1867/1867/1867 1916/1916/1916 1915/1915/1915
f 1868/1868/1868 1869/1869/1869 1917/1917/1917
f 1868/1868/1868 1917/1917/1917 1916/1916/1916
f 1869/1869/1869 1870/1870/1870 1918/1918/1918
f 1869/1869/1869 1918/1918/1918 1917/1917/1917
f 1870/1870/1870 1871/1871/1871 1919/1919/1919
f 1870/1870/1870 1919/1919/1919 1918/1918/1918
f 1871/1871/1871 1872/1872/1872 1920/1920/1920
f 1871/1871/1871 1920/1920/1920 1919/1919/1919
f 1872/1872/1872 1873/1873/1873 1921/1921/1921
f 1872/1872/1872 1921/1921/1921 1920/1920/1920
f 1873/1873/1873 1874/1874/1874 1922/1922/1922
f 1873/1873/1873 1922/1922/1922 1921/1921/1921
f 1874/1874/1874 1875/1875/1875 1923/1923/1923
f 1874/1874/1874 1923/1923/1923 1922/1922/1922
f 1875/1875/1875 1828/1828/1828 1876/1876/1876
f 1875/1875/1875 1876/1876/1876 1923/1923/1923
f 1876/1876/1876 1877/1877/1877 1925/1925/1925
f 1876/1876/1876 1925/1925/1925 1924/1924/1924
f 1877/1877/1877 1878/1878/1878 1926/1926/1926
f 1877/1877/1877 1926/1926/1926 1925/1925/1925
f 1878/1878/1878 1879/1879/1879 1927/1927/1927
f 1878/1878/1878 1927/1927/1927 1926/1926/1926
f 1879/1879/1879 1880/1880/1880 1928/1928/1928
f 1879/1879/1879 1928/1928/1928 1927/1927/1927
f 1880/1880/1880 1881/1881/1881 1929/1929/1929
f 1880/1880/1880 1929/1929/1929 1928/1928/1928
f 1881/1881/1881 1882/1882/1882 1930/1930/1930
f 1881/1881/1881 1930/1930/1930 1929/1929/1929
f 1882/1882/1882 1883/1883/1883 1931/1931/1931
f 1882/1882/1882 1931/1931/1931 1930/1930/1930
f 1883/1883/1883 1884/1884/1884 1932/1932/1932
f 1883/1883/1883 1932/1932/1932 1931/1931/1931
f 1884/1884/1884 1885/1885/1885 1933/1933/1933
f 1884/1884/1884 1933/1933/1933 1932/1932/1932
f 1885/1885/1885 1886/1886/1886 1934/1934/1934
f 1885/1885/1885 1934/1934/1934 1933/1933/1933
f 1886/1886/1886 1887/1887/1887 1935/1935/1935
f 1886/1886/1886 1935/1935/1935 1934/1934/1934
f 1887/1887/1887 1888/1888/1888 1936/1936/1936
f 1887/1887/1887 1936/1936/1936 1935/1935/1935
f 1888/1888/1888 1889/1889/1889 1937/1937/1937
f 1888/1888/1888 1937/1937/1937 1936/1936/1936
f 1889/1889/1889 1890/1890/1890 1938/1938/1938
f 1889/1889/1889 1938/1938/1938 1937/1937/1937
f 1890/1890/1890 1891/1891/1891 1939/1939/1939
f 1890/1890/1890 1939/1939/1939 1938/1938/1938
f 1891/1891/1891 1892/1892/1892 1940/1940/1940
f 1891/1891/1891 1940/1940/1940 1939/1939/1939
f 1892/1892/1892 1893/1893/1893 1941/1941/1941
f 1892/1892/1892 1941/1941/1941 1940/1940/1940
f 1893/1893/1893 1894/1894/1894 1942/1942/1942
f 1893/1893/1893 1942/1942/1942 1941/1941/1941
f 1894/1894/1894 1895/1895/1895 1943/1943/1943
f 1894/1894/1894 1943/1943/1943 1942/1942/1942
f 1895/1895/1895 1896/1896/1896 1944/1944/1944
f 1895/1895/1895 1944/1944/1944 1943/1943/1943
f 1896/1896/1896 1897/1897/1897 1945/1945/1945
f 1896/1896/1896 1945/1945/1945 1944/1944/1944
f 1897/1897/1897 1898/1898/1898 1946/1946/1946
f 1897/1897/1897 1946/1946/1946 1945/1945/1945
f 1898/1898/1898 1899/1899/1899 1947/1947/1947
f 1898/1898/1898 1947/1947/1947 1946/1946/1946
f 1899/1899/1899 1900/1900/1900 1948/1948/1948
f 1899/1899/1899 1948/1948/1948 1947/1947/1947
f 1900/1900/1900 1901/1901/1901 1949/1949/1949
f 1900/1900/1900 1949/1949/1949 1948/1948/1948
f 1901/1901/1901 1902/1902/1902 1950/1950/1950
f 1901/1901/1901 1950/1950/1950 1949/1949/1949
f 1902/1902/1902 1903/1903/1903 1951/1951/1951
f 1902/1902/1902 1951/1951/1951 1950/1950/1950
f 1903/1903/1903 1904/1904/1904 1952/1952/1952
f 1903/1903/1903 1952/1952/1952 1951/1951/1951
f 1904/1904/1904 1905/1905/1905 1953/1953/1953
f 1904/1904/1904 1953/1953/1953 1952/1952/1952
f 1905/1905/1905 1906/1906/1906 1954/1954/1954
f 1905/1905/1905 1954/1954/1954 1953/1953/1953
f 1906/1906/1906 1907/1907/1907 1955/1955/1955
f 1906/1906/1906 1955/1955/1955 1954/1954/1954
f 1907/1907/1907 1908/1908/1908 1956/1956/1956
f 1907/1907/1907 1956/1956/1956 1955/1955/1955
f 1908/1908/1908 1909/1909/1909 1957/1957/1957
f 1908/1908/1908 1957/1957/1957 1956/1956/1956
f 1909/1909/1909 1910/1910/1910 1958/1958/1958
f 1909/1909/1909 1958/1958/1958 1957/1957/1957
f 1910/1910/1910 1911/1911/1911 1959/1959/1959
f 1910/1910/1910 1959/1959/1959 1958/1958/1958
f 1911/1911/1911 1912/1912/1912 1960/1960/1960
f 1911/1911/1911 1960/1960/1960 1959/1959/1959
f 1912/1912/1912 1913/1913/1913 1961/1961/1961
f 1912/1912/1912 1961/1961/1961 1960/1960/1960
f 1913/1913/1913 1914/1914/1914 1962/1962/1962
f 1913/1913/1913 1962/1962/1962 1961/1961/1961
f 1914/1914/1914 1915/1915/1915 1963/1963/1963
f 1914/1914/1914 1963/1963/1963 1962/1962/1962
f 1915/1915/1915 1916/1916/1916 1964/1964/1964
f 1915/1915/1915 1964/1964/1964 1963/1963/1963
f 1916/1916/1916 1917/1917/1917 1965/1965/1965
f 1916/1916/1916 1965/1965/1965 1964/1964/1964
f 1917/1917/1917 1918/1918/1918 1966/1966/1966
f 1917/1917/1917 1966/1966/1966 1965/1965/1965
f 1918/1918/1918 1919/1919/1919 1967/1967/1967
f 1918/1918/1918 1967/1967/1967 1966/1966/1966
f 1919/1919/1919 1920/1920/1920 1968/1968/1968
f 1919/1919/1919 1968/1968/1968 1967/1967/1967
f 1920/1920/1920 1921/1921/1921 1969/1969/1969
f 1920/1920/1920 1969/1969/1969 1968/1968/1968
f 1921/1921/1921 1922/1922/1922 1970/1970/1970
f 1921/1921/1921 1970/1970/1970 1969/1969/1969
f 1922/1922/1922 1923/1923/1923 1971/1971/1971
f 1922/1922/1922 1971/1971/1971 1970/1970/1970
f 1923/1923/1923 1876/1876/1876 1924/1924/1924
f 1923/1923/1923 1924/1924/1924 1971/1971/1971
f 1924/1924/1924 1925/1925/1925 1973/1973/1973
f 1924/1924/1924 1973/1973/1973 1972/1972/1972
f 1925/1925/1925 1926/1926/1926 1974/1974/1974
f 1925/1925/1925 1974/1974/1974 1973/1973/1973
f 1926/1926/1926 1927/1927/1927 1975/1975/1975
f 1926/1926/1926 1975/1975/1975 1974/1974/1974
f 1927/1927/1927 1928/1928/1928 1976/1976/1976
f 1927/1927/1927 1976/1976/1976 1975/1975/1975
f 1928/1928/1928 1929/1929/1929 1977/1977/1977
f 1928/1928/1928 1977/1977/1977 1976/1976/1976
f 1929/1929/1929 1930/1930/1930 1978/1978/1978
f 1929/1929/1929 1978/1978/1978 1977/1977/1977
f 1930/1930/1930 1931/1931/1931 1979/1979/1979
f 1930/1930/1930 1979/1979/1979 1978/1978/1978
f 1931/1931/1931 1932/1932/1932 1980/1980/1980
f 1931/1931/1931 1980/1980/1980 1979/1979/1979
f 1932/1932/1932 1933/1933/1933 1981/1981/1981
f 1932/1932/1932 1981/1981/1981 1980/1980/1980
f 1933/1933/1933 1934/1934/1934 1982/1982/1982
f 1933/1933/1933 1982/1982/1982 1981/1981/1981
f 1934/1934/1934 1935/1935/1935 1983/1983/1983
f 1934/1934/1934 1983/1983/1983 1982/1982/1982
f 1935/1935/1935 1936/1936/1936 1984/1984/1984
f 1935/1935/1935 1984/1984/1984 1983/1983/1983
f 1936/1936/1936 1937/1937/1937 1985/1985/1985
f 1936/1936/1936 1985/1985/1985 1984/1984/1984
f 1937/1937/1937 1938/1938/1938 1986/1986/1986
f 1937/1937/1937 1986/1986/1986 1985/1985/1985
f 1938/1938/1938 1939/1939/1939 1987/1987/1987
f 1938/1938/1938 1987/1987/1987 1986/1986/1986
f 1939/1939/1939 1940/1940/1940 1988/1988/1988
f 1939/1939/1939 1988/1988/1988 1987/1987/1987
f 1940/1940/1940 1941/1941/1941 1989/1989/1989
f 1940/1940/1940 1989/1989/1989 1988/1988/1988
f 1941/1941/1941 1942/1942/1942 1990/1990/1990
f 1941/1941/1941 1990/1990/1990 1989/1989/1989
f 1942/1942/1942 1943/1943/1943 1991/1991/1991
f 1942/1942/1942 1991/1991/1991 1990/1990/1990
f 1943/1943/1943 1944/1944/1944 1992/1992/1992
f 1943/1943/1943 1992/1992/1992 1991/1991/1991
f 1944/1944/1944 1945/1945/1945 1993/1993/1993
f 1944/1944/1944 1993/1993/1993 1992/1992/1992
f 1945/1945/1945 1946/1946/1946 1994/1994/1994
f 1945/1945/1945 1994/1994/1994 1993/1993/1993
f 1946/1946/1946 1947/1947/1947 1995/1995/1995
f 1946/1946/1946 1995/1995/1995 1994/1994/1994
f 1947/1947/1947 1948/1948/1948 1996/1996/1996
f 1947/1947/1947 1996/1996/1996 1995/1995/1995
f 1948/1948/1948 1949/1949/1949 1997/1997/1997
f 1948/1948/1948 1997/1997/1997 1996/1996/1996
f 1949/1949/1949 1950/1950/1950 1998/1998/1998
f 1949/1949/1949 1998/1998/1998 1997/1997/1997
f 1950/1950/1950 1951/1951/1951 1999/1999/1999
f 1950/1950/1950 1999/1999/1999 1998/1998/1998
f 1951/1951/1951 1952/1952/1952 2000/2000/2000
f 1951/1951/1951 2000/2000/2000 1999/1999/1999
f 1952/1952/1952 1953/1953/1953 2001/2001/2001
f 1952/1952/1952 2001/2001/2001 2000/2000/2000
f 1953/1953/1953 1954/1954/1954 2002/2002/2002
f 1953/1953/1953 2002/2002/2002 2001/2001/2001
f 1954/1954/1954 1955/1955/1955 2003/2003/2003
f 1954/1954/1954 2003/2003/2003 2002/2002/2002
f 1955/1955/1955 1956/1956/1956 2004/2004/2004
f 1955/1955/1955 2004/2004/2004 2003/2003/2003
f 1956/1956/1956 1957/1957/1957 2005/2005/2005
f 1956/1956/1956 2005/2005/2005 2004/2004/2004
f 1957/1957/1957 1958/1958/1958 2006/2006/2006
f 1957/1957/1957 2006/2006/2006 2005/2005/2005
f 1958/1958/1958 1959/1959/1959 2007/2007/2007
f 1958/1958/1958 2007/2007/2007 2006/2006/2006
f 1959/1959/1959 1960/1960/1960 2008/2008/2008
f 1959/1959/1959 2008/2008/2008 2007/2007/2007
f 1960/1960/1960 1961/1961/1961 2009/2009/2009
f 1960/1960/1960 2009/2009/2009 2008/2008/2008
f 1961/1961/1961 1962/1962/1962 2010/2010/2010
f 1961/1961/1961 2010/2010/2010 2009/2009/2009
f 1962/1962/1962 1963/1963/1963 2011/2011/2011
f 1962/1962/1962 2011/2011/2011 2010/2010/2010
f 1963/1963/1963 1964/1964/1964 2012/2012/2012
f 1963/1963/1963 2012/2012/2012 2011/2011/2011
f 1964/1964/1964 1965/1965/1965 2013/2013/2013
f 1964/1964/1964 2013/2013/2013 2012/2012/2012
f 1965/1965/1965 1966/1966/1966 2014/2014/2014
f 1965/1965/1965 2014/2014/2014 2013/2013/2013
f 1966/1966/1966 1967/1967/1967 2015/2015/2015
f 1966/1966/1966 2015/2015/2015 2014/2014/2014
f 1967/1967/1967 1968/1968/1968 2016/2016/2016
f 1967/1967/1967 2016/2016/2016 2015/2015/2015
f 1968/1968/1968 1969/1969/1969 2017/2017/2017
f 1968/1968/1968 2017/2017/2017 2016/2016/2016
f 1969/1969/1969 1970/1970/1970 2018/2018/2018
f 1969/1969/1969 2018/2018/2018 2017/2017/2017
f 1970/1970/1970 1971/1971/1971 2019/2019/2019
f 1970/1970/1970 2019/2019/2019 2018/2018/2018
f 1971/1971/1971 1924/1924/1924 1972/1972/1972
f 1971/1971/1971 1972/1972/1972 2019/2019/2019
f 1972/1972/1972 1973/1973/1973 2021/2021/2021
f 1972/1972/1972 2021/2021/2021 2020/2020/2020
f 1973/1973/1973 1974/1974/1974 2022/2022/2022
f 1973/1973/1973 2022/2022/2022 2021/2021/2021
f 1974/1974/1974 1975/1975/1975 2023/2023/2023
f 1974/1974/1974 2023/2023/2023 2022/2022/2022
f 1975/1975/1975 1976/1976/1976 2024/2024/2024
f 1975/1975/1975 2024/2024/2024 2023/2023/2023
f 1976/1976/1976 1977/1977/1977 2025/2025/2025
f 1976/1976/1976 2025/2025/2025 2024/2024/2024
f 1977/1977/1977 1978/1978/1978 2026/2026/2026
f 1977/1977/1977 2026/2026/2026 2025/2025/2025
f 1978/1978/1978 1979/1979/1979 2027/2027/2027
f 1978/1978/1978 2027/2027/2027 2026/2026/2026
f 1979/1979/1979 1980/1980/1980 2028/2028/2028
f 1979/1979/1979 2028/2028/2028 2027/2027/2027
f 1980/1980/1980 1981/1981/1981 2029/2029/2029
f 1980/1980/1980 2029/2029/2029 2028/2028/2028
f 1981/1981/1981 1982/1982/1982 2030/2030/2030
f 1981/1981/1981 2030/2030/2030 2029/2029/2029
f 1982/1982/1982 1983/1983/1983 2031/2031/2031
f 1982/1982/1982 2031/2031/2031 2030/2030/2030
f 1983/1983/1983 1984/1984/1984 2032/2032/2032
f 1983/1983/1983 2032/2032/2032 2031/2031/2031
f 1984/1984/1984 1985/1985/1985 2033/2033/2033
f 1984/1984/1984 2033/2033/2033 2032/2032/2032
f 1985/1985/1985 1986/1986/1986 2034/2034/2034
f 1985/1985/1985 2034/2034/2034 2033/2033/2033
f 1986/1986/1986 1987/1987/1987 2035/2035/2035
f 1986/1986/1986 2035/2035/2035 2034/2034/2034
f 1987/1987/1987 1988/1988/1988 2036/2036/2036
f 1987/1987/1987 2036/2036/2036 2035/2035/2035
f 1988/1988/1988 1989/1989/1989 2037/2037/2037
f 1988/1988/1988 2037/2037/2037 2036/2036/2036
f 1989/1989/1989 1990/1990/1990 2038/2038/2038
f 1989/1989/1989 2038/2038/2038 2037/2037/2037
f 1990/1990/1990 1991/1991/1991 2039/2039/2039
f 1990/1990/1990 2039/2039/2039 2038/2038/2038
f 1991/1991/1991 1992/1992/1992 2040/2040/2040
f 1991/1991/1991 2040/2040/2040 2039/2039/2039
f 1992/1992/1992 1993/1993/1993 2041/2041/2041
f 1992/1992/1992 2041/2041/2041 2040/2040/2040
f 1993/1993/1993 1994/1994/1994 2042/2042/2042
f 1993/1993/1993 2042/2042/2042 2041/2041/2041
f 1994/1994/1994 1995/1995/1995 2043/2043/2043
f 1994/1994/1994 2043/2043/2043 2042/2042/2042
f 1995/1995/1995 1996/1996/1996 2044/2044/2044
f 1995/1995/1995 2044/2044/2044 2043/2043/2043
f 1996/1996/1996 1997/1997/1997 2045/2045/2045
f 1996/1996/1996 2045/2045/2045 2044/2044/2044
f 1997/1997/1997 1998/1998/1998 2046/2046/2046
f 1997/1997/1997 2046/2046/2046 2045/2045/2045
f 1998/1998/1998 1999/1999/1999 2047/2047/2047
f 1998/1998/1998 2047/2047/2047 2046/2046/2046
f 1999/1999/1999 2000/2000/2000 2048/2048/2048
f 1999/1999/1999 2048/2048/2048 2047/2047/2047
f 2000/2000/2000 2001/2001/2001 2049/2049/2049
f 2000/2000/2000 2049/2049/2049 2048/2048/2048
f 2001/2001/2001 2002/2002/2002 2050/2050/2050
f 2001/2001/2001 2050/2050/2050 2049/2049/2049
f 2002/2002/2002 2003/2003/2003 2051/2051/2051
f 2002/2002/2002 2051/2051/2051 2050/2050/2050
f 2003/2003/2003 2004/2004/2004 2052/2052/2052
f 2003/2003/2003 2052/2052/2052 2051/2051/2051
f 2004/2004/2004 2005/2005/2005 2053/2053/2053
f 2004/2004/2004 2053/2053/2053 2052/2052/2052
f 2005/2005/2005 2006/2006/2006 2054/2054/2054
f 2005/2005/2005 2054/2054/2054 2053/2053/2053
f 2006/2006/2006 2007/2007/2007 2055/2055/2055
f 2006/2006/2006 2055/2055/2055 2054/2054/2054
f 2007/2007/2007 2008/2008/2008 2056/2056/2056
f 2007/2007/2007 2056/2056/2056 2055/2055/2055
f 2008/2008/2008 2009/2009/2009 2057/2057/2057
f 2008/2008/2008 2057/2057/2057 2056/2056/2056
f 2009/2009/2009 2010/2010/2010 2058/2058/2058
f 2009/2009/2009 2058/2058/2058 2057/2057/2057
f 2010/2010/2010 2011/2011/2011 2059/2059/2059
f 2010/2010/2010 2059/2059/2059 2058/2058/2058
f 2011/2011/2011 2012/2012/2012 2060/2060/2060
f 2011/2011/2011 2060/2060/2060 2059/2059/2059
f 2012/2012/2012 2013/2013/2013 2061/2061/2061
f 2012/2012/2012 2061/2061/2061 2060/2060/2060
f 2013/2013/2013 2014/2014/2014 2062/2062/2062
f 2013/2013/2013 2062/2062/2062 2061/2061/2061
f 2014/2014/2014 2015/2015/2015 2063/2063/2063
f 2014/2014/2014 2063/2063/2063 2062/2062/2062
f 2015/2015/2015 2016/2016/2016 2064/2064/2064
f 2015/2015/2015 2064/2064/2064 2063/2063/2063
f 2016/2016/2016 2017/2017/2017 2065/2065/2065
f 2016/2016/2016 2065/2065/2065 2064/2064/2064
f 2017/2017/2017 2018/2018/2018 2066/2066/2066
f 2017/2017/2017 2066/2066/2066 2065/2065/2065
f 2018/2018/2018 2019/2019/2019 2067/2067/2067
f 2018/2018/2018 2067/2067/2067 2066/2066/2066
f 2019/2019/2019 1972/1972/1972 2020/2020/2020
f 2019/2019/2019 2020/2020/2020 2067/2067/2067
f 2020/2020/2020 2021/2021/2021 2069/2069/2069
f 2020/2020/2020 2069/2069/2069 2068/2068/2068
f 2021/2021/2021 2022/2022/2022 2070/2070/2070
f 2021/2021/2021 2070/2070/2070 2069/2069/2069
f 2022/2022/2022 2023/2023/2023 2071/2071/2071
f 2022/2022/2022 2071/2071/2071 2070/2070/2070
f 2023/2023/2023 2024/2024/2024 2072/2072/2072
f 2023/2023/2023 2072/2072/2072 2071/2071/2071
f 2024/2024/2024 2025/2025/2025 2073/2073/2073
f 2024/2024/2024 2073/2073/2073 2072/2072/2072
f 2025/2025/2025 2026/2026/2026 2074/2074/2074
f 2025/2025/2025 2074/2074/2074 2073/2073/2073
f 2026/2026/2026 2027/2027/2027 2075/2075/2075
f 2026/2026/2026 2075/2075/2075 2074/2074/2074
f 2027/2027/2027 2028/2028/2028 2076/2076/2076
f 2027/2027/2027 2076/2076/2076 2075/2075/2075
f 2028/2028/2028 2029/2029/2029 2077/2077/2077
f 2028/2028/2028 2077/2077/2077 2076/2076/2076
f 2029/2029/2029 2030/2030/2030 2078/2078/2078
f 2029/2029/2029 2078/2078/2078 2077/2077/2077
f 2030/2030/2030 2031/2031/2031 2079/2079/2079
f 2030/2030/2030 2079/2079/2079 2078/2078/2078
f 2031/2031/2031 2032/2032/2032 2080/2080/2080
f 2031/2031/2031 2080/2080/2080 2079/2079/2079
f 2032/2032/2032 2033/2033/2033 2081/2081/2081
f 2032/2032/2032 2081/2081/2081 2080/2080/2080
f 2033/2033/2033 2034/2034/2034 2082/2082/2082
f 2033/2033/2033 2082/2082/2082 2081/2081/2081
f 2034/2034/2034 2035/2035/2035 2083/2083/2083
f 2034/2034/2034 2083/2083/2083 2082/2082/2082
f 2035/2035/2035 2036/2036/2036 2084/2084/2084
f 2035/2035/2035 2084/2084/2084 2083/2083/2083
f 2036/2036/2036 2037/2037/2037 2085/2085/2085
f 2036/2036/2036 2085/2085/2085 2084/2084/2084
f 2037/2037/2037 2038/2038/2038 2086/2086/2086
f 2037/2037/2037 2086/2086/2086 2085/2085/2085
f 2038/2038/2038 2039/2039/2039 2087/2087/2087
f 2038/2038/2038 2087/2087/2087 2086/2086/2086
f 2039/2039/2039 2040/2040/2040 2088/2088/2088
f 2039/2039/2039 2088/2088/2088 2087/2087/2087
f 2040/2040/2040 2041/2041/2041 2089/2089/2089
f 2040/2040/2040 2089/2089/2089 2088/2088/2088
f 2041/2041/2041 2042/2042/2042 2090/2090/2090
f 2041/2041/2041 2090/2090/2090 2089/2089/2089
f 2042/2042/2042 2043/2043/2043 2091/2091/2091
f 2042/2042/2042 2091/2091/2091 2090/2090/2090
f 2043/2043/2043 2044/2044/2044 2092/2092/2092
f 2043/2043/2043 2092/2092/2092 2091/2091/2091
f 2044/2044/2044 2045/2045/2045 2093/2093/2093
f 2044/2044/2044 2093/2093/2093 2092/2092/2092
f 2045/2045/2045 2046/2046/2046 2094/2094/2094
f 2045/2045/2045 2094/2094/2094 2093/2093/2093
f 2046/2046/2046 2047/2047/2047 2095/2095/2095
f 2046/2046/2046 2095/2095/2095 2094/2094/2094
f 2047/2047/2047 2048/2048/2048 2096/2096/2096
f 2047/2047/2047 2096/2096/2096 2095/2095/2095
f 2048/2048/2048 2049/2049/2049 2097/2097/2097
f 2048/2048/2048 2097/2097/2097 2096/2096/2096
f 2049/2049/2049 2050/2050/2050 2098/2098/2098
f 2049/2049/2049 2098/2098/2098 2097/2097/2097
f 2050/2050/2050 2051/2051/2051 2099/2099/2099
f 2050/2050/2050 2099/2099/2099 2098/2098/2098
f 2051/2051/2051 2052/2052/2052 2100/2100/2100
f 2051/2051/2051 2100/2100/2100 2099/2099/2099
f 2052/2052/2052 2053/2053/2053 2101/2101/2101
f 2052/2052/2052 2101/2101/2101 2100/2100/2100
f 2053/2053/2053 2054/2054/2054 2102/2102/2102
f 2053/2053/2053 2102/2102/2102 2101/2101/2101
f 2054/2054/2054 2055/2055/2055 2103/2103/2103
f 2054/2054/2054 2103/2103/2103 2102/2102/2102
f 2055/2055/2055 2056/2056/2056 2104/2104/2104
f 2055/2055/2055 2104/2104/2104 2103/2103/2103
f 2056/2056/2056 2057/2057/2057 2105/2105/2105
f 2056/2056/2056 2105/2105/2105 2104/2104/2104
f 2057/2057/2057 2058/2058/2058 2106/2106/2106
f 2057/2057/2057 2106/2106/2106 2105/2105/2105
f 2058/2058/2058 2059/2059/2059 2107/2107/2107
f 2058/2058/2058 2107/2107/2107 2106/2106/2106
f 2059/2059/2059 2060/2060/2060 2108/2108/2108
f 2059/2059/2059 2108/2108/2108 2107/2107/2107
f 2060/2060/2060 2061/2061/2061 2109/2109/2109
f 2060/2060/2060 2109/2109/2109 2108/2108/2108
f 2061/2061/2061 2062/2062/2062 2110/2110/2110
f 2061/2061/2061 2110/2110/2110 2109/2109/2109
f 2062/2062/2062 2063/2063/2063 2111/2111/2111
f 2062/2062/2062 2111/2111/2111 2110/2110/2110
f 2063/2063/2063 2064/2064/2064 2112/2112/2112
f 2063/2063/2063 2112/2112/2112 2111/2111/2111
f 2064/2064/2064 2065/2065/2065 2113/2113/2113
f 2064/2064/2064 2113/2113/2113 2112/2112/2112
f 2065/2065/2065 2066/2066/2066 2114/2114/2114
f 2065/2065/2065 2114/2114/2114 2113/2113/2113
f 2066/2066/2066 2067/2067/2067 2115/2115/2115
f 2066/2066/2066 2115/2115/2115 2114/2114/2114
f 2067/2067/2067 2020/2020/2020 2068/2068/2068
f 2067/2067/2067 2068/2068/2068 2115/2115/2115
f 2068/2068/2068 2069/2069/2069 2117/2117/2117
f 2068/2068/2068 2117/2117/2117 2116/2116/2116
f 2069/2069/2069 2070/2070/2070 2118/2118/2118
f 2069/2069/2069 2118/2118/2118 2117/2117/2117
f 2070/2070/2070 2071/2071/2071 2119/2119/2119
f 2070/2070/2070 2119/2119/2119 2118/2118/2118
f 2071/2071/2071 2072/2072/2072 2120/2120/2120
f 2071/2071/2071 2120/2120/2120 2119/2119/2119
f 2072/2072/2072 2073/2073/2073 2121/2121/2121
f 2072/2072/2072 2121/2121/2121 2120/2120/2120
f 2073/2073/2073 2074/2074/2074 2122/2122/2122
f 2073/2073/2073 2122/2122/2122 2121/2121/2121
f 2074/2074/2074 2075/2075/2075 2123/2123/2123
f 2074/2074/2074 2123/2123/2123 2122/2122/2122
f 2075/2075/2075 2076/2076/2076 2124/2124/2124
f 2075/2075/2075 2124/2124/2124 2123/2123/2123
f 2076/2076/2076 2077/2077/2077 2125/2125/2125
f 2076/2076/2076 2125/2125/2125 2124/2124/2124
f 2077/2077/2077 2078/2078/2078 2126/2126/2126
f 2077/2077/2077 2126/2126/2126 2125/2125/2125
f 2078/2078/2078 2079/2079/2079 2127/2127/2127
f 2078/2078/2078 2127/2127/2127 2126/2126/2126
f 2079/2079/2079 2080/2080/2080 2128/2128/2128
f 2079/2079/2079 2128/2128/2128 2127/2127/2127
f 2080/2080/2080 2081/2081/2081 2129/2129/2129
f 2080/2080/2080 2129/2129/2129 2128/2128/2128
f 2081/2081/2081 2082/2082/2082 2130/2130/2130
f 2081/2081/2081 2130/2130/2130 2129/2129/2129
f 2082/2082/2082 2083/2083/2083 2131/2131/2131
f 2082/2082/2082 2131/2131/2131 2130/2130/2130
f 2083/2083/2083 2084/2084/2084 2132/2132/2132
f 2083/2083/2083 2132/2132/2132 2131/2131/2131
f 2084/2084/2084 2085/2085/2085 2133/2133/2133
f 2084/2084/2084 2133/2133/2133 2132/2132/2132
f 2085/2085/2085 2086/2086/2086 2134/2134/2134
f 2085/2085/2085 2134/2134/2134 2133/2133/2133
f 2086/2086/2086 2087/2087/2087 2135/2135/2135
f 2086/2086/2086 2135/2135/2135 2134/2134/2134
f 2087/2087/2087 2088/2088/2088 2136/2136/2136
f 2087/2087/2087 2136/2136/2136 2135/2135/2135
f 2088/2088/2088 2089/2089/2089 2137/2137/2137
f 2088/2088/2088 2137/2137/2137 2136/2136/2136
f 2089/2089/2089 2090/2090/2090 2138/2138/2138
f 2089/2089/2089 2138/2138/2138 2137/2137/2137
f 2090/2090/2090 2091/2091/2091 2139/2139/2139
f 2090/2090/2090 2139/2139/2139 2138/2138/2138
f 2091/2091/2091 2092/2092/2092 2140/2140/2140
f 2091/2091/2091 2140/2140/2140 2139/2139/2139
f 2092/2092/2092 2093/2093/2093 2141/2141/2141
f 2092/2092/2092 2141/2141/2141 2140/2140/2140
f 2093/2093/2093 2094/2094/2094 2142/2142/2142
f 2093/2093/2093 2142/2142/2142 2141/2141/2141
f 2094/2094/2094 2095/2095/2095 2143/2143/2143
f 2094/2094/2094 2143/2143/2143 2142/2142/2142
f 2095/2095/2095 2096/2096/2096 2144/2144/2144
f 2095/2095/2095 2144/2144/2144 2143/2143/2143
f 2096/2096/2096 2097/2097/2097 2145/2145/2145
f 2096/2096/2096 2145/2145/2145 2144/2144/2144
f 2097/2097/2097 2098/2098/2098 2146/2146/2146
f 2097/2097/2097 2146/2146/2146 2145/2145/2145
f 2098/2098/2098 2099/2099/2099 2147/2147/2147
f 2098/2098/2098 2147/2147/2147 2146/2146/2146
f 2099/2099/2099 2100/2100/2100 2148/2148/2148
f 2099/2099/2099 2148/2148/2148 2147/2147/2147
f 2100/2100/2100 2101/2101/2101 2149/2149/2149
f 2100/2100/2100 2149/2149/2149 2148/2148/2148
f 2101/2101/2101 2102/2102/2102 2150/2150/2150
f 2101/2101/2101 2150/2150/2150 2149/2149/2149
f 2102/2102/2102 2103/2103/2103 2151/2151/2151
f 2102/2102/2102 2151/2151/2151 2150/2150/2150
f 2103/2103/2103 2104/2104/2104 2152/2152/2152
f 2103/2103/2103 2152/2152/2152 2151/2151/2151
f 2104/2104/2104 2105/2105/2105 2153/2153/2153
f 2104/2104/2104 2153/2153/2153 2152/2152/2152
f 2105/2105/2105 2106/2106/2106 2154/2154/2154
f 2105/2105/2105 2154/2154/2154 2153/2153/2153
f 2106/2106/2106 2107/2107/2107 2155/2155/2155
f 2106/2106/2106 2155/2155/2155 2154/2154/2154
f 2107/2107/2107 2108/2108/2108 2156/2156/2156
f 2107/2107/2107 2156/2156/2156 2155/2155/2155
f 2108/2108/2108 2109/2109/2109 2157/2157/2157
f 2108/2108/2108 2157/2157/2157 2156/2156/2156
f 2109/2109/2109 2110/2110/2110 2158/2158/2158
f 2109/2109/2109 2158/2158/2158 2157/2157/2157
f 2110/2110/2110 2111/2111/2111 2159/2159/2159
f 2110/2110/2110 2159/2159/2159 2158/2158/2158
f 2111/2111/2111 2112/2112/2112 2160/2160/2160
f 2111/2111/2111 2160/2160/2160 2159/2159/2159
f 2112/2112/2112 2113/2113/2113 2161/2161/2161
f 2112/2112/2112 2161/2161/2161 2160/2160/2160
f 2113/2113/2113 2114/2114/2114 2162/2162/2162
f 2113/2113/2113 2162/2162/2162 2161/2161/2161
f 2114/2114/2114 2115/2115/2115 2163/2163/2163
f 2114/2114/2114 2163/2163/2163 2162/2162/2162
f 2115/2115/2115 2068/2068/2068 2116/2116/2116
f 2115/2115/2115 2116/2116/2116 2163/2163/2163
f 2116/2116/2116 2117/2117/2117 2165/2165/2165
f 2116/2116/2116 2165/2165/2165 2164/2164/2164
f 2117/2117/2117 2118/2118/2118 2166/2166/2166
f 2117/2117/2117 2166/2166/2166 2165/2165/2165
f 2118/2118/2118 2119/2119/2119 2167/2167/2167
f 2118/2118/2118 2167/2167/2167 2166/2166/2166
f 2119/2119/2119 2120/2120/2120 2168/2168/2168
f 2119/2119/2119 2168/2168/2168 2167/2167/2167
f 2120/2120/2120 2121/2121/2121 2169/2169/2169
f 2120/2120/2120 2169/2169/2169 2168/2168/2168
f 2121/2121/2121 2122/2122/2122 2170/2170/2170
f 2121/2121/2121 2170/2170/2170 2169/2169/2169
f 2122/2122/2122 2123/2123/2123 2171/2171/2171
f 2122/2122/2122 2171/2171/2171 2170/2170/2170
f 2123/2123/2123 2124/2124/2124 2172/2172/2172
f 2123/2123/2123 2172/2172/2172 2171/2171/2171
f 2124/2124/2124 2125/2125/2125 2173/2173/2173
f 2124/2124/2124 2173/2173/2173 2172/2172/2172
f 2125/2125/2125 2126/2126/2126 2174/2174/2174
f 2125/2125/2125 2174/2174/2174 2173/2173/2173
f 2126/2126/2126 2127/2127/2127 2175/2175/2175
f 2126/2126/2126 2175/2175/2175 2174/2174/2174
f 2127/2127/2127 2128/2128/2128 2176/2176/2176
f 2127/2127/2127 2176/2176/2176 2175/2175/2175
f 2128/2128/2128 2129/2129/2129 2177/2177/2177
f 2128/2128/2128 2177/2177/2177 2176/2176/2176
f 2129/2129/2129 2130/2130/2130 2178/2178/2178
f 2129/2129/2129 2178/2178/2178 2177/2177/2177
f 2130/2130/2130 2131/2131/2131 2179/2179/2179
f 2130/2130/2130 2179/2179/2179 2178/2178/2178
f 2131/2131/2131 2132/2132/2132 2180/2180/2180
f 2131/2131/2131 2180/2180/2180 2179/2179/2179
f 2132/2132/2132 2133/2133/2133 2181/2181/2181
f 2132/2132/2132 2181/2181/2181 2180/2180/2180
f 2133/2133/2133 2134/2134/2134 2182/2182/2182
f 2133/2133/2133 2182/2182/2182 2181/2181/2181
f 2134/2134/2134 2135/2135/2135 2183/2183/2183
f 2134/2134/2134 2183/2183/2183 2182/2182/2182
f 2135/2135/2135 2136/2136/2136 2184/2184/2184
f 2135/2135/2135 2184/2184/2184 2183/2183/2183
f 2136/2136/2136 2137/2137/2137 2185/2185/2185
f 2136/2136/2136 2185/2185/2185 2184/2184/2184
f 2137/2137/2137 2138/2138/2138 2186/2186/2186
f 2137/2137/2137 2186/2186/2186 2185/2185/2185
f 2138/2138/2138 2139/2139/2139 2187/2187/2187
f 2138/2138/2138 2187/2187/2187 2186/2186/2186
f 2139/2139/2139 2140/2140/2140 2188/2188/2188
f 2139/2139/2139 2188/2188/2188 2187/2187/2187
f 2140/2140/2140 2141/2141/2141 2189/2189/2189
f 2140/2140/2140 2189/2189/2189 2188/2188/2188
f 2141/2141/2141 2142/2142/2142 2190/2190/2190
f 2141/2141/2141 2190/2190/2190 2189/2189/2189
f 2142/2142/2142 2143/2143/2143 2191/2191/2191
f 2142/2142/2142 2191/2191/2191 2190/2190/2190
f 2143/2143/2143 2144/2144/2144 2192/2192/2192
f 2143/2143/2143 2192/2192/2192 2191/2191/2191
f 2144/2144/2144 2145/2145/2145 2193/2193/2193
f 2144/2144/2144 2193/2193/2193 2192/2192/2192
f 2145/2145/2145 2146/2146/2146 2194/2194/2194
f 2145/2145/2145 2194/2194/2194 2193/2193/2193
f 2146/2146/2146 2147/2147/2147 2195/2195/2195
f 2146/2146/2146 2195/2195/2195 2194/2194/2194
f 2147/2147/2147 2148/2148/2148 2196/2196/2196
f 2147/2147/2147 2196/2196/2196 2195/2195/2195
f 2148/2148/2148 2149/2149/2149 2197/2197/2197
f 2148/2148/2148 2197/2197/2197 2196/2196/2196
f 2149/2149/2149 2150/2150/2150 2198/2198/2198
f 2149/2149/2149 2198/2198/2198 2197/2197/2197
f 2150/2150/2150 2151/2151/2151 2199/2199/2199
f 2150/2150/2150 2199/2199/2199 2198/2198/2198
f 2151/2151/2151 2152/2152/2152 2200/2200/2200
f 2151/2151/2151 2200/2200/2200 2199/2199/2199
f 2152/2152/2152 2153/2153/2153 2201/2201/2201
f 2152/2152/2152 2201/2201/2201 2200/2200/2200
f 2153/2153/2153 2154/2154/2154 2202/2202/2202
f 2153/2153/2153 2202/2202/2202 2201/2201/2201
f 2154/2154/2154 2155/2155/2155 2203/2203/2203
f 2154/2154/2154 2203/2203/2203 2202/2202/2202
f 2155/2155/2155 2156/2156/2156 2204/2204/2204
f 2155/2155/2155 2204/2204/2204 2203/2203/2203
f 2156/2156/2156 2157/2157/2157 2205/2205/2205
f 2156/2156/2156 2205/2205/2205 2204/2204/2204
f 2157/2157/2157 2158/2158/2158 2206/2206/2206
f 2157/2157/2157 2206/2206/2206 2205/2205/2205
f 2158/2158/2158 2159/2159/2159 2207/2207/2207
f 2158/2158/2158 2207/2207/2207 2206/2206/2206
f 2159/2159/2159 2160/2160/2160 2208/2208/2208
f 2159/2159/2159 2208/2208/2208 2207/2207/2207
f 2160/2160/2160 2161/2161/2161 2209/2209/2209
f 2160/2160/2160 2209/2209/2209 2208/2208/2208
f 2161/2161/2161 2162/2162/2162 2210/2210/2210
f 2161/2161/2161 2210/2210/2210 2209/2209/2209
f 2162/2162/2162 2163/2163/2163 2211/2211/2211
f 2162/2162/2162 2211/2211/2211 2210/2210/2210
f 2163/2163/2163 2116/2116/2116 2164/2164/2164
f 2163/2163/2163 2164/2164/2164 2211/2211/2211
f 2212/2212/2212 2165/2165/2165 2164/2164/2164
f 2212/2212/2212 2166/2166/2166 2165/2165/2165
f 2212/2212/2212 2167/2167/2167 2166/2166/2166
f 2212/2212/2212 2168/2168/2168 2167/2167/2167
f 2212/2212/2212 2169/2169/2169 2168/2168/2168
f 2212/2212/2212 2170/2170/2170 2169/2169/2169
f 2212/2212/2212 2171/2171/2171 2170/2170/2170
f 2212/2212/2212 2172/2172/2172 2171/2171/2171
f 2212/2212/2212 2173/2173/2173 2172/2172/2172
f 2212/2212/2212 2174/2174/2174 2173/2173/2173
f 2212/2212/2212 2175/2175/2175 2174/2174/2174
f 2212/2212/2212 2176/2176/2176 2175/2175/2175
f 2212/2212/2212 2177/2177/2177 2176/2176/2176
f 2212/2212/2212 2178/2178/2178 2177/2177/2177
f 2212/2212/2212 2179/2179/2179 2178/2178/2178
f 2212/2212/2212 2180/2180/2180 2179/2179/2179
f 2212/2212/2212 2181/2181/2181 2180/2180/2180
f 2212/2212/2212 2182/2182/2182 2181/2181/2181
f 2212/2212/2212 2183/2183/2183 2182/2182/2182
f 2212/2212/2212 2184/2184/2184 2183/2183/2183
f 2212/2212/2212 2185/2185/2185 2184/2184/2184
f 2212/2212/2212 2186/2186/2186 2185/2185/2185
f 2212/2212/2212 2187/2187/2187 2186/2186/2186
f 2212/2212/2212 2188/2188/2188 2187/2187/2187
f 2212/2212/2212 2189/2189/2189 2188/2188/2188
f 2212/2212/2212 2190/2190/2190 2189/2189/2189
f 2212/2212/2212 2191/2191/2191 2190/2190/2190
f 2212/2212/2212 2192/2192/2192 2191/2191/2191
f 2212/2212/2212 2193/2193/2193 2192/2192/2192
f 2212/2212/2212 2194/2194/2194 2193/2193/2193
f 2212/2212/2212 2195/2195/2195 2194/2194/2194
f 2212/2212/2212 2196/2196/2196 2195/2195/2195
f 2212/2212/2212 2197/2197/2197 2196/2196/2196
f 2212/2212/2212 2198/2198/2198 2197/2197/2197
f 2212/2212/2212 2199/2199/2199 2198/2198/2198
f 2212/2212/2212 2200/2200/2200 2199/2199/2199
f 2212/2212/2212 2201/2201/2201 2200/2200/2200
f 2212/2212/2212 2202/2202/2202 2201/2201/2201
f 2212/2212/2212 2203/2203/2203 2202/2202/2202
f 2212/2212/2212 2204/2204/2204 2203/2203/2203
f 2212/2212/2212 2205/2205/2205 2204/2204/2204
f 2212/2212/2212 2206/2206/2206 2205/2205/2205
f 2212/2212/2212 2207/2207/2207 2206/2206/2206
f 2212/2212/2212 2208/2208/2208 2207/2207/2207
f 2212/2212/2212 2209/2209/2209 2208/2208/2208
f 2212/2212/2212 2210/2210/2210 2209/2209/2209
f 2212/2212/2212 2211/2211/2211 2210/2210/2210
f 2212/2212/2212 2164/2164/2164 2211/2211/2211
usemtl Spec004
f 2213/2213/2213 2214/2214/2214 2215/2215/2215
f 2213/2213/2213 2215/2215/2215 2216/2216/2216
f 2213/2213/2213 2216/2216/2216 2217/2217/2217
f 2213/2213/2213 2217/2217/2217 2218/2218/2218
f 2213/2213/2213 2218/2218/2218 2219/2219/2219
f 2213/2213/2213 2219/2219/2219 2220/2220/2220
f 2213/2213/2213 2220/2220/2220 2221/2221/2221
f 2213/2213/2213 2221/2221/2221 2222/2222/2222
f 2213/2213/2213 2222/2222/2222 2223/2223/2223
f 2213/2213/2213 2223/2223/2223 2224/2224/2224
f 2213/2213/2213 2224/2224/2224 2225/2225/2225
f 2213/2213/2213 2225/2225/2225 2226/2226/2226
f 2213/2213/2213 2226/2226/2226 2227/2227/2227
f 2213/2213/2213 2227/2227/2227 2228/2228/2228
f 2213/2213/2213 2228/2228/2228 2229/2229/2229
f 2213/2213/2213 2229/2229/2229 2230/2230/2230
f 2213/2213/2213 2230/2230/2230 2231/2231/2231
f 2213/2213/2213 2231/2231/2231 2232/2232/2232
f 2213/2213/2213 2232/2232/2232 2233/2233/2233
f 2213/2213/2213 2233/2233/2233 2234/2234/2234
f 2213/2213/2213 2234/2234/2234 2235/2235/2235
f 2213/2213/2213 2235/2235/2235 2236/2236/2236
f 2213/2213/2213 2236/2236/2236 2237/2237/2237
f 2213/2213/2213 2237/2237/2237 2238/2238/2238
f 2213/2213/2213 2238/2238/2238 2239/2239/2239
f 2213/2213/2213 2239/2239/2239 2240/2240/2240
f 2213/2213/2213 2240/2240/2240 2241/2241/2241
f 2213/2213/2213 2241/2241/2241 2242/2242/2242
f 2213/2213/2213 2242/2242/2242 2243/2243/2243
f 2213/2213/2213 2243/2243/2243 2244/2244/2244
f 2213/2213/2213 2244/2244/2244 2245/2245/2245
f 2213/2213/2213 2245/2245/2245 2246/2246/2246
f 2213/2213/2213 2246/2246/2246 2247/2247/2247
f 2213/2213/2213 2247/2247/2247 2248/2248/2248
f 2213/2213/2213 2248/2248/2248 2249/2249/2249
f 2213/2213/2213 2249/2249/2249 2250/2250/2250
f 2213/2213/2213 2250/2250/2250 2251/2251/2251
f 2213/2213/2213 2251/2251/2251 2252/2252/2252
f 2213/2213/2213 2252/2252/2252 2253/2253/2253
f 2213/2213/2213 2253/2253/2253 2254/2254/2254
f 2213/2213/2213 2254/2254/2254 2255/2255/2255
f 2213/2213/2213 2255/2255/2255 2256/2256/2256
f 2213/2213/2213 2256/2256/2256 2257/2257/2257
f 2213/2213/2213 2257/2257/2257 2258/2258/2258
f 2213/2213/2213 2258/2258/2258 2259/2259/2259
f 2213/2213/2213 2259/2259/2259 2260/2260/2260
f 2213/2213/2213 2260/2260/2260 2261/2261/2261
f 2213/2213/2213 2261/2261/2261 2214/2214/2214
f 2214/2214/2214 2215/2215/2215 2263/2263/2263
f 2214/2214/2214 2263/2263/2263 2262/2262/2262
f 2215/2215/2215 2216/2216/2216 2264/2264/2264
f 2215/2215/2215 2264/2264/2264 2263/2263/2263
f 2216/2216/2216 2217/2217/2217 2265/2265/2265
f 2216/2216/2216 2265/2265/2265 2264/2264/2264
f 2217/2217/2217 2218/2218/2218 2266/2266/2266
f 2217/2217/2217 2266/2266/2266 2265/2265/2265
f 2218/2218/2218 2219/2219/2219 2267/2267/2267
f 2218/2218/2218 2267/2267/2267 2266/2266/2266
f 2219/2219/2219 2220/2220/2220 2268/2268/2268
f 2219/2219/2219 2268/2268/2268 2267/2267/2267
f 2220/2220/2220 2221/2221/2221 2269/2269/2269
f 2220/2220/2220 2269/2269/2269 2268/2268/2268
f 2221/2221/2221 2222/2222/2222 2270/2270/2270
f 2221/2221/2221 2270/2270/2270 2269/2269/2269
f 2222/2222/2222 2223/2223/2223 2271/2271/2271
f 2222/2222/2222 2271/2271/2271 2270/2270/2270
f 2223/2223/2223 2224/2224/2224 2272/2272/2272
f 2223/2223/2223 2272/2272/2272 2271/2271/2271
f 2224/2224/2224 2225/2225/2225 2273/2273/2273
f 2224/2224/2224 2273/2273/2273 2272/2272/2272
f 2225/2225/2225 2226/2226/2226 2274/2274/2274
f 2225/2225/2225 2274/2274/2274 2273/2273/2273
f 2226/2226/2226 2227/2227/2227 2275/2275/2275
f 2226/2226/2226 2275/2275/2275 2274/2274/2274
f 2227/2227/2227 2228/2228/2228 2276/2276/2276
f 2227/2227/2227 2276/2276/2276 2275/2275/2275
f 2228/2228/2228 2229/2229/2229 2277/2277/2277
f 2228/2228/2228 2277/2277/2277 2276/2276/2276
f 2229/2229/2229 2230/2230/2230 2278/2278/2278
f 2229/2229/2229 2278/2278/2278 2277/2277/2277
f 2230/2230/2230 2231/2231/2231 2279/2279/2279
f 2230/2230/2230 2279/2279/2279 2278/2278/2278
f 2231/2231/2231 2232/2232/2232 2280/2280/2280
f 2231/2231/2231 2280/2280/2280 2279/2279/2279
f 2232/2232/2232 2233/2233/2233 2281/2281/2281
f 2232/2232/2232 2281/2281/2281 2280/2280/2280
f 2233/2233/2233 2234/2234/2234 2282/2282/2282
f 2233/2233/2233 2282/2282/2282 2281/2281/2281
f 2234/2234/2234 2235/2235/2235 2283/2283/2283
f 2234/2234/2234 2283/2283/2283 2282/2282/2282
f 2235/2235/2235 2236/2236/2236 2284/2284/2284
f 2235/2235/2235 2284/2284/2284 2283/2283/2283
f 2236/2236/2236 2237/2237/2237 2285/2285/2285
f 2236/2236/2236 2285/2285/2285 2284/2284/2284
f 2237/2237/2237 2238/2238/2238 2286/2286/2286
f 2237/2237/2237 2286/2286/2286 2285/2285/2285
f 2238/2238/2238 2239/2239/2239 2287/2287/2287
f 2238/2238/2238 2287/2287/2287 2286/2286/2286
f 2239/2239/2239 2240/2240/2240 2288/2288/2288
f 2239/2239/2239 2288/2288/2288 2287/2287/2287
f 2240/2240/2240 2241/2241/2241 2289/2289/2289
f 2240/2240/2240 2289/2289/2289 2288/2288/2288
f 2241/2241/2241 2242/2242/2242 2290/2290/2290
f 2241/2241/2241 2290/2290/2290 2289/2289/2289
f 2242/2242/2242 2243/2243/2243 2291/2291/2291
f 2242/2242/2242 2291/2291/2291 2290/2290/2290
f 2243/2243/2243 2244/2244/2244 2292/2292/2292
f 2243/2243/2243 2292/2292/2292 2291/2291/2291
f 2244/2244/2244 2245/2245/2245 2293/2293/2293
f 2244/2244/2244 2293/2293/2293 2292/2292/2292
f 2245/2245/2245 2246/2246/2246 2294/2294/2294
f 2245/2245/2245 2294/2294/2294 2293/2293/2293
f 2246/2246/2246 2247/2247/2247 2295/2295/2295
f 2246/2246/2246 2295/2295/2295 2294/2294/2294
f 2247/2247/2247 2248/2248/2248 2296/2296/2296
f 2247/2247/2247 2296/2296/2296 2295/2295/2295
f 2248/2248/2248 2249/2249/2249 2297/2297/2297
f 2248/2248/2248 2297/2297/2297 2296/2296/2296
f 2249/2249/2249 2250/2250/2250 2298/2298/2298
f 2249/2249/2249 2298/2298/2298 2297/2297/2297
f 2250/2250/2250 2251/2251/2251 2299/2299/2299
f 2250/2250/2250 2299/2299/2299 2298/2298/2298
f 2251/2251/2251 2252/2252/2252 2300/2300/2300
f 2251/2251/2251 2300/2300/2300 2299/2299/2299
f 2252/2252/2252 2253/2253/2253 2301/2301/2301
f 2252/2252/2252 2301/2301/2301 2300/2300/2300
f 2253/2253/2253 2254/2254/2254 2302/2302/2302
f 2253/2253/2253 2302/2302/2302 2301/2301/2301
f 2254/2254/2254 2255/2255/2255 2303/2303/2303
f 2254/2254/2254 2303/2303/2303 2302/2302/2302
f 2255/2255/2255 2256/2256/2256 2304/2304/2304
f 2255/2255/2255 2304/2304/2304 2303/2303/2303
f 2256/2256/2256 2257/2257/2257 2305/2305/2305
f 2256/2256/2256 2305/2305/2305 2304/2304/2304
f 2257/2257/2257 2258/2258/2258 2306/2306/2306
f 2257/2257/2257 2306/2306/2306 2305/2305/2305
f 2258/2258/2258 2259/2259/2259 2307/2307/2307
f 2258/2258/2258 2307/2307/2307 2306/2306/2306
f 2259/2259/2259 2260/2260/2260 2308/2308/2308
f 2259/2259/2259 2308/2308/2308 2307/2307/2307
f 2260/2260/2260 2261/2261/2261 2309/2309/2309
f 2260/2260/2260 2309/2309/2309 2308/2308/2308
f 2261/2261/2261 2214/2214/2214 2262/2262/2262
f 2261/2261/2261 2262/2262/2262 2309/2309/2309
f 2262/2262/2262 2263/2263/2263 2311/2311/2311
f 2262/2262/2262 2311/2311/2311 2310/2310/2310
f 2263/2263/2263 2264/2264/2264 2312/2312/2312
f 2263/2263/2263 2312/2312/2312 2311/2311/2311
f 2264/2264/2264 2265/2265/2265 2313/2313/2313
f 2264/2264/2264 2313/2313/2313 2312/2312/2312
f 2265/2265/2265 2266/2266/2266 2314/2314/2314
f 2265/2265/2265 2314/2314/2314 2313/2313/2313
f 2266/2266/2266 2267/2267/2267 2315/2315/2315
f 2266/2266/2266 2315/2315/2315 2314/2314/2314
f 2267/2267/2267 2268/2268/2268 2316/2316/2316
f 2267/2267/2267 2316/2316/2316 2315/2315/2315
f 2268/2268/2268 2269/2269/2269 2317/2317/2317
f 2268/2268/2268 2317/2317/2317 2316/2316/2316
f 2269/2269/2269 2270/2270/2270 2318/2318/2318
f 2269/2269/2269 2318/2318/2318 2317/2317/2317
f 2270/2270/2270 2271/2271/2271 2319/2319/2319
f 2270/2270/2270 2319/2319/2319 2318/2318/2318
f 2271/2271/2271 2272/2272/2272 2320/2320/2320
f 2271/2271/2271 2320/2320/2320 2319/2319/2319
f 2272/2272/2272 2273/2273/2273 2321/2321/2321
f 2272/2272/2272 2321/2321/2321 2320/2320/2320
f 2273/2273/2273 2274/2274/2274 2322/2322/2322
f 2273/2273/2273 2322/2322/2322 2321/2321/2321
f 2274/2274/2274 2275/2275/2275 2323/2323/2323
f 2274/2274/2274 2323/2323/2323 2322/2322/2322
f 2275/2275/2275 2276/2276/2276 2324/2324/2324
f 2275/2275/2275 2324/2324/2324 2323/2323/2323
f 2276/2276/2276 2277/2277/2277 2325/2325/2325
f 2276/2276/2276 2325/2325/2325 2324/2324/2324
f 2277/2277/2277 2278/2278/2278 2326/2326/2326
f 2277/2277/2277 2326/2326/2326 2325/2325/2325
f 2278/2278/2278 2279/2279/2279 2327/2327/2327
f 2278/2278/2278 2327/2327/2327 2326/2326/2326
f 2279/2279/2279 2280/2280/2280 2328/2328/2328
f 2279/2279/2279 2328/2328/2328 2327/2327/2327
f 2280/2280/2280 2281/2281/2281 2329/2329/2329
f 2280/2280/2280 2329/2329/2329 2328/2328/2328
f 2281/2281/2281 2282/2282/2282 2330/2330/2330
f 2281/2281/2281 2330/2330/2330 2329/2329/2329
f 2282/2282/2282 2283/2283/2283 2331/2331/2331
f 2282/2282/2282 2331/2331/2331 2330/2330/2330
f 2283/2283/2283 2284/2284/2284 2332/2332/2332
f 2283/2283/2283 2332/2332/2332 2331/2331/2331
f 2284/2284/2284 2285/2285/2285 2333/2333/2333
f 2284/2284/2284 2333/2333/2333 2332/2332/2332
f 2285/2285/2285 2286/2286/2286 2334/2334/2334
f 2285/2285/2285 2334/2334/2334 2333/2333/2333
f 2286/2286/2286 2287/2287/2287 2335/2335/2335
f 2286/2286/2286 2335/2335/2335 2334/2334/2334
f 2287/2287/2287 2288/2288/2288 2336/2336/2336
f 2287/2287/2287 2336/2336/2336 2335/2335/2335
f 2288/2288/2288 2289/2289/2289 2337/2337/2337
f 2288/2288/2288 2337/2337/2337 2336/2336/2336
f 2289/2289/2289 2290/2290/2290 2338/2338/2338
f 2289/2289/2289 2338/2338/2338 2337/2337/2337
f 2290/2290/2290 2291/2291/2291 2339/2339/2339
f 2290/2290/2290 2339/2339/2339 2338/2338/2338
f 2291/2291/2291 2292/2292/2292 2340/2340/2340
f 2291/2291/2291 2340/2340/2340 2339/2339/2339
f 2292/2292/2292 2293/2293/2293 2341/2341/2341
f 2292/2292/2292 2341/2341/2341 2340/2340/2340
f 2293/2293/2293 2294/2294/2294 2342/2342/2342
f 2293/2293/2293 2342/2342/2342 2341/2341/2341
f 2294/2294/2294 2295/2295/2295 2343/2343/2343
f 2294/2294/2294 2343/2343/2343 2342/2342/2342
f 2295/2295/2295 2296/2296/2296 2344/2344/2344
f 2295/2295/2295 2344/2344/2344 2343/2343/2343
f 2296/2296/2296 2297/2297/2297 2345/2345/2345
f 2296/2296/2296 2345/2345/2345 2344/2344/2344
f 2297/2297/2297 2298/2298/2298 2346/2346/2346
f 2297/2297/2297 2346/2346/2346 2345/2345/2345
f 2298/2298/2298 2299/2299/2299 2347/2347/2347
f 2298/2298/2298 2347/2347/2347 2346/2346/2346
f 2299/2299/2299 2300/2300/2300 2348/2348/2348
f 2299/2299/2299 2348/2348/2348 2347/2347/2347
f 2300/2300/2300 2301/2301/2301 2349/2349/2349
f 2300/2300/2300 2349/2349/2349 2348/2348/2348
f 2301/2301/2301 2302/2302/2302 2350/2350/2350
f 2301/2301/2301 2350/2350/2350 2349/2349/2349
f 2302/2302/2302 2303/2303/2303 2351/2351/2351
f 2302/2302/2302 2351/2351/2351 2350/2350/2350
f 2303/2303/2303 2304/2304/2304 2352/2352/2352
f 2303/2303/2303 2352/2352/2352 2351/2351/2351
f 2304/2304/2304 2305/2305/2305 2353/2353/2353
f 2304/2304/2304 2353/2353/2353 2352/2352/2352
f 2305/2305/2305 2306/2306/2306 2354/2354/2354
f 2305/2305/2305 2354/2354/2354 2353/2353/2353
f 2306/2306/2306 2307/2307/2307 2355/2355/2355
f 2306/2306/2306 2355/2355/2355 2354/2354/2354
f 2307/2307/2307 2308/2308/2308 2356/2356/2356
f 2307/2307/2307 2356/2356/2356 2355/2355/2355
f 2308/2308/2308 2309/2309/2309 2357/2357/2357
f 2308/2308/2308 2357/2357/2357 2356/2356/2356
f 2309/2309/2309 2262/2262/2262 2310/2310/2310
f 2309/2309/2309 2310/2310/2310 2357/2357/2357
f 2310/2310/2310 2311/2311/2311 2359/2359/2359
f 2310/2310/2310 2359/2359/2359 2358/2358/2358
f 2311/2311/2311 2312/2312/2312 2360/2360/2360
f 2311/2311/2311 2360/2360/2360 2359/2359/2359
f 2312/2312/2312 2313/2313/2313 2361/2361/2361
f 2312/2312/2312 2361/2361/2361 2360/2360/2360
f 2313/2313/2313 2314/2314/2314 2362/2362/2362
f 2313/2313/2313 2362/2362/2362 2361/2361/2361
f 2314/2314/2314 2315/2315/2315 2363/2363/2363
f 2314/2314/2314 2363/2363/2363 2362/2362/2362
f 2315/2315/2315 2316/2316/2316 2364/2364/2364
f 2315/2315/2315 2364/2364/2364 2363/2363/2363
f 2316/2316/2316 2317/2317/2317 2365/2365/2365
f 2316/2316/2316 2365/2365/2365 2364/2364/2364
f 2317/2317/2317 2318/2318/2318 2366/2366/2366
f 2317/2317/2317 2366/2366/2366 2365/2365/2365
f 2318/2318/2318 2319/2319/2319 2367/2367/2367
f 2318/2318/2318 2367/2367/2367 2366/2366/2366
f 2319/2319/2319 2320/2320/2320 2368/2368/2368
f 2319/2319/2319 2368/2368/2368 2367/2367/2367
f 2320/2320/2320 2321/2321/2321 2369/2369/2369
f 2320/2320/2320 2369/2369/2369 2368/2368/2368
f 2321/2321/2321 2322/2322/2322 2370/2370/2370
f 2321/2321/2321 2370/2370/2370 2369/2369/2369
f 2322/2322/2322 2323/2323/2323 2371/2371/2371
f 2322/2322/2322 2371/2371/2371 2370/2370/2370
f 2323/2323/2323 2324/2324/2324 2372/2372/2372
f 2323/2323/2323 2372/2372/2372 2371/2371/2371
f 2324/2324/2324 2325/2325/2325 2373/2373/2373
f 2324/2324/2324 2373/2373/2373 2372/2372/2372
f 2325/2325/2325 2326/2326/2326 2374/2374/2374
f 2325/2325/2325 2374/2374/2374 2373/2373/2373
f 2326/2326/2326 2327/2327/2327 2375/2375/2375
f 2326/2326/2326 2375/2375/2375 2374/2374/2374
f 2327/2327/2327 2328/2328/2328 2376/2376/2376
f 2327/2327/2327 2376/2376/2376 2375/2375/2375
f 2328/2328/2328 2329/2329/2329 2377/2377/2377
f 2328/2328/2328 2377/2377/2377 2376/2376/2376
f 2329/2329/2329 2330/2330/2330 2378/2378/2378
f 2329/2329/2329 2378/2378/2378 2377/2377/2377
f 2330/2330/2330 2331/2331/2331 2379/2379/2379
f 2330/2330/2330 2379/2379/2379 2378/2378/2378
f 2331/2331/2331 2332/2332/2332 2380/2380/2380
f 2331/2331/2331 2380/2380/2380 2379/2379/2379
f 2332/2332/2332 2333/2333/2333 2381/2381/2381
f 2332/2332/2332 2381/2381/2381 2380/2380/2380
f 2333/2333/2333 2334/2334/2334 2382/2382/2382
f 2333/2333/2333 2382/2382/2382 2381/2381/2381
f 2334/2334/2334 2335/2335/2335 2383/2383/2383
f 2334/2334/2334 2383/2383/2383 2382/2382/2382
f 2335/2335/2335 2336/2336/2336 2384/2384/2384
f 2335/2335/2335 2384/2384/2384 2383/2383/2383
f 2336/2336/2336 2337/2337/2337 2385/2385/2385
f 2336/2336/2336 2385/2385/2385 2384/2384/2384
f 2337/2337/2337 2338/2338/2338 2386/2386/2386
f 2337/2337/2337 2386/2386/2386 2385/2385/2385
f 2338/2338/2338 2339/2339/2339 2387/2387/2387
f 2338/2338/2338 2387/2387/2387 2386/2386/2386
f 2339/2339/2339 2340/2340/2340 2388/2388/2388
f 2339/2339/2339 2388/2388/2388 2387/2387/2387
f 2340/2340/2340 2341/2341/2341 2389/2389/2389
f 2340/2340/2340 2389/2389/2389 2388/2388/2388
f 2341/2341/2341 2342/2342/2342 2390/2390/2390
f 2341/2341/2341 2390/2390/2390 2389/2389/2389
f 2342/2342/2342 2343/2343/2343 2391/2391/2391
f 2342/2342/2342 2391/2391/2391 2390/2390/2390
f 2343/2343/2343 2344/2344/2344 2392/2392/2392
f 2343/2343/2343 2392/2392/2392 2391/2391/2391
f 2344/2344/2344 2345/2345/2345 2393/2393/2393
f 2344/2344/2344 2393/2393/2393 2392/2392/2392
f 2345/2345/2345 2346/2346/2346 2394/2394/2394
f 2345/2345/2345 2394/2394/2394 2393/2393/2393
f 2346/2346/2346 2347/2347/2347 2395/2395/2395
f 2346/2346/2346 2395/2395/2395 2394/2394/2394
f 2347/2347/2347 2348/2348/2348 2396/2396/2396
f 2347/2347/2347 2396/2396/2396 2395/2395/2395
f 2348/2348/2348 2349/2349/2349 2397/2397/2397
f 2348/2348/2348 2397/2397/2397 2396/2396/2396
f 2349/2349/2349 2350/2350/2350 2398/2398/2398
f 2349/2349/2349 2398/2398/2398 2397/2397/2397
f 2350/2350/2350 2351/2351/2351 2399/2399/2399
f 2350/2350/2350 2399/2399/2399 2398/2398/2398
f 2351/2351/2351 2352/2352/2352 2400/2400/2400
f 2351/2351/2351 2400/2400/2400 2399/2399/2399
f 2352/2352/2352 2353/2353/2353 2401/2401/2401
f 2352/2352/2352 2401/2401/2401 2400/2400/2400
f 2353/2353/2353 2354/2354/2354 2402/2402/2402
f 2353/2353/2353 2402/2402/2402 2401/2401/2401
f 2354/2354/2354 2355/2355/2355 2403/2403/2403
f 2354/2354/2354 2403/2403/2403 2402/2402/2402
f 2355/2355/2355 2356/2356/2356 2404/2404/2404
f 2355/2355/2355 2404/2404/2404 2403/2403/2403
f 2356/2356/2356 2357/2357/2357 2405/2405/2405
f 2356/2356/2356 2405/2405/2405 2404/2404/2404
f 2357/2357/2357 2310/2310/2310 2358/2358/2358
f 2357/2357/2357 2358/2358/2358 2405/2405/2405
f 2358/2358/2358 2359/2359/2359 2407/2407/2407
f 2358/2358/2358 2407/2407/2407 2406/2406/2406
f 2359/2359/2359 2360/2360/2360 2408/2408/2408
f 2359/2359/2359 2408/2408/2408 2407/2407/2407
f 2360/2360/2360 2361/2361/2361 2409/2409/2409
f 2360/2360/2360 2409/2409/2409 2408/2408/2408
f 2361/2361/2361 2362/2362/2362 2410/2410/2410
f 2361/2361/2361 2410/2410/2410 2409/2409/2409
f 2362/2362/2362 2363/2363/2363 2411/2411/2411
f 2362/2362/2362 2411/2411/2411 2410/2410/2410
f 2363/2363/2363 2364/2364/2364 2412/2412/2412
f 2363/2363/2363 2412/2412/2412 2411/2411/2411
f 2364/2364/2364 2365/2365/2365 2413/2413/2413
f 2364/2364/2364 2413/2413/2413 2412/2412/2412
f 2365/2365/2365 2366/2366/2366 2414/2414/2414
f 2365/2365/2365 2414/2414/2414 2413/2413/2413
f 2366/2366/2366 2367/2367/2367 2415/2415/2415
f 2366/2366/2366 2415/2415/2415 2414/2414/2414
f 2367/2367/2367 2368/2368/2368 2416/2416/2416
f 2367/2367/2367 2416/2416/2416 2415/2415/2415
f 2368/2368/2368 2369/2369/2369 2417/2417/2417
f 2368/2368/2368 2417/2417/2417 2416/2416/2416
f 2369/2369/2369 2370/2370/2370 2418/2418/2418
f 2369/2369/2369 2418/2418/2418 2417/2417/2417
f 2370/2370/2370 2371/2371/2371 2419/2419/2419
f 2370/2370/2370 2419/2419/2419 2418/2418/2418
f 2371/2371/2371 2372/2372/2372 2420/2420/2420
f 2371/2371/2371 2420/2420/2420 2419/2419/2419
f 2372/2372/2372 2373/2373/2373 2421/2421/2421
f 2372/2372/2372 2421/2421/2421 2420/2420/2420
f 2373/2373/2373 2374/2374/2374 2422/2422/2422
f 2373/2373/2373 2422/2422/2422 2421/2421/2421
f 2374/2374/2374 2375/2375/2375 2423/2423/2423
f 2374/2374/2374 2423/2423/2423 2422/2422/2422
f 2375/2375/2375 2376/2376/2376 2424/2424/2424
f 2375/2375/2375 2424/2424/2424 2423/2423/2423
f 2376/2376/2376 2377/2377/2377 2425/2425/2425
f 2376/2376/2376 2425/2425/2425 2424/2424/2424
f 2377/2377/2377 2378/2378/2378 2426/2426/2426
f 2377/2377/2377 2426/2426/2426 2425/2425/2425
f 2378/2378/2378 2379/2379/2379 2427/2427/2427
f 2378/2378/2378 2427/2427/2427 2426/2426/2426
f 2379/2379/2379 2380/2380/2380 2428/2428/2428
f 2379/2379/2379 2428/2428/2428 2427/2427/2427
f 2380/2380/2380 2381/2381/2381 2429/2429/2429
f 2380/2380/2380 2429/2429/2429 2428/2428/2428
f 2381/2381/2381 2382/2382/2382 2430/2430/2430
f 2381/2381/2381 2430/2430/2430 2429/2429/2429
f 2382/2382/2382 2383/2383/2383 2431/2431/2431
f 2382/2382/2382 2431/2431/2431 2430/2430/2430
f 2383/2383/2383 2384/2384/2384 2432/2432/2432
f 2383/2383/2383 2432/2432/2432 2431/2431/2431
f 2384/2384/2384 2385/2385/2385 2433/2433/2433
f 2384/2384/2384 2433/2433/2433 2432/2432/2432
f 2385/2385/2385 2386/2386/2386 2434/2434/2434
f 2385/2385/2385 2434/2434/2434 2433/2433/2433
f 2386/2386/2386 2387/2387/2387 2435/2435/2435
f 2386/2386/2386 2435/2435/2435 2434/2434/2434
f 2387/2387/2387 2388/2388/2388 2436/2436/2436
f 2387/2387/2387 2436/2436/2436 2435/2435/2435
f 2388/2388/2388 2389/2389/2389 2437/2437/2437
f 2388/2388/2388 2437/2437/2437 2436/2436/2436
f 2389/2389/2389 2390/2390/2390 2438/2438/2438
f 2389/2389/2389 2438/2438/2438 2437/2437/2437
f 2390/2390/2390 2391/2391/2391 2439/2439/2439
f 2390/2390/2390 2439/2439/2439 2438/2438/2438
f 2391/2391/2391 2392/2392/2392 2440/2440/2440
f 2391/2391/2391 2440/2440/2440 2439/2439/2439
f 2392/2392/2392 2393/2393/2393 2441/2441/2441
f 2392/2392/2392 2441/2441/2441 2440/2440/2440
f 2393/2393/2393 2394/2394/2394 2442/2442/2442
f 2393/2393/2393 2442/2442/2442 2441/2441/2441
f 2394/2394/2394 2395/2395/2395 2443/2443/2443
f 2394/2394/2394 2443/2443/2443 2442/2442/2442
f 2395/2395/2395 2396/2396/2396 2444/2444/2444
f 2395/2395/2395 2444/2444/2444 2443/2443/2443
f 2396/2396/2396 2397/2397/2397 2445/2445/2445
f 2396/2396/2396 2445/2445/2445 2444/2444/2444
f 2397/2397/2397 2398/2398/2398 2446/2446/2446
f 2397/2397/2397 2446/2446/2446 2445/2445/2445
f 2398/2398/2398 2399/2399/2399 2447/2447/2447
f 2398/2398/2398 2447/2447/2447 2446/2446/2446
f 2399/2399/2399 2400/2400/2400 2448/2448/2448
f 2399/2399/2399 2448/2448/2448 2447/2447/2447
f 2400/2400/2400 2401/2401/2401 2449/2449/2449
f 2400/2400/2400 2449/2449/2449 2448/2448/2448
f 2401/2401/2401 2402/2402/2402 2450/2450/2450
f 2401/2401/2401 2450/2450/2450 2449/2449/2449
f 2402/2402/2402 2403/2403/2403 2451/2451/2451
f 2402/2402/2402 2451/2451/2451 2450/2450/2450
f 2403/2403/2403 2404/2404/2404 2452/2452/2452
f 2403/2403/2403 2452/2452/2452 2451/2451/2451
f 2404/2404/2404 2405/2405/2405 2453/2453/2453
f 2404/2404/2404 2453/2453/2453 2452/2452/2452
f 2405/2405/2405 2358/2358/2358 2406/2406/2406
f 2405/2405/2405 2406/2406/2406 2453/2453/2453
f 2406/2406/2406 2407/2407/2407 2455/2455/2455
f 2406/2406/2406 2455/2455/2455 2454/2454/2454
f 2407/2407/2407 2408/2408/2408 2456/2456/2456
f 2407/2407/2407 2456/2456/2456 2455/2455/2455
f 2408/2408/2408 2409/2409/2409 2457/2457/2457
f 2408/2408/2408 2457/2457/2457 2456/2456/2456
f 2409/2409/2409 2410/2410/2410 2458/2458/2458
f 2409/2409/2409 2458/2458/2458 2457/2457/2457
f 2410/2410/2410 2411/2411/2411 2459/2459/2459
f 2410/2410/2410 2459/2459/2459 2458/2458/2458
f 2411/2411/2411 2412/2412/2412 2460/2460/2460
f 2411/2411/2411 2460/2460/2460 2459/2459/2459
f 2412/2412/2412 2413/2413/2413 2461/2461/2461
f 2412/2412/2412 2461/2461/2461 2460/2460/2460
f 2413/2413/2413 2414/2414/2414 2462/2462/2462
f 2413/2413/2413 2462/2462/2462 2461/2461/2461
f 2414/2414/2414 2415/2415/2415 2463/2463/2463
f 2414/2414/2414 2463/2463/2463 2462/2462/2462
f 2415/2415/2415 2416/2416/2416 2464/2464/2464
f 2415/2415/2415 2464/2464/2464 2463/2463/2463
f 2416/2416/2416 2417/2417/2417 2465/2465/2465
f 2416/2416/2416 2465/2465/2465 2464/2464/2464
f 2417/2417/2417 2418/2418/2418 2466/2466/2466
f 2417/2417/2417 2466/2466/2466 2465/2465/2465
f 2418/2418/2418 2419/2419/2419 2467/2467/2467
f 2418/2418/2418 2467/2467/2467 2466/2466/2466
f 2419/2419/2419 2420/2420/2420 2468/2468/2468
f 2419/2419/2419 2468/2468/2468 2467/2467/2467
f 2420/2420/2420 2421/2421/2421 2469/2469/2469
f 2420/2420/2420 2469/2469/2469 2468/2468/2468
f 2421/2421/2421 2422/2422/2422 2470/2470/2470
f 2421/2421/2421 2470/2470/2470 2469/2469/2469
f 2422/2422/2422 2423/2423/2423 2471/2471/2471
f 2422/2422/2422 2471/2471/2471 2470/2470/2470
f 2423/2423/2423 2424/2424/2424 2472/2472/2472
f 2423/2423/2423 2472/2472/2472 2471/2471/2471
f 2424/2424/2424 2425/2425/2425 2473/2473/2473
f 2424/2424/2424 2473/2473/2473 2472/2472/2472
f 2425/2425/2425 2426/2426/2426 2474/2474/2474
f 2425/2425/2425 2474/2474/2474 2473/2473/2473
f 2426/2426/2426 2427/2427/2427 2475/2475/2475
f 2426/2426/2426 2475/2475/2475 2474/2474/2474
f 2427/2427/2427 2428/2428/2428 2476/2476/2476
f 2427/2427/2427 2476/2476/2476 2475/2475/2475
f 2428/2428/2428 2429/2429/2429 2477/2477/2477
f 2428/2428/2428 2477/2477/2477 2476/2476/2476
f 2429/2429/2429 2430/2430/2430 2478/2478/2478
f 2429/2429/2429 2478/2478/2478 2477/2477/2477
f 2430/2430/2430 2431/2431/2431 2479/2479/2479
f 2430/2430/2430 2479/2479/2479 2478/2478/2478
f 2431/2431/2431 2432/2432/2432 2480/2480/2480
f 2431/2431/2431 2480/2480/2480 2479/2479/2479
f 2432/2432/2432 2433/2433/2433 2481/2481/2481
f 2432/2432/2432 2481/2481/2481 2480/2480/2480
f 2433/2433/2433 2434/2434/2434 2482/2482/2482
f 2433/2433/2433 2482/2482/2482 2481/2481/2481
f 2434/2434/2434 2435/2435/2435 2483/2483/2483
f 2434/2434/2434 2483/2483/2483 2482/2482/2482
f 2435/2435/2435 2436/2436/2436 2484/2484/2484
f 2435/2435/2435 2484/2484/2484 2483/2483/2483
f 2436/2436/2436 2437/2437/2437 2485/2485/2485
f 2436/2436/2436 2485/2485/2485 2484/2484/2484
f 2437/2437/2437 2438/2438/2438 2486/2486/2486
f 2437/2437/2437 2486/2486/2486 2485/2485/2485
f 2438/2438/2438 2439/2439/2439 2487/2487/2487
f 2438/2438/2438 2487/2487/2487 2486/2486/2486
f 2439/2439/2439 2440/2440/2440 2488/2488/2488
f 2439/2439/2439 2488/2488/2488 2487/2487/2487
f 2440/2440/2440 2441/2441/2441 2489/2489/2489
f 2440/2440/2440 2489/2489/2489 2488/2488/2488
f 2441/2441/2441 2442/2442/2442 2490/2490/2490
f 2441/2441/2441 2490/2490/2490 2489/2489/2489
f 2442/2442/2442 2443/2443/2443 2491/2491/2491
f 2442/2442/2442 2491/2491/2491 2490/2490/2490
f 2443/2443/2443 2444/2444/2444 2492/2492/2492
f 2443/2443/2443 2492/2492/2492 2491/2491/2491
f 2444/2444/2444 2445/2445/2445 2493/2493/2493
f 2444/2444/2444 2493/2493/2493 2492/2492/2492
f 2445/2445/2445 2446/2446/2446 2494/2494/2494
f 2445/2445/2445 2494/2494/2494 2493/2493/2493
f 2446/2446/2446 2447/2447/2447 2495/2495/2495
f 2446/2446/2446 2495/2495/2495 2494/2494/2494
f 2447/2447/2447 2448/2448/2448 2496/2496/2496
f 2447/2447/2447 2496/2496/2496 2495/2495/2495
f 2448/2448/2448 2449/2449/2449 2497/2497/2497
f 2448/2448/2448 2497/2497/2497 2496/2496/2496
f 2449/2449/2449 2450/2450/2450 2498/2498/2498
f 2449/2449/2449 2498/2498/2498 2497/2497/2497
f 2450/2450/2450 2451/2451/2451 2499/2499/2499
f 2450/2450/2450 2499/2499/2499 2498/2498/2498
f 2451/2451/2451 2452/2452/2452 2500/2500/2500
f 2451/2451/2451 2500/2500/2500 2499/2499/2499
f 2452/2452/2452 2453/2453/2453 2501/2501/2501
f 2452/2452/2452 2501/2501/2501 2500/2500/2500
f 2453/2453/2453 2406/2406/2406 2454/2454/2454
f 2453/2453/2453 2454/2454/2454 2501/2501/2501
f 2454/2454/2454 2455/2455/2455 2503/2503/2503
f 2454/2454/2454 2503/2503/2503 2502/2502/2502
f 2455/2455/2455 2456/2456/2456 2504/2504/2504
f 2455/2455/2455 2504/2504/2504 2503/2503/2503
f 2456/2456/2456 2457/2457/2457 2505/2505/2505
f 2456/2456/2456 2505/2505/2505 2504/2504/2504
f 2457/2457/2457 2458/2458/2458 2506/2506/2506
f 2457/2457/2457 2506/2506/2506 2505/2505/2505
f 2458/2458/2458 2459/2459/2459 2507/2507/2507
f 2458/2458/2458 2507/2507/2507 2506/2506/2506
f 2459/2459/2459 2460/2460/2460 2508/2508/2508
f 2459/2459/2459 2508/2508/2508 2507/2507/2507
f 2460/2460/2460 2461/2461/2461 2509/2509/2509
f 2460/2460/2460 2509/2509/2509 2508/2508/2508
f 2461/2461/2461 2462/2462/2462 2510/2510/2510
f 2461/2461/2461 2510/2510/2510 2509/2509/2509
f 2462/2462/2462 2463/2463/2463 2511/2511/2511
f 2462/2462/2462 2511/2511/2511 2510/2510/2510
f 2463/2463/2463 2464/2464/2464 2512/2512/2512
f 2463/2463/2463 2512/2512/2512 2511/2511/2511
f 2464/2464/2464 2465/2465/2465 2513/2513/2513
f 2464/2464/2464 2513/2513/2513 2512/2512/2512
f 2465/2465/2465 2466/2466/2466 2514/2514/2514
f 2465/2465/2465 2514/2514/2514 2513/2513/2513
f 2466/2466/2466 2467/2467/2467 2515/2515/2515
f 2466/2466/2466 2515/2515/2515 2514/2514/2514
f 2467/2467/2467 2468/2468/2468 2516/2516/2516
f 2467/2467/2467 2516/2516/2516 2515/2515/2515
f 2468/2468/2468 2469/2469/2469 2517/2517/2517
f 2468/2468/2468 2517/2517/2517 2516/2516/2516
f 2469/2469/2469 2470/2470/2470 2518/2518/2518
f 2469/2469/2469 2518/2518/2518 2517/2517/2517
f 2470/2470/2470 2471/2471/2471 2519/2519/2519
f 2470/2470/2470 2519/2519/2519 2518/2518/2518
f 2471/2471/2471 2472/2472/2472 2520/2520/2520
f 2471/2471/2471 2520/2520/2520 2519/2519/2519
f 2472/2472/2472 2473/2473/2473 2521/2521/2521
f 2472/2472/2472 2521/2521/2521 2520/2520/2520
f 2473/2473/2473 2474/2474/2474 2522/2522/2522
f 2473/2473/2473 2522/2522/2522 2521/2521/2521
f 2474/2474/2474 2475/2475/2475 2523/2523/2523
f 2474/2474/2474 2523/2523/2523 2522/2522/2522
f 2475/2475/2475 2476/2476/2476 2524/2524/2524
f 2475/2475/2475 2524/2524/2524 2523/2523/2523
f 2476/2476/2476 2477/2477/2477 2525/2525/2525
f 2476/2476/2476 2525/2525/2525 2524/2524/2524
f 2477/2477/2477 2478/2478/2478 2526/2526/2526
f 2477/2477/2477 2526/2526/2526 2525/2525/2525
f 2478/2478/2478 2479/2479/2479 2527/2527/2527
f 2478/2478/2478 2527/2527/2527 2526/2526/2526
f 2479/2479/2479 2480/2480/2480 2528/2528/2528
f 2479/2479/2479 2528/2528/2528 2527/2527/2527
f 2480/2480/2480 2481/2481/2481 2529/2529/2529
f 2480/2480/2480 2529/2529/2529 2528/2528/2528
f 2481/2481/2481 2482/2482/2482 2530/2530/2530
f 2481/2481/2481 2530/2530/2530 2529/2529/2529
f 2482/2482/2482 2483/2483/2483 2531/2531/2531
f 2482/2482/2482 2531/2531/2531 2530/2530/2530
f 2483/2483/2483 2484/2484/2484 2532/2532/2532
f 2483/2483/2483 2532/2532/2532 2531/2531/2531
f 2484/2484/2484 2485/2485/2485 2533/2533/2533
f 2484/2484/2484 2533/2533/2533 2532/2532/2532
f 2485/2485/2485 2486/2486/2486 2534/2534/2534
f 2485/2485/2485 2534/2534/2534 2533/2533/2533
f 2486/2486/2486 2487/2487/2487 2535/2535/2535
f 2486/2486/2486 2535/2535/2535 2534/2534/2534
f 2487/2487/2487 2488/2488/2488 2536/2536/2536
f 2487/2487/2487 2536/2536/2536 2535/2535/2535
f 2488/2488/2488 2489/2489/2489 2537/2537/2537
f 2488/2488/2488 2537/2537/2537 2536/2536/2536
f 2489/2489/2489 2490/2490/2490 2538/2538/2538
f 2489/2489/2489 2538/2538/2538 2537/2537/2537
f 2490/2490/2490 2491/2491/2491 2539/2539/2539
f 2490/2490/2490 2539/2539/2539 2538/2538/2538
f 2491/2491/2491 2492/2492/2492 2540/2540/2540
f 2491/2491/2491 2540/2540/2540 2539/2539/2539
f 2492/2492/2492 2493/2493/2493 2541/2541/2541
f 2492/2492/2492 2541/2541/2541 2540/2540/2540
f 2493/2493/2493 2494/2494/2494 2542/2542/2542
f 2493/2493/2493 2542/2542/2542 2541/2541/2541
f 2494/2494/2494 2495/2495/2495 2543/2543/2543
f 2494/2494/2494 2543/2543/2543 2542/2542/2542
f 2495/2495/2495 2496/2496/2496 2544/2544/2544
f 2495/2495/2495 2544/2544/2544 2543/2543/2543
f 2496/2496/2496 2497/2497/2497 2545/2545/2545
f 2496/2496/2496 2545/2545/2545 2544/2544/2544
f 2497/2497/2497 2498/2498/2498 2546/2546/2546
f 2497/2497/2497 2546/2546/2546 2545/2545/2545
f 2498/2498/2498 2499/2499/2499 2547/2547/2547
f 2498/2498/2498 2547/2547/2547 2546/2546/2546
f 2499/2499/2499 2500/2500/2500 2548/2548/2548
f 2499/2499/2499 2548/2548/2548 2547/2547/2547
f 2500/2500/2500 2501/2501/2501 2549/2549/2549
f 2500/2500/2500 2549/2549/2549 2548/2548/2548
f 2501/2501/2501 2454/2454/2454 2502/2502/2502
f 2501/2501/2501 2502/2502/2502 2549/2549/2549
f 2502/2502/2502 2503/2503/2503 2551/2551/2551
f 2502/2502/2502 2551/2551/2551 2550/2550/2550
f 2503/2503/2503 2504/2504/2504 2552/2552/2552
f 2503/2503/2503 2552/2552/2552 2551/2551/2551
f 2504/2504/2504 2505/2505/2505 2553/2553/2553
f 2504/2504/2504 2553/2553/2553 2552/2552/2552
f 2505/2505/2505 2506/2506/2506 2554/2554/2554
f 2505/2505/2505 2554/2554/2554 2553/2553/2553
f 2506/2506/2506 2507/2507/2507 2555/2555/2555
f 2506/2506/2506 2555/2555/2555 2554/2554/2554
f 2507/2507/2507 2508/2508/2508 2556/2556/2556
f 2507/2507/2507 2556/2556/2556 2555/2555/2555
f 2508/2508/2508 2509/2509/2509 2557/2557/2557
f 2508/2508/2508 2557/2557/2557 2556/2556/2556
f 2509/2509/2509 2510/2510/2510 2558/2558/2558
f 2509/2509/2509 2558/2558/2558 2557/2557/2557
f 2510/2510/2510 2511/2511/2511 2559/2559/2559
f 2510/2510/2510 2559/2559/2559 2558/2558/2558
f 2511/2511/2511 2512/2512/2512 2560/2560/2560
f 2511/2511/2511 2560/2560/2560 2559/2559/2559
f 2512/2512/2512 2513/2513/2513 2561/2561/2561
f 2512/2512/2512 2561/2561/2561 2560/2560/2560
f 2513/2513/2513 2514/2514/2514 2562/2562/2562
f 2513/2513/2513 2562/2562/2562 2561/2561/2561
f 2514/2514/2514 2515/2515/2515 2563/2563/2563
f 2514/2514/2514 2563/2563/2563 2562/2562/2562
f 2515/2515/2515 2516/2516/2516 2564/2564/2564
f 2515/2515/2515 2564/2564/2564 2563/2563/2563
f 2516/2516/2516 2517/2517/2517 2565/2565/2565
f 2516/2516/2516 2565/2565/2565 2564/2564/2564
f 2517/2517/2517 2518/2518/2518 2566/2566/2566
f 2517/2517/2517 2566/2566/2566 2565/2565/2565
f 2518/2518/2518 2519/2519/2519 2567/2567/2567
f 2518/2518/2518 2567/2567/2567 2566/2566/2566
f 2519/2519/2519 2520/2520/2520 2568/2568/2568
f 2519/2519/2519 2568/2568/2568 2567/2567/2567
f 2520/2520/2520 2521/2521/2521 2569/2569/2569
f 2520/2520/2520 2569/2569/2569 2568/2568/2568
f 2521/2521/2521 2522/2522/2522 2570/2570/2570
f 2521/2521/2521 2570/2570/2570 2569/2569/2569
f 2522/2522/2522 2523/2523/2523 2571/2571/2571
f 2522/2522/2522 2571/2571/2571 2570/2570/2570
f 2523/2523/2523 2524/2524/2524 2572/2572/2572
f 2523/2523/2523 2572/2572/2572 2571/2571/2571
f 2524/2524/2524 2525/2525/2525 2573/2573/2573
f 2524/2524/2524 2573/2573/2573 2572/2572/2572
f 2525/2525/2525 2526/2526/2526 2574/2574/2574
f 2525/2525/2525 2574/2574/2574 2573/2573/2573
f 2526/2526/2526 2527/2527/2527 2575/2575/2575
f 2526/2526/2526 2575/2575/2575 2574/2574/2574
f 2527/2527/2527 2528/2528/2528 2576/2576/2576
f 2527/2527/2527 2576/2576/2576 2575/2575/2575
f 2528/2528/2528 2529/2529/2529 2577/2577/2577
f 2528/2528/2528 2577/2577/2577 2576/2576/2576
f 2529/2529/2529 2530/2530/2530 2578/2578/2578
f 2529/2529/2529 2578/2578/2578 2577/2577/2577
f 2530/2530/2530 2531/2531/2531 2579/2579/2579
f 2530/2530/2530 2579/2579/2579 2578/2578/2578
f 2531/2531/2531 2532/2532/2532 2580/2580/2580
f 2531/2531/2531 2580/2580/2580 2579/2579/2579
f 2532/2532/2532 2533/2533/2533 2581/2581/2581
f 2532/2532/2532 2581/2581/2581 2580/2580/2580
f 2533/2533/2533 2534/2534/2534 2582/2582/2582
f 2533/2533/2533 2582/2582/2582 2581/2581/2581
f 2534/2534/2534 2535/2535/2535 2583/2583/2583
f 2534/2534/2534 2583/2583/2583 2582/2582/2582
f 2535/2535/2535 2536/2536/2536 2584/2584/2584
f 2535/2535/2535 2584/2584/2584 2583/2583/2583
f 2536/2536/2536 2537/2537/2537 2585/2585/2585
f 2536/2536/2536 2585/2585/2585 2584/2584/2584
f 2537/2537/2537 2538/2538/2538 2586/2586/2586
f 2537/2537/2537 2586/2586/2586 2585/2585/2585
f 2538/2538/2538 2539/2539/2539 2587/2587/2587
f 2538/2538/2538 2587/2587/2587 2586/2586/2586
f 2539/2539/2539 2540/2540/2540 2588/2588/2588
f 2539/2539/2539 2588/2588/2588 2587/2587/2587
f 2540/2540/2540 2541/2541/2541 2589/2589/2589
f 2540/2540/2540 2589/2589/2589 2588/2588/2588
f 2541/2541/2541 2542/2542/2542 2590/2590/2590
f 2541/2541/2541 2590/2590/2590 2589/2589/2589
f 2542/2542/2542 2543/2543/2543 2591/2591/2591
f 2542/2542/2542 2591/2591/2591 2590/2590/2590
f 2543/2543/2543 2544/2544/2544 2592/2592/2592
f 2543/2543/2543 2592/2592/2592 2591/2591/2591
f 2544/2544/2544 2545/2545/2545 2593/2593/2593
f 2544/2544/2544 2593/2593/2593 2592/2592/2592
f 2545/2545/2545 2546/2546/2546 2594/2594/2594
f 2545/2545/2545 2594/2594/2594 2593/2593/2593
f 2546/2546/2546 2547/2547/2547 2595/2595/2595
f 2546/2546/2546 2595/2595/2595 2594/2594/2594
f 2547/2547/2547 2548/2548/2548 2596/2596/2596
f 2547/2547/2547 2596/2596/2596 2595/2595/2595
f 2548/2548/2548 2549/2549/2549 2597/2597/2597
f 2548/2548/2548 2597/2597/2597 2596/2596/2596
f 2549/2549/2549 2502/2502/2502 2550/2550/2550
f 2549/2549/2549 2550/2550/2550 2597/2597/2597
f 2550/2550/2550 2551/2551/2551 2599/2599/2599
f 2550/2550/2550 2599/2599/2599 2598/2598/2598
f 2551/2551/2551 2552/2552/2552 2600/2600/2600
f 2551/2551/2551 2600/2600/2600 2599/2599/2599
f 2552/2552/2552 2553/2553/2553 2601/2601/2601
f 2552/2552/2552 2601/2601/2601 2600/2600/2600
f 2553/2553/2553 2554/2554/2554 2602/2602/2602
f 2553/2553/2553 2602/2602/2602 2601/2601/2601
f 2554/2554/2554 2555/2555/2555 2603/2603/2603
f 2554/2554/2554 2603/2603/2603 2602/2602/2602
f 2555/2555/2555 2556/2556/2556 2604/2604/2604
f 2555/2555/2555 2604/2604/2604 2603/2603/2603
f 2556/2556/2556 2557/2557/2557 2605/2605/2605
f 2556/2556/2556 2605/2605/2605 2604/2604/2604
f 2557/2557/2557 2558/2558/2558 2606/2606/2606
f 2557/2557/2557 2606/2606/2606 2605/2605/2605
f 2558/2558/2558 2559/2559/2559 2607/2607/2607
f 2558/2558/2558 2607/2607/2607 2606/2606/2606
f 2559/2559/2559 2560/2560/2560 2608/2608/2608
f 2559/2559/2559 2608/2608/2608 2607/2607/2607
f 2560/2560/2560 2561/2561/2561 2609/2609/2609
f 2560/2560/2560 2609/2609/2609 2608/2608/2608
f 2561/2561/2561 2562/2562/2562 2610/2610/2610
f 2561/2561/2561 2610/2610/2610 2609/2609/2609
f 2562/2562/2562 2563/2563/2563 2611/2611/2611
f 2562/2562/2562 2611/2611/2611 2610/2610/2610
f 2563/2563/2563 2564/2564/2564 2612/2612/2612
f 2563/2563/2563 2612/2612/2612 2611/2611/2611
f 2564/2564/2564 2565/2565/2565 2613/2613/2613
f 2564/2564/2564 2613/2613/2613 2612/2612/2612
f 2565/2565/2565 2566/2566/2566 2614/2614/2614
f 2565/2565/2565 2614/2614/2614 2613/2613/2613
f 2566/2566/2566 2567/2567/2567 2615/2615/2615
f 2566/2566/2566 2615/2615/2615 2614/2614/2614
f 2567/2567/2567 2568/2568/2568 2616/2616/2616
f 2567/2567/2567 2616/2616/2616 2615/2615/2615
f 2568/2568/2568 2569/2569/2569 2617/2617/2617
f 2568/2568/2568 2617/2617/2617 2616/2616/2616
f 2569/2569/2569 2570/2570/2570 2618/2618/2618
f 2569/2569/2569 2618/2618/2618 2617/2617/2617
f 2570/2570/2570 2571/2571/2571 2619/2619/2619
f 2570/2570/2570 2619/2619/2619 2618/2618/2618
f 2571/2571/2571 2572/2572/2572 2620/2620/2620
f 2571/2571/2571 2620/2620/2620 2619/2619/2619
f 2572/2572/2572 2573/2573/2573 2621/2621/2621
f 2572/2572/2572 2621/2621/2621 2620/2620/2620
f 2573/2573/2573 2574/2574/2574 2622/2622/2622
f 2573/2573/2573 2622/2622/2622 2621/2621/2621
f 2574/2574/2574 2575/2575/2575 2623/2623/2623
f 2574/2574/2574 2623/2623/2623 2622/2622/2622
f 2575/2575/2575 2576/2576/2576 2624/2624/2624
f 2575/2575/2575 2624/2624/2624 2623/2623/2623
f 2576/2576/2576 2577/2577/2577 2625/2625/2625
f 2576/2576/2576 2625/2625/2625 2624/2624/2624
f 2577/2577/2577 2578/2578/2578 2626/2626/2626
f 2577/2577/2577 2626/2626/2626 2625/2625/2625
f 2578/2578/2578 2579/2579/2579 2627/2627/2627
f 2578/2578/2578 2627/2627/2627 2626/2626/2626
f 2579/2579/2579 2580/2580/2580 2628/2628/2628
f 2579/2579/2579 2628/2628/2628 2627/2627/2627
f 2580/2580/2580 2581/2581/2581 2629/2629/2629
f 2580/2580/2580 2629/2629/2629 2628/2628/2628
f 2581/2581/2581 2582/2582/2582 2630/2630/2630
f 2581/2581/2581 2630/2630/2630 2629/2629/2629
f 2582/2582/2582 2583/2583/2583 2631/2631/2631
f 2582/2582/2582 2631/2631/2631 2630/2630/2630
f 2583/2583/2583 2584/2584/2584 2632/2632/2632
f 2583/2583/2583 2632/2632/2632 2631/2631/2631
f 2584/2584/2584 2585/2585/2585 2633/2633/2633
f 2584/2584/2584 2633/2633/2633 2632/2632/2632
f 2585/2585/2585 2586/2586/2586 2634/2634/2634
f 2585/2585/2585 2634/2634/2634 2633/2633/2633
f 2586/2586/2586 2587/2587/2587 2635/2635/2635
f 2586/2586/2586 2635/2635/2635 2634/2634/2634
f 2587/2587/2587 2588/2588/2588 2636/2636/2636
f 2587/2587/2587 2636/2636/2636 2635/2635/2635
f 2588/2588/2588 2589/2589/2589 2637/2637/2637
f 2588/2588/2588 2637/2637/2637 2636/2636/2636
f 2589/2589/2589 2590/2590/2590 2638/2638/2638
f 2589/2589/2589 2638/2638/2638 2637/2637/2637
f 2590/2590/2590 2591/2591/2591 2639/2639/2639
f 2590/2590/2590 2639/2639/2639 2638/2638/2638
f 2591/2591/2591 2592/2592/2592 2640/2640/2640
f 2591/2591/2591 2640/2640/2640 2639/2639/2639
f 2592/2592/2592 2593/2593/2593 2641/2641/2641
f 2592/2592/2592 2641/2641/2641 2640/2640/2640
f 2593/2593/2593 2594/2594/2594 2642/2642/2642
f 2593/2593/2593 2642/2642/2642 2641/2641/2641
f 2594/2594/2594 2595/2595/2595 2643/2643/2643
f 2594/2594/2594 2643/2643/2643 2642/2642/2642
f 2595/2595/2595 2596/2596/2596 2644/2644/2644
f 2595/2595/2595 2644/2644/2644 2643/2643/2643
f 2596/2596/2596 2597/2597/2597 2645/2645/2645
f 2596/2596/2596 2645/2645/2645 2644/2644/2644
f 2597/2597/2597 2550/2550/2550 2598/2598/2598
f 2597/2597/2597 2598/2598/2598 2645/2645/2645
f 2598/2598/2598 2599/2599/2599 2647/2647/2647
f 2598/2598/2598 2647/2647/2647 2646/2646/2646
f 2599/2599/2599 2600/2600/2600 2648/2648/2648
f 2599/2599/2599 2648/2648/2648 2647/2647/2647
f 2600/2600/2600 2601/2601/2601 2649/2649/2649
f 2600/2600/2600 2649/2649/2649 2648/2648/2648
f 2601/2601/2601 2602/2602/2602 2650/2650/2650
f 2601/2601/2601 2650/2650/2650 2649/2649/2649
f 2602/2602/2602 2603/2603/2603 2651/2651/2651
f 2602/2602/2602 2651/2651/2651 2650/2650/2650
f 2603/2603/2603 2604/2604/2604 2652/2652/2652
f 2603/2603/2603 2652/2652/2652 2651/2651/2651
f 2604/2604/2604 2605/2605/2605 2653/2653/2653
f 2604/2604/2604 2653/2653/2653 2652/2652/2652
f 2605/2605/2605 2606/2606/2606 2654/2654/2654
f 2605/2605/2605 2654/2654/2654 2653/2653/2653
f 2606/2606/2606 2607/2607/2607 2655/2655/2655
f 2606/2606/2606 2655/2655/2655 2654/2654/2654
f 2607/2607/2607 2608/2608/2608 2656/2656/2656
f 2607/2607/2607 2656/2656/2656 2655/2655/2655
f 2608/2608/2608 2609/2609/2609 2657/2657/2657
f 2608/2608/2608 2657/2657/2657 2656/2656/2656
f 2609/2609/2609 2610/2610/2610 2658/2658/2658
f 2609/2609/2609 2658/2658/2658 2657/2657/2657
f 2610/2610/2610 2611/2611/2611 2659/2659/2659
f 2610/2610/2610 2659/2659/2659 2658/2658/2658
f 2611/2611/2611 2612/2612/2612 2660/2660/2660
f 2611/2611/2611 2660/2660/2660 2659/2659/2659
f 2612/2612/2612 2613/2613/2613 2661/2661/2661
f 2612/2612/2612 2661/2661/2661 2660/2660/2660
f 2613/2613/2613 2614/2614/2614 2662/2662/2662
f 2613/2613/2613 2662/2662/2662 2661/2661/2661
f 2614/2614/2614 2615/2615/2615 2663/2663/2663
f 2614/2614/2614 2663/2663/2663 2662/2662/2662
f 2615/2615/2615 2616/2616/2616 2664/2664/2664
f 2615/2615/2615 2664/2664/2664 2663/2663/2663
f 2616/2616/2616 2617/2617/2617 2665/2665/2665
f 2616/2616/2616 2665/2665/2665 2664/2664/2664
f 2617/2617/2617 2618/2618/2618 2666/2666/2666
f 2617/2617/2617 2666/2666/2666 2665/2665/2665
f 2618/2618/2618 2619/2619/2619 2667/2667/2667
f 2618/2618/2618 2667/2667/2667 2666/2666/2666
f 2619/2619/2619 2620/2620/2620 2668/2668/2668
f 2619/2619/2619 2668/2668/2668 2667/2667/2667
f 2620/2620/2620 2621/2621/2621 2669/2669/2669
f 2620/2620/2620 2669/2669/2669 2668/2668/2668
f 2621/2621/2621 2622/2622/2622 2670/2670/2670
f 2621/2621/2621 2670/2670/2670 2669/2669/2669
f 2622/2622/2622 2623/2623/2623 2671/2671/2671
f 2622/2622/2622 2671/2671/2671 2670/2670/2670
f 2623/2623/2623 2624/2624/2624 2672/2672/2672
f 2623/2623/2623 2672/2672/2672 2671/2671/2671
f 2624/2624/2624 2625/2625/2625 2673/2673/2673
f 2624/2624/2624 2673/2673/2673 2672/2672/2672
f 2625/2625/2625 2626/2626/2626 2674/2674/2674
f 2625/2625/2625 2674/2674/2674 2673/2673/2673
f 2626/2626/2626 2627/2627/2627 2675/2675/2675
f 2626/2626/2626 2675/2675/2675 2674/2674/2674
f 2627/2627/2627 2628/2628/2628 2676/2676/2676
f 2627/2627/2627 2676/2676/2676 2675/2675/2675
f 2628/2628/2628 2629/2629/2629 2677/2677/2677
f 2628/2628/2628 2677/2677/2677 2676/2676/2676
f 2629/2629/2629 2630/2630/2630 2678/2678/2678
f 2629/2629/2629 2678/2678/2678 2677/2677/2677
f 2630/2630/2630 2631/2631/2631 2679/2679/2679
f 2630/2630/2630 2679/2679/2679 2678/2678/2678
f 2631/2631/2631 2632/2632/2632 2680/2680/2680
f 2631/2631/2631 2680/2680/2680 2679/2679/2679
f 2632/2632/2632 2633/2633/2633 2681/2681/2681
f 2632/2632/2632 2681/2681/2681 2680/2680/2680
f 2633/2633/2633 2634/2634/2634 2682/2682/2682
f 2633/2633/2633 2682/2682/2682 2681/2681/2681
f 2634/2634/2634 2635/2635/2635 2683/2683/2683
f 2634/2634/2634 2683/2683/2683 2682/2682/2682
f 2635/2635/2635 2636/2636/2636 2684/2684/2684
f 2635/2635/2635 2684/2684/2684 2683/2683/2683
f 2636/2636/2636 2637/2637/2637 2685/2685/2685
f 2636/2636/2636 2685/2685/2685 2684/2684/2684
f 2637/2637/2637 2638/2638/2638 2686/2686/2686
f 2637/2637/2637 2686/2686/2686 2685/2685/2685
f 2638/2638/2638 2639/2639/2639 2687/2687/2687
f 2638/2638/2638 2687/2687/2687 2686/2686/2686
f 2639/2639/2639 2640/2640/2640 2688/2688/2688
f 2639/2639/2639 2688/2688/2688 2687/2687/2687
f 2640/2640/2640 2641/2641/2641 2689/2689/2689
f 2640/2640/2640 2689/2689/2689 2688/2688/2688
f 2641/2641/2641 2642/2642/2642 2690/2690/2690
f 2641/2641/2641 2690/2690/2690 2689/2689/2689
f 2642/2642/2642 2643/2643/2643 2691/2691/2691
f 2642/2642/2642 2691/2691/2691 2690/2690/2690
f 2643/2643/2643 2644/2644/2644 2692/2692/2692
f 2643/2643/2643 2692/2692/2692 2691/2691/2691
f 2644/2644/2644 2645/2645/2645 2693/2693/2693
f 2644/2644/2644 2693/2693/2693 2692/2692/2692
f 2645/2645/2645 2598/2598/2598 2646/2646/2646
f 2645/2645/2645 2646/2646/2646 2693/2693/2693
f 2646/2646/2646 2647/2647/2647 2695/2695/2695
f 2646/2646/2646 2695/2695/2695 2694/2694/2694
f 2647/2647/2647 2648/2648/2648 2696/2696/2696
f 2647/2647/2647 2696/2696/2696 2695/2695/2695
f 2648/2648/2648 2649/2649/2649 2697/2697/2697
f 2648/2648/2648 2697/2697/2697 2696/2696/2696
f 2649/2649/2649 2650/2650/2650 2698/2698/2698
f 2649/2649/2649 2698/2698/2698 2697/2697/2697
f 2650/2650/2650 2651/2651/2651 2699/2699/2699
f 2650/2650/2650 2699/2699/2699 2698/2698/2698
f 2651/2651/2651 2652/2652/2652 2700/2700/2700
f 2651/2651/2651 2700/2700/2700 2699/2699/2699
f 2652/2652/2652 2653/2653/2653 2701/2701/2701
f 2652/2652/2652 2701/2701/2701 2700/2700/2700
f 2653/2653/2653 2654/2654/2654 2702/2702/2702
f 2653/2653/2653 2702/2702/2702 2701/2701/2701
f 2654/2654/2654 2655/2655/2655 2703/2703/2703
f 2654/2654/2654 2703/2703/2703 2702/2702/2702
f 2655/2655/2655 2656/2656/2656 2704/2704/2704
f 2655/2655/2655 2704/2704/2704 2703/2703/2703
f 2656/2656/2656 2657/2657/2657 2705/2705/2705
f 2656/2656/2656 2705/2705/2705 2704/2704/2704
f 2657/2657/2657 2658/2658/2658 2706/2706/2706
f 2657/2657/2657 2706/2706/2706 2705/2705/2705
f 2658/2658/2658 2659/2659/2659 2707/2707/2707
f 2658/2658/2658 2707/2707/2707 2706/2706/2706
f 2659/2659/2659 2660/2660/2660 2708/2708/2708
f 2659/2659/2659 2708/2708/2708 2707/2707/2707
f 2660/2660/2660 2661/2661/2661 2709/2709/2709
f 2660/2660/2660 2709/2709/2709 2708/2708/2708
f 2661/2661/2661 2662/2662/2662 2710/2710/2710
f 2661/2661/2661 2710/2710/2710 2709/2709/2709
f 2662/2662/2662 2663/2663/2663 2711/2711/2711
f 2662/2662/2662 2711/2711/2711 2710/2710/2710
f 2663/2663/2663 2664/2664/2664 2712/2712/2712
f 2663/2663/2663 2712/2712/2712 2711/2711/2711
f 2664/2664/2664 2665/2665/2665 2713/2713/2713
f 2664/2664/2664 2713/2713/2713 2712/2712/2712
f 2665/2665/2665 2666/2666/2666 2714/2714/2714
f 2665/2665/2665 2714/2714/2714 2713/2713/2713
f 2666/2666/2666 2667/2667/2667 2715/2715/2715
f 2666/2666/2666 2715/2715/2715 2714/2714/2714
f 2667/2667/2667 2668/2668/2668 2716/2716/2716
f 2667/2667/2667 2716/2716/2716 2715/2715/2715
f 2668/2668/2668 2669/2669/2669 2717/2717/2717
f 2668/2668/2668 2717/2717/2717 2716/2716/2716
f 2669/2669/2669 2670/2670/2670 2718/2718/2718
f 2669/2669/2669 2718/2718/2718 2717/2717/2717
f 2670/2670/2670 2671/2671/2671 2719/2719/2719
f 2670/2670/2670 2719/2719/2719 2718/2718/2718
f 2671/2671/2671 2672/2672/2672 2720/2720/2720
f 2671/2671/2671 2720/2720/2720 2719/2719/2719
f 2672/2672/2672 2673/2673/2673 2721/2721/2721
f 2672/2672/2672 2721/2721/2721 2720/2720/2720
f 2673/2673/2673 2674/2674/2674 2722/2722/2722
f 2673/2673/2673 2722/2722/2722 2721/2721/2721
f 2674/2674/2674 2675/2675/2675 2723/2723/2723
f 2674/2674/2674 2723/2723/2723 2722/2722/2722
f 2675/2675/2675 2676/2676/2676 2724/2724/2724
f 2675/2675/2675 2724/2724/2724 2723/2723/2723
f 2676/2676/2676 2677/2677/2677 2725/2725/2725
f 2676/2676/2676 2725/2725/2725 2724/2724/2724
f 2677/2677/2677 2678/2678/2678 2726/2726/2726
f 2677/2677/2677 2726/2726/2726 2725/2725/2725
f 2678/2678/2678 2679/2679/2679 2727/2727/2727
f 2678/2678/2678 2727/2727/2727 2726/2726/2726
f 2679/2679/2679 2680/2680/2680 2728/2728/2728
f 2679/2679/2679 2728/2728/2728 2727/2727/2727
f 2680/2680/2680 2681/2681/2681 2729/2729/2729
f 2680/2680/2680 2729/2729/2729 2728/2728/2728
f 2681/2681/2681 2682/2682/2682 2730/2730/2730
f 2681/2681/2681 2730/2730/2730 2729/2729/2729
f 2682/2682/2682 2683/2683/2683 2731/2731/2731
f 2682/2682/2682 2731/2731/2731 2730/2730/2730
f 2683/2683/2683 2684/2684/2684 2732/2732/2732
f 2683/2683/2683 2732/2732/2732 2731/2731/2731
f 2684/2684/2684 2685/2685/2685 2733/2733/2733
f 2684/2684/2684 2733/2733/2733 2732/2732/2732
f 2685/2685/2685 2686/2686/2686 2734/2734/2734
f 2685/2685/2685 2734/2734/2734 2733/2733/2733
f 2686/2686/2686 2687/2687/2687 2735/2735/2735
f 2686/2686/2686 2735/2735/2735 2734/2734/2734
f 2687/2687/2687 2688/2688/2688 2736/2736/2736
f 2687/2687/2687 2736/2736/2736 2735/2735/2735
f 2688/2688/2688 2689/2689/2689 2737/2737/2737
f 2688/2688/2688 2737/2737/2737 2736/2736/2736
f 2689/2689/2689 2690/2690/2690 2738/2738/2738
f 2689/2689/2689 2738/2738/2738 2737/2737/2737
f 2690/2690/2690 2691/2691/2691 2739/2739/2739
f 2690/2690/2690 2739/2739/2739 2738/2738/2738
f 2691/2691/2691 2692/2692/2692 2740/2740/2740
f 2691/2691/2691 2740/2740/2740 2739/2739/2739
f 2692/2692/2692 2693/2693/2693 2741/2741/2741
f 2692/2692/2692 2741/2741/2741 2740/2740/2740
f 2693/2693/2693 2646/2646/2646 2694/2694/2694
f 2693/2693/2693 2694/2694/2694 2741/2741/2741
f 2694/2694/2694 2695/2695/2695 2743/2743/2743
f 2694/2694/2694 2743/2743/2743 2742/2742/2742
f 2695/2695/2695 2696/2696/2696 2744/2744/2744
f 2695/2695/2695 2744/2744/2744 2743/2743/2743
f 2696/2696/2696 2697/2697/2697 2745/2745/2745
f 2696/2696/2696 2745/2745/2745 2744/2744/2744
f 2697/2697/2697 2698/2698/2698 2746/2746/2746
f 2697/2697/2697 2746/2746/2746 2745/2745/2745
f 2698/2698/2698 2699/2699/2699 2747/2747/2747
f 2698/2698/2698 2747/2747/2747 2746/2746/2746
f 2699/2699/2699 2700/2700/2700 2748/2748/2748
f 2699/2699/2699 2748/2748/2748 2747/2747/2747
f 2700/2700/2700 2701/2701/2701 2749/2749/2749
f 2700/2700/2700 2749/2749/2749 2748/2748/2748
f 2701/2701/2701 2702/2702/2702 2750/2750/2750
f 2701/2701/2701 2750/2750/2750 2749/2749/2749
f 2702/2702/2702 2703/2703/2703 2751/2751/2751
f 2702/2702/2702 2751/2751/2751 2750/2750/2750
f 2703/2703/2703 2704/2704/2704 2752/2752/2752
f 2703/2703/2703 2752/2752/2752 2751/2751/2751
f 2704/2704/2704 2705/2705/2705 2753/2753/2753
f 2704/2704/2704 2753/2753/2753 2752/2752/2752
f 2705/2705/2705 2706/2706/2706 2754/2754/2754
f 2705/2705/2705 2754/2754/2754 2753/2753/2753
f 2706/2706/2706 2707/2707/2707 2755/2755/2755
f 2706/2706/2706 2755/2755/2755 2754/2754/2754
f 2707/2707/2707 2708/2708/2708 2756/2756/2756
f 2707/2707/2707 2756/2756/2756 2755/2755/2755
f 2708/2708/2708 2709/2709/2709 2757/2757/2757
f 2708/2708/2708 2757/2757/2757 2756/2756/2756
f 2709/2709/2709 2710/2710/2710 2758/2758/2758
f 2709/2709/2709 2758/2758/2758 2757/2757/2757
f 2710/2710/2710 2711/2711/2711 2759/2759/2759
f 2710/2710/2710 2759/2759/2759 2758/2758/2758
f 2711/2711/2711 2712/2712/2712 2760/2760/2760
f 2711/2711/2711 2760/2760/2760 2759/2759/2759
f 2712/2712/2712 2713/2713/2713 2761/2761/2761
f 2712/2712/2712 2761/2761/2761 2760/2760/2760
f 2713/2713/2713 2714/2714/2714 2762/2762/2762
f 2713/2713/2713 2762/2762/2762 2761/2761/2761
f 2714/2714/2714 2715/2715/2715 2763/2763/2763
f 2714/2714/2714 2763/2763/2763 2762/2762/2762
f 2715/2715/2715 2716/2716/2716 2764/2764/2764
f 2715/2715/2715 2764/2764/2764 2763/2763/2763
f 2716/2716/2716 2717/2717/2717 2765/2765/2765
f 2716/2716/2716 2765/2765/2765 2764/2764/2764
f 2717/2717/2717 2718/2718/2718 2766/2766/2766
f 2717/2717/2717 2766/2766/2766 2765/2765/2765
f 2718/2718/2718 2719/2719/2719 2767/2767/2767
f 2718/2718/2718 2767/2767/2767 2766/2766/2766
f 2719/2719/2719 2720/2720/2720 2768/2768/2768
f 2719/2719/2719 2768/2768/2768 2767/2767/2767
f 2720/2720/2720 2721/2721/2721 2769/2769/2769
f 2720/2720/2720 2769/2769/2769 2768/2768/2768
f 2721/2721/2721 2722/2722/2722 2770/2770/2770
f 2721/2721/2721 2770/2770/2770 2769/2769/2769
f 2722/2722/2722 2723/2723/2723 2771/2771/2771
f 2722/2722/2722 2771/2771/2771 2770/2770/2770
f 2723/2723/2723 2724/2724/2724 2772/2772/2772
f 2723/2723/2723 2772/2772/2772 2771/2771/2771
f 2724/2724/2724 2725/2725/2725 2773/2773/2773
f 2724/2724/2724 2773/2773/2773 2772/2772/2772
f 2725/2725/2725 2726/2726/2726 2774/2774/2774
f 2725/2725/2725 2774/2774/2774 2773/2773/2773
f 2726/2726/2726 2727/2727/2727 2775/2775/2775
f 2726/2726/2726 2775/2775/2775 2774/2774/2774
f 2727/2727/2727 2728/2728/2728 2776/2776/2776
f 2727/2727/2727 2776/2776/2776 2775/2775/2775
f 2728/2728/2728 2729/2729/2729 2777/2777/2777
f 2728/2728/2728 2777/2777/2777 2776/2776/2776
f 2729/2729/2729 2730/2730/2730 2778/2778/2778
f 2729/2729/2729 2778/2778/2778 2777/2777/2777
f 2730/2730/2730 2731/2731/2731 2779/2779/2779
f 2730/2730/2730 2779/2779/2779 2778/2778/2778
f 2731/2731/2731 2732/2732/2732 2780/2780/2780
f 2731/2731/2731 2780/2780/2780 2779/2779/2779
f 2732/2732/2732 2733/2733/2733 2781/2781/2781
f 2732/2732/2732 2781/2781/2781 2780/2780/2780
f 2733/2733/2733 2734/2734/2734 2782/2782/2782
f 2733/2733/2733 2782/2782/2782 2781/2781/2781
f 2734/2734/2734 2735/2735/2735 2783/2783/2783
f 2734/2734/2734 2783/2783/2783 2782/2782/2782
f 2735/2735/2735 2736/2736/2736 2784/2784/2784
f 2735/2735/2735 2784/2784/2784 2783/2783/2783
f 2736/2736/2736 2737/2737/2737 2785/2785/2785
f 2736/2736/2736 2785/2785/2785 2784/2784/2784
f 2737/2737/2737 2738/2738/2738 2786/2786/2786
f 2737/2737/2737 2786/2786/2786 2785/2785/2785
f 2738/2738/2738 2739/2739/2739 2787/2787/2787
f 2738/2738/2738 2787/2787/2787 2786/2786/2786
f 2739/2739/2739 2740/2740/2740 2788/2788/2788
f 2739/2739/2739 2788/2788/2788 2787/2787/2787
f 2740/2740/2740 2741/2741/2741 2789/2789/2789
f 2740/2740/2740 2789/2789/2789 2788/2788/2788
f 2741/2741/2741 2694/2694/2694 2742/2742/2742
f 2741/2741/2741 2742/2742/2742 2789/2789/2789
f 2742/2742/2742 2743/2743/2743 2791/2791/2791
f 2742/2742/2742 2791/2791/2791 2790/2790/2790
f 2743/2743/2743 2744/2744/2744 2792/2792/2792
f 2743/2743/2743 2792/2792/2792 2791/2791/2791
f 2744/2744/2744 2745/2745/2745 2793/2793/2793
f 2744/2744/2744 2793/2793/2793 2792/2792/2792
f 2745/2745/2745 2746/2746/2746 2794/2794/2794
f 2745/2745/2745 2794/2794/2794 2793/2793/2793
f 2746/2746/2746 2747/2747/2747 2795/2795/2795
f 2746/2746/2746 2795/2795/2795 2794/2794/2794
f 2747/2747/2747 2748/2748/2748 2796/2796/2796
f 2747/2747/2747 2796/2796/2796 2795/2795/2795
f 2748/2748/2748 2749/2749/2749 2797/2797/2797
f 2748/2748/2748 2797/2797/2797 2796/2796/2796
f 2749/2749/2749 2750/2750/2750 2798/2798/2798
f 2749/2749/2749 2798/2798/2798 2797/2797/2797
f 2750/2750/2750 2751/2751/2751 2799/2799/2799
f 2750/2750/2750 2799/2799/2799 2798/2798/2798
f 2751/2751/2751 2752/2752/2752 2800/2800/2800
f 2751/2751/2751 2800/2800/2800 2799/2799/2799
f 2752/2752/2752 2753/2753/2753 2801/2801/2801
f 2752/2752/2752 2801/2801/2801 2800/2800/2800
f 2753/2753/2753 2754/2754/2754 2802/2802/2802
f 2753/2753/2753 2802/2802/2802 2801/2801/2801
f 2754/2754/2754 2755/2755/2755 2803/2803/2803
f 2754/2754/2754 2803/2803/2803 2802/2802/2802
f 2755/2755/2755 2756/2756/2756 2804/2804/2804
f 2755/2755/2755 2804/2804/2804 2803/2803/2803
f 2756/2756/2756 2757/2757/2757 2805/2805/2805
f 2756/2756/2756 2805/2805/2805 2804/2804/2804
f 2757/2757/2757 2758/2758/2758 2806/2806/2806
f 2757/2757/2757 2806/2806/2806 2805/2805/2805
f 2758/2758/2758 2759/2759/2759 2807/2807/2807
f 2758/2758/2758 2807/2807/2807 2806/2806/2806
f 2759/2759/2759 2760/2760/2760 2808/2808/2808
f 2759/2759/2759 2808/2808/2808 2807/2807/2807
f 2760/2760/2760 2761/2761/2761 2809/2809/2809
f 2760/2760/2760 2809/2809/2809 2808/2808/2808
f 2761/2761/2761 2762/2762/2762 2810/2810/2810
f 2761/2761/2761 2810/2810/2810 2809/2809/2809
f 2762/2762/2762 2763/2763/2763 2811/2811/2811
f 2762/2762/2762 2811/2811/2811 2810/2810/2810
f 2763/2763/2763 2764/2764/2764 2812/2812/2812
f 2763/2763/2763 2812/2812/2812 2811/2811/2811
f 2764/2764/2764 2765/2765/2765 2813/2813/2813
f 2764/2764/2764 2813/2813/2813 2812/2812/2812
f 2765/2765/2765 2766/2766/2766 2814/2814/2814
f 2765/2765/2765 2814/2814/2814 2813/2813/2813
f 2766/2766/2766 2767/2767/2767 2815/2815/2815
f 2766/2766/2766 2815/2815/2815 2814/2814/2814
f 2767/2767/2767 2768/2768/2768 2816/2816/2816
f 2767/2767/2767 2816/2816/2816 2815/2815/2815
f 2768/2768/2768 2769/2769/2769 2817/2817/2817
f 2768/2768/2768 2817/2817/2817 2816/2816/2816
f 2769/2769/2769 2770/2770/2770 2818/2818/2818
f 2769/2769/2769 2818/2818/2818 2817/2817/2817
f 2770/2770/2770 2771/2771/2771 2819/2819/2819
f 2770/2770/2770 2819/2819/2819 2818/2818/2818
f 2771/2771/2771 2772/2772/2772 2820/2820/2820
f 2771/2771/2771 2820/2820/2820 2819/2819/2819
f 2772/2772/2772 2773/2773/2773 2821/2821/2821
f 2772/2772/2772 2821/2821/2821 2820/2820/2820
f 2773/2773/2773 2774/2774/2774 2822/2822/2822
f 2773/2773/2773 2822/2822/2822 2821/2821/2821
f 2774/2774/2774 2775/2775/2775 2823/2823/2823
f 2774/2774/2774 2823/2823/2823 2822/2822/2822
f 2775/2775/2775 2776/2776/2776 2824/2824/2824
f 2775/2775/2775 2824/2824/2824 2823/2823/2823
f 2776/2776/2776 2777/2777/2777 2825/2825/2825
f 2776/2776/2776 2825/2825/2825 2824/2824/2824
f 2777/2777/2777 2778/2778/2778 2826/2826/2826
f 2777/2777/2777 2826/2826/2826 2825/2825/2825
f 2778/2778/2778 2779/2779/2779 2827/2827/2827
f 2778/2778/2778 2827/2827/2827 2826/2826/2826
f 2779/2779/2779 2780/2780/2780 2828/2828/2828
f 2779/2779/2779 2828/2828/2828 2827/2827/2827
f 2780/2780/2780 2781/2781/2781 2829/2829/2829
f 2780/2780/2780 2829/2829/2829 2828/2828/2828
f 2781/2781/2781 2782/2782/2782 2830/2830/2830
f 2781/2781/2781 2830/2830/2830 2829/2829/2829
f 2782/2782/2782 2783/2783/2783 2831/2831/2831
f 2782/2782/2782 2831/2831/2831 2830/2830/2830
f 2783/2783/2783 2784/2784/2784 2832/2832/2832
f 2783/2783/2783 2832/2832/2832 2831/2831/2831
f 2784/2784/2784 2785/2785/2785 2833/2833/2833
f 2784/2784/2784 2833/2833/2833 2832/2832/2832
f 2785/2785/2785 2786/2786/2786 2834/2834/2834
f 2785/2785/2785 2834/2834/2834 2833/2833/2833
f 2786/2786/2786 2787/2787/2787 2835/2835/2835
f 2786/2786/2786 2835/2835/2835 2834/2834/2834
f 2787/2787/2787 2788/2788/2788 2836/2836/2836
f 2787/2787/2787 2836/2836/2836 2835/2835/2835
f 2788/2788/2788 2789/2789/2789 2837/2837/2837
f 2788/2788/2788 2837/2837/2837 2836/2836/2836
f 2789/2789/2789 2742/2742/2742 2790/2790/2790
f 2789/2789/2789 2790/2790/2790 2837/2837/2837
f 2790/2790/2790 2791/2791/2791 2839/2839/2839
f 2790/2790/2790 2839/2839/2839 2838/2838/2838
f 2791/2791/2791 2792/2792/2792 2840/2840/2840
f 2791/2791/2791 2840/2840/2840 2839/2839/2839
f 2792/2792/2792 2793/2793/2793 2841/2841/2841
f 2792/2792/2792 2841/2841/2841 2840/2840/2840
f 2793/2793/2793 2794/2794/2794 2842/2842/2842
f 2793/2793/2793 2842/2842/2842 2841/2841/2841
f 2794/2794/2794 2795/2795/2795 2843/2843/2843
f 2794/2794/2794 2843/2843/2843 2842/2842/2842
f 2795/2795/2795 2796/2796/2796 2844/2844/2844
f 2795/2795/2795 2844/2844/2844 2843/2843/2843
f 2796/2796/2796 2797/2797/2797 2845/2845/2845
f 2796/2796/2796 2845/2845/2845 2844/2844/2844
f 2797/2797/2797 2798/2798/2798 2846/2846/2846
f 2797/2797/2797 2846/2846/2846 2845/2845/2845
f 2798/2798/2798 2799/2799/2799 2847/2847/2847
f 2798/2798/2798 2847/2847/2847 2846/2846/2846
f 2799/2799/2799 2800/2800/2800 2848/2848/2848
f 2799/2799/2799 2848/2848/2848 2847/2847/2847
f 2800/2800/2800 2801/2801/2801 2849/2849/2849
f 2800/2800/2800 2849/2849/2849 2848/2848/2848
f 2801/2801/2801 2802/2802/2802 2850/2850/2850
f 2801/2801/2801 2850/2850/2850 2849/2849/2849
f 2802/2802/2802 2803/2803/2803 2851/2851/2851
f 2802/2802/2802 2851/2851/2851 2850/2850/2850
f 2803/2803/2803 2804/2804/2804 2852/2852/2852
f 2803/2803/2803 2852/2852/2852 2851/2851/2851
f 2804/2804/2804 2805/2805/2805 2853/2853/2853
f 2804/2804/2804 2853/2853/2853 2852/2852/2852
f 2805/2805/2805 2806/2806/2806 2854/2854/2854
f 2805/2805/2805 2854/2854/2854 2853/2853/2853
f 2806/2806/2806 2807/2807/2807 2855/2855/2855
f 2806/2806/2806 2855/2855/2855 2854/2854/2854
f 2807/2807/2807 2808/2808/2808 2856/2856/2856
f 2807/2807/2807 2856/2856/2856 2855/2855/2855
f 2808/2808/2808 2809/2809/2809 2857/2857/2857
f 2808/2808/2808 2857/2857/2857 2856/2856/2856
f 2809/2809/2809 2810/2810/2810 2858/2858/2858
f 2809/2809/2809 2858/2858/2858 2857/2857/2857
f 2810/2810/2810 2811/2811/2811 2859/2859/2859
f 2810/2810/2810 2859/2859/2859 2858/2858/2858
f 2811/2811/2811 2812/2812/2812 2860/2860/2860
f 2811/2811/2811 2860/2860/2860 2859/2859/2859
f 2812/2812/2812 2813/2813/2813 2861/2861/2861
f 2812/2812/2812 2861/2861/2861 2860/2860/2860
f 2813/2813/2813 2814/2814/2814 2862/2862/2862
f 2813/2813/2813 2862/2862/2862 2861/2861/2861
f 2814/2814/2814 2815/2815/2815 2863/2863/2863
f 2814/2814/2814 2863/2863/2863 2862/2862/2862
f 2815/2815/2815 2816/2816/2816 2864/2864/2864
f 2815/2815/2815 2864/2864/2864 2863/2863/2863
f 2816/2816/2816 2817/2817/2817 2865/2865/2865
f 2816/2816/2816 2865/2865/2865 2864/2864/2864
f 2817/2817/2817 2818/2818/2818 2866/2866/2866
f 2817/2817/2817 2866/2866/2866 2865/2865/2865
f 2818/2818/2818 2819/2819/2819 2867/2867/2867
f 2818/2818/2818 2867/2867/2867 2866/2866/2866
f 2819/2819/2819 2820/2820/2820 2868/2868/2868
f 2819/2819/2819 2868/2868/2868 2867/2867/2867
f 2820/2820/2820 2821/2821/2821 2869/2869/2869
f 2820/2820/2820 2869/2869/2869 2868/2868/2868
f 2821/2821/2821 2822/2822/2822 2870/2870/2870
f 2821/2821/2821 2870/2870/2870 2869/2869/2869
f 2822/2822/2822 2823/2823/2823 2871/2871/2871
f 2822/2822/2822 2871/2871/2871 2870/2870/2870
f 2823/2823/2823 2824/2824/2824 2872/2872/2872
f 2823/2823/2823 2872/2872/2872 2871/2871/2871
f 2824/2824/2824 2825/2825/2825 2873/2873/2873
f 2824/2824/2824 2873/2873/2873 2872/2872/2872
f 2825/2825/2825 2826/2826/2826 2874/2874/2874
f 2825/2825/2825 2874/2874/2874 2873/2873/2873
f 2826/2826/2826 2827/2827/2827 2875/2875/2875
f 2826/2826/2826 2875/2875/2875 2874/2874/2874
f 2827/2827/2827 2828/2828/2828 2876/2876/2876
f 2827/2827/2827 2876/2876/2876 2875/2875/2875
f 2828/2828/2828 2829/2829/2829 2877/2877/2877
f 2828/2828/2828 2877/2877/2877 2876/2876/2876
f 2829/2829/2829 2830/2830/2830 2878/2878/2878
f 2829/2829/2829 2878/2878/2878 2877/2877/2877
f 2830/2830/2830 2831/2831/2831 2879/2879/2879
f 2830/2830/2830 2879/2879/2879 2878/2878/2878
f 2831/2831/2831 2832/2832/2832 2880/2880/2880
f 2831/2831/2831 2880/2880/2880 2879/2879/2879
f 2832/2832/2832 2833/2833/2833 2881/2881/2881
f 2832/2832/2832 2881/2881/2881 2880/2880/2880
f 2833/2833/2833 2834/2834/2834 2882/2882/2882
f 2833/2833/2833 2882/2882/2882 2881/2881/2881
f 2834/2834/2834 2835/2835/2835 2883/2883/2883
f 2834/2834/2834 2883/2883/2883 2882/2882/2882
f 2835/2835/2835 2836/2836/2836 2884/2884/2884
f 2835/2835/2835 2884/2884/2884 2883/2883/2883
f 2836/2836/2836 2837/2837/2837 2885/2885/2885
f 2836/2836/2836 2885/2885/2885 2884/2884/2884
f 2837/2837/2837 2790/2790/2790 2838/2838/2838
f 2837/2837/2837 2838/2838/2838 2885/2885/2885
f 2838/2838/2838 2839/2839/2839 2887/2887/2887
f 2838/2838/2838 2887/2887/2887 2886/2886/2886
f 2839/2839/2839 2840/2840/2840 2888/2888/2888
f 2839/2839/2839 2888/2888/2888 2887/2887/2887
f 2840/2840/2840 2841/2841/2841 2889/2889/2889
f 2840/2840/2840 2889/2889/2889 2888/2888/2888
f 2841/2841/2841 2842/2842/2842 2890/2890/2890
f 2841/2841/2841 2890/2890/2890 2889/2889/2889
f 2842/2842/2842 2843/2843/2843 2891/2891/2891
f 2842/2842/2842 2891/2891/2891 2890/2890/2890
f 2843/2843/2843 2844/2844/2844 2892/2892/2892
f 2843/2843/2843 2892/2892/2892 2891/2891/2891
f 2844/2844/2844 2845/2845/2845 2893/2893/2893
f 2844/2844/2844 2893/2893/2893 2892/2892/2892
f 2845/2845/2845 2846/2846/2846 2894/2894/2894
f 2845/2845/2845 2894/2894/2894 2893/2893/2893
f 2846/2846/2846 2847/2847/2847 2895/2895/2895
f 2846/2846/2846 2895/2895/2895 2894/2894/2894
f 2847/2847/2847 2848/2848/2848 2896/2896/2896
f 2847/2847/2847 2896/2896/2896 2895/2895/2895
f 2848/2848/2848 2849/2849/2849 2897/2897/2897
f 2848/2848/2848 2897/2897/2897 2896/2896/2896
f 2849/2849/2849 2850/2850/2850 2898/2898/2898
f 2849/2849/2849 2898/2898/2898 2897/2897/2897
f 2850/2850/2850 2851/2851/2851 2899/2899/2899
f 2850/2850/2850 2899/2899/2899 2898/2898/2898
f 2851/2851/2851 2852/2852/2852 2900/2900/2900
f 2851/2851/2851 2900/2900/2900 2899/2899/2899
f 2852/2852/2852 2853/2853/2853 2901/2901/2901
f 2852/2852/2852 2901/2901/2901 2900/2900/2900
f 2853/2853/2853 2854/2854/2854 2902/2902/2902
f 2853/2853/2853 2902/2902/2902 2901/2901/2901
f 2854/2854/2854 2855/2855/2855 2903/2903/2903
f 2854/2854/2854 2903/2903/2903 2902/2902/2902
f 2855/2855/2855 2856/2856/2856 2904/2904/2904
f 2855/2855/2855 2904/2904/2904 2903/2903/2903
f 2856/2856/2856 2857/2857/2857 2905/2905/2905
f 2856/2856/2856 2905/2905/2905 2904/2904/2904
f 2857/2857/2857 2858/2858/2858 2906/2906/2906
f 2857/2857/2857 2906/2906/2906 2905/2905/2905
f 2858/2858/2858 2859/2859/2859 2907/2907/2907
f 2858/2858/2858 2907/2907/2907 2906/2906/2906
f 2859/2859/2859 2860/2860/2860 2908/2908/2908
f 2859/2859/2859 2908/2908/2908 2907/2907/2907
f 2860/2860/2860 2861/2861/2861 2909/2909/2909
f 2860/2860/2860 2909/2909/2909 2908/2908/2908
f 2861/2861/2861 2862/2862/2862 2910/2910/2910
f 2861/2861/2861 2910/2910/2910 2909/2909/2909
f 2862/2862/2862 2863/2863/2863 2911/2911/2911
f 2862/2862/2862 2911/2911/2911 2910/2910/2910
f 2863/2863/2863 2864/2864/2864 2912/2912/2912
f 2863/2863/2863 2912/2912/2912 2911/2911/2911
f 2864/2864/2864 2865/2865/2865 2913/2913/2913
f 2864/2864/2864 2913/2913/2913 2912/2912/2912
f 2865/2865/2865 2866/2866/2866 2914/2914/2914
f 2865/2865/2865 2914/2914/2914 2913/2913/2913
f 2866/2866/2866 2867/2867/2867 2915/2915/2915
f 2866/2866/2866 2915/2915/2915 2914/2914/2914
f 2867/2867/2867 2868/2868/2868 2916/2916/2916
f 2867/2867/2867 2916/2916/2916 2915/2915/2915
f 2868/2868/2868 2869/2869/2869 2917/2917/2917
f 2868/2868/2868 2917/2917/2917 2916/2916/2916
f 2869/2869/2869 2870/2870/2870 2918/2918/2918
f 2869/2869/2869 2918/2918/2918 2917/2917/2917
f 2870/2870/2870 2871/2871/2871 2919/2919/2919
f 2870/2870/2870 2919/2919/2919 2918/2918/2918
f 2871/2871/2871 2872/2872/2872 2920/2920/2920
f 2871/2871/2871 2920/2920/2920 2919/2919/2919
f 2872/2872/2872 2873/2873/2873 2921/2921/2921
f 2872/2872/2872 2921/2921/2921 2920/2920/2920
f 2873/2873/2873 2874/2874/2874 2922/2922/2922
f 2873/2873/2873 2922/2922/2922 2921/2921/2921
f 2874/2874/2874 2875/2875/2875 2923/2923/2923
f 2874/2874/2874 2923/2923/2923 2922/2922/2922
f 2875/2875/2875 2876/2876/2876 2924/2924/2924
f 2875/2875/2875 2924/2924/2924 2923/2923/2923
f 2876/2876/2876 2877/2877/2877 2925/2925/2925
f 2876/2876/2876 2925/2925/2925 2924/2924/2924
f 2877/2877/2877 2878/2878/2878 2926/2926/2926
f 2877/2877/2877 2926/2926/2926 2925/2925/2925
f 2878/2878/2878 2879/2879/2879 2927/2927/2927
f 2878/2878/2878 2927/2927/2927 2926/2926/2926
f 2879/2879/2879 2880/2880/2880 2928/2928/2928
f 2879/2879/2879 2928/2928/2928 2927/2927/2927
f 2880/2880/2880 2881/2881/2881 2929/2929/2929
f 2880/2880/2880 2929/2929/2929 2928/2928/2928
f 2881/2881/2881 2882/2882/2882 2930/2930/2930
f 2881/2881/2881 2930/2930/2930 2929/2929/2929
f 2882/2882/2882 2883/2883/2883 2931/2931/2931
f 2882/2882/2882 2931/2931/2931 2930/2930/2930
f 2883/2883/2883 2884/2884/2884 2932/2932/2932
f 2883/2883/2883 2932/2932/2932 2931/2931/2931
f 2884/2884/2884 2885/2885/2885 2933/2933/2933
f 2884/2884/2884 2933/2933/2933 2932/2932/2932
f 2885/2885/2885 2838/2838/2838 2886/2886/2886
f 2885/2885/2885 2886/2886/2886 2933/2933/2933
f 2886/2886/2886 2887/2887/2887 2935/2935/2935
f 2886/2886/2886 2935/2935/2935 2934/2934/2934
f 2887/2887/2887 2888/2888/2888 2936/2936/2936
f 2887/2887/2887 2936/2936/2936 2935/2935/2935
f 2888/2888/2888 2889/2889/2889 2937/2937/2937
f 2888/2888/2888 2937/2937/2937 2936/2936/2936
f 2889/2889/2889 2890/2890/2890 2938/2938/2938
f 2889/2889/2889 2938/2938/2938 2937/2937/2937
f 2890/2890/2890 2891/2891/2891 2939/2939/2939
f 2890/2890/2890 2939/2939/2939 2938/2938/2938
f 2891/2891/2891 2892/2892/2892 2940/2940/2940
f 2891/2891/2891 2940/2940/2940 2939/2939/2939
f 2892/2892/2892 2893/2893/2893 2941/2941/2941
f 2892/2892/2892 2941/2941/2941 2940/2940/2940
f 2893/2893/2893 2894/2894/2894 2942/2942/2942
f 2893/2893/2893 2942/2942/2942 2941/2941/2941
f 2894/2894/2894 2895/2895/2895 2943/2943/2943
f 2894/2894/2894 2943/2943/2943 2942/2942/2942
f 2895/2895/2895 2896/2896/2896 2944/2944/2944
f 2895/2895/2895 2944/2944/2944 2943/2943/2943
f 2896/2896/2896 2897/2897/2897 2945/2945/2945
f 2896/2896/2896 2945/2945/2945 2944/2944/2944
f 2897/2897/2897 2898/2898/2898 2946/2946/2946
f 2897/2897/2897 2946/2946/2946 2945/2945/2945
f 2898/2898/2898 2899/2899/2899 2947/2947/2947
f 2898/2898/2898 2947/2947/2947 2946/2946/2946
f 2899/2899/2899 2900/2900/2900 2948/2948/2948
f 2899/2899/2899 2948/2948/2948 2947/2947/2947
f 2900/2900/2900 2901/2901/2901 2949/2949/2949
f 2900/2900/2900 2949/2949/2949 2948/2948/2948
f 2901/2901/2901 2902/2902/2902 2950/2950/2950
f 2901/2901/2901 2950/2950/2950 2949/2949/2949
f 2902/2902/2902 2903/2903/2903 2951/2951/2951
f 2902/2902/2902 2951/2951/2951 2950/2950/2950
f 2903/2903/2903 2904/2904/2904 2952/2952/2952
f 2903/2903/2903 2952/2952/2952 2951/2951/2951
f 2904/2904/2904 2905/2905/2905 2953/2953/2953
f 2904/2904/2904 2953/2953/2953 2952/2952/2952
f 2905/2905/2905 2906/2906/2906 2954/2954/2954
f 2905/2905/2905 2954/2954/2954 2953/2953/2953
f 2906/2906/2906 2907/2907/2907 2955/2955/2955
f 2906/2906/2906 2955/2955/2955 2954/2954/2954
f 2907/2907/2907 2908/2908/2908 2956/2956/2956
f 2907/2907/2907 2956/2956/2956 2955/2955/2955
f 2908/2908/2908 2909/2909/2909 2957/2957/2957
f 2908/2908/2908 2957/2957/2957 2956/2956/2956
f 2909/2909/2909 2910/2910/2910 2958/2958/2958
f 2909/2909/2909 2958/2958/2958 2957/2957/2957
f 2910/2910/2910 2911/2911/2911 2959/2959/2959
f 2910/2910/2910 2959/2959/2959 2958/2958/2958
f 2911/2911/2911 2912/2912/2912 2960/2960/2960
f 2911/2911/2911 2960/2960/2960 2959/2959/2959
f 2912/2912/2912 2913/2913/2913 2961/2961/2961
f 2912/2912/2912 2961/2961/2961 2960/2960/2960
f 2913/2913/2913 2914/2914/2914 2962/2962/2962
f 2913/2913/2913 2962/2962/2962 2961/2961/2961
f 2914/2914/2914 2915/2915/2915 2963/2963/2963
f 2914/2914/2914 2963/2963/2963 2962/2962/2962
f 2915/2915/2915 2916/2916/2916 2964/2964/2964
f 2915/2915/2915 2964/2964/2964 2963/2963/2963
f 2916/2916/2916 2917/2917/2917 2965/2965/2965
f 2916/2916/2916 2965/2965/2965 2964/2964/2964
f 2917/2917/2917 2918/2918/2918 2966/2966/2966
f 2917/2917/2917 2966/2966/2966 2965/2965/2965
f 2918/2918/2918 2919/2919/2919 2967/2967/2967
f 2918/2918/2918 2967/2967/2967 2966/2966/2966
f 2919/2919/2919 2920/2920/2920 2968/2968/2968
f 2919/2919/2919 2968/2968/2968 2967/2967/2967
f 2920/2920/2920 2921/2921/2921 2969/2969/2969
f 2920/2920/2920 2969/2969/2969 2968/2968/2968
f 2921/2921/2921 2922/2922/2922 2970/2970/2970
f 2921/2921/2921 2970/2970/2970 2969/2969/2969
f 2922/2922/2922 2923/2923/2923 2971/2971/2971
f 2922/2922/2922 2971/2971/2971 2970/2970/2970
f 2923/2923/2923 2924/2924/2924 2972/2972/2972
f 2923/2923/2923 2972/2972/2972 2971/2971/2971
f 2924/2924/2924 2925/2925/2925 2973/2973/2973
f 2924/2924/2924 2973/2973/2973 2972/2972/2972
f 2925/2925/2925 2926/2926/2926 2974/2974/2974
f 2925/2925/2925 2974/2974/2974 2973/2973/2973
f 2926/2926/2926 2927/2927/2927 2975/2975/2975
f 2926/2926/2926 2975/2975/2975 2974/2974/2974
f 2927/2927/2927 2928/2928/2928 2976/2976/2976
f 2927/2927/2927 2976/2976/2976 2975/2975/2975
f 2928/2928/2928 2929/2929/2929 2977/2977/2977
f 2928/2928/2928 2977/2977/2977 2976/2976/2976
f 2929/2929/2929 2930/2930/2930 2978/2978/2978
f 2929/2929/2929 2978/2978/2978 2977/2977/2977
f 2930/2930/2930 2931/2931/2931 2979/2979/2979
f 2930/2930/2930 2979/2979/2979 2978/2978/2978
f 2931/2931/2931 2932/2932/2932 2980/2980/2980
f 2931/2931/2931 2980/2980/2980 2979/2979/2979
f 2932/2932/2932 2933/2933/2933 2981/2981/2981
f 2932/2932/2932 2981/2981/2981 2980/2980/2980
f 2933/2933/2933 2886/2886/2886 2934/2934/2934
f 2933/2933/2933 2934/2934/2934 2981/2981/2981
f 2934/2934/2934 2935/2935/2935 2983/2983/2983
f 2934/2934/2934 2983/2983/2983 2982/2982/2982
f 2935/2935/2935 2936/2936/2936 2984/2984/2984
f 2935/2935/2935 2984/2984/2984 2983/2983/2983
f 2936/2936/2936 2937/2937/2937 2985/2985/2985
f 2936/2936/2936 2985/2985/2985 2984/2984/2984
f 2937/2937/2937 2938/2938/2938 2986/2986/2986
f 2937/2937/2937 2986/2986/2986 2985/2985/2985
f 2938/2938/2938 2939/2939/2939 2987/2987/2987
f 2938/2938/2938 2987/2987/2987 2986/2986/2986
f 2939/2939/2939 2940/2940/2940 2988/2988/2988
f 2939/2939/2939 2988/2988/2988 2987/2987/2987
f 2940/2940/2940 2941/2941/2941 2989/2989/2989
f 2940/2940/2940 2989/2989/2989 2988/2988/2988
f 2941/2941/2941 2942/2942/2942 2990/2990/2990
f 2941/2941/2941 2990/2990/2990 2989/2989/2989
f 2942/2942/2942 2943/2943/2943 2991/2991/2991
f 2942/2942/2942 2991/2991/2991 2990/2990/2990
f 2943/2943/2943 2944/2944/2944 2992/2992/2992
f 2943/2943/2943 2992/2992/2992 2991/2991/2991
f 2944/2944/2944 2945/2945/2945 2993/2993/2993
f 2944/2944/2944 2993/2993/2993 2992/2992/2992
f 2945/2945/2945 2946/2946/2946 2994/2994/2994
f 2945/2945/2945 2994/2994/2994 2993/2993/2993
f 2946/2946/2946 2947/2947/2947 2995/2995/2995
f 2946/2946/2946 2995/2995/2995 2994/2994/2994
f 2947/2947/2947 2948/2948/2948 2996/2996/2996
f 2947/2947/2947 2996/2996/2996 2995/2995/2995
f 2948/2948/2948 2949/2949/2949 2997/2997/2997
f 2948/2948/2948 2997/2997/2997 2996/2996/2996
f 2949/2949/2949 2950/2950/2950 2998/2998/2998
f 2949/2949/2949 2998/2998/2998 2997/2997/2997
f 2950/2950/2950 2951/2951/2951 2999/2999/2999
f 2950/2950/2950 2999/2999/2999 2998/2998/2998
f 2951/2951/2951 2952/2952/2952 3000/3000/3000
f 2951/2951/2951 3000/3000/3000 2999/2999/2999
f 2952/2952/2952 2953/2953/2953 3001/3001/3001
f 2952/2952/2952 3001/3001/3001 3000/3000/3000
f 2953/2953/2953 2954/2954/2954 3002/3002/3002
f 2953/2953/2953 3002/3002/3002 3001/3001/3001
f 2954/2954/2954 2955/2955/2955 3003/3003/3003
f 2954/2954/2954 3003/3003/3003 3002/3002/3002
f 2955/2955/2955 2956/2956/2956 3004/3004/3004
f 2955/2955/2955 3004/3004/3004 3003/3003/3003
f 2956/2956/2956 2957/2957/2957 3005/3005/3005
f 2956/2956/2956 3005/3005/3005 3004/3004/3004
f 2957/2957/2957 2958/2958/2958 3006/3006/3006
f 2957/2957/2957 3006/3006/3006 3005/3005/3005
f 2958/2958/2958 2959/2959/2959 3007/3007/3007
f 2958/2958/2958 3007/3007/3007 3006/3006/3006
f 2959/2959/2959 2960/2960/2960 3008/3008/3008
f 2959/2959/2959 3008/3008/3008 3007/3007/3007
f 2960/2960/2960 2961/2961/2961 3009/3009/3009
f 2960/2960/2960 3009/3009/3009 3008/3008/3008
f 2961/2961/2961 2962/2962/2962 3010/3010/3010
f 2961/2961/2961 3010/3010/3010 3009/3009/3009
f 2962/2962/2962 2963/2963/2963 3011/3011/3011
f 2962/2962/2962 3011/3011/3011 3010/3010/3010
f 2963/2963/2963 2964/2964/2964 3012/3012/3012
f 2963/2963/2963 3012/3012/3012 3011/3011/3011
f 2964/2964/2964 2965/2965/2965 3013/3013/3013
f 2964/2964/2964 3013/3013/3013 3012/3012/3012
f 2965/2965/2965 2966/2966/2966 3014/3014/3014
f 2965/2965/2965 3014/3014/3014 3013/3013/3013
f 2966/2966/2966 2967/2967/2967 3015/3015/3015
f 2966/2966/2966 3015/3015/3015 3014/3014/3014
f 2967/2967/2967 2968/2968/2968 3016/3016/3016
f 2967/2967/2967 3016/3016/3016 3015/3015/3015
f 2968/2968/2968 2969/2969/2969 3017/3017/3017
f 2968/2968/2968 3017/3017/3017 3016/3016/3016
f 2969/2969/2969 2970/2970/2970 3018/3018/3018
f 2969/2969/2969 3018/3018/3018 3017/3017/3017
f 2970/2970/2970 2971/2971/2971 3019/3019/3019
f 2970/2970/2970 3019/3019/3019 3018/3018/3018
f 2971/2971/2971 2972/2972/2972 3020/3020/3020
f 2971/2971/2971 3020/3020/3020 3019/3019/3019
f 2972/2972/2972 2973/2973/2973 3021/3021/3021
f 2972/2972/2972 3021/3021/3021 3020/3020/3020
f 2973/2973/2973 2974/2974/2974 3022/3022/3022
f 2973/2973/2973 3022/3022/3022 3021/3021/3021
f 2974/2974/2974 2975/2975/2975 3023/3023/3023
f 2974/2974/2974 3023/3023/3023 3022/3022/3022
f 2975/2975/2975 2976/2976/2976 3024/3024/3024
f 2975/2975/2975 3024/3024/3024 3023/3023/3023
f 2976/2976/2976 2977/2977/2977 3025/3025/3025
f 2976/2976/2976 3025/3025/3025 3024/3024/3024
f 2977/2977/2977 2978/2978/2978 3026/3026/3026
f 2977/2977/2977 3026/3026/3026 3025/3025/3025
f 2978/2978/2978 2979/2979/2979 3027/3027/3027
f 2978/2978/2978 3027/3027/3027 3026/3026/3026
f 2979/2979/2979 2980/2980/2980 3028/3028/3028
f 2979/2979/2979 3028/3028/3028 3027/3027/3027
f 2980/2980/2980 2981/2981/2981 3029/3029/3029
f 2980/2980/2980 3029/3029/3029 3028/3028/3028
f 2981/2981/2981 2934/2934/2934 2982/2982/2982
f 2981/2981/2981 2982/2982/2982 3029/3029/3029
f 2982/2982/2982 2983/2983/2983 3031/3031/3031
f 2982/2982/2982 3031/3031/3031 3030/3030/3030
f 2983/2983/2983 2984/2984/2984 3032/3032/3032
f 2983/2983/2983 3032/3032/3032 3031/3031/3031
f 2984/2984/2984 2985/2985/2985 3033/3033/3033
f 2984/2984/2984 3033/3033/3033 3032/3032/3032
f 2985/2985/2985 2986/2986/2986 3034/3034/3034
f 2985/2985/2985 3034/3034/3034 3033/3033/3033
f 2986/2986/2986 2987/2987/2987 3035/3035/3035
f 2986/2986/2986 3035/3035/3035 3034/3034/3034
f 2987/2987/2987 2988/2988/2988 3036/3036/3036
f 2987/2987/2987 3036/3036/3036 3035/3035/3035
f 2988/2988/2988 2989/2989/2989 3037/3037/3037
f 2988/2988/2988 3037/3037/3037 3036/3036/3036
f 2989/2989/2989 2990/2990/2990 3038/3038/3038
f 2989/2989/2989 3038/3038/3038 3037/3037/3037
f 2990/2990/2990 2991/2991/2991 3039/3039/3039
f 2990/2990/2990 3039/3039/3039 3038/3038/3038
f 2991/2991/2991 2992/2992/2992 3040/3040/3040
f 2991/2991/2991 3040/3040/3040 3039/3039/3039
f 2992/2992/2992 2993/2993/2993 3041/3041/3041
f 2992/2992/2992 3041/3041/3041 3040/3040/3040
f 2993/2993/2993 2994/2994/2994 3042/3042/3042
f 2993/2993/2993 3042/3042/3042 3041/3041/3041
f 2994/2994/2994 2995/2995/2995 3043/3043/3043
f 2994/2994/2994 3043/3043/3043 3042/3042/3042
f 2995/2995/2995 2996/2996/2996 3044/3044/3044
f 2995/2995/2995 3044/3044/3044 3043/3043/3043
f 2996/2996/2996 2997/2997/2997 3045/3045/3045
f 2996/2996/2996 3045/3045/3045 3044/3044/3044
f 2997/2997/2997 2998/2998/2998 3046/3046/3046
f 2997/2997/2997 3046/3046/3046 3045/3045/3045
f 2998/2998/2998 2999/2999/2999 3047/3047/3047
f 2998/2998/2998 3047/3047/3047 3046/3046/3046
f 2999/2999/2999 3000/3000/3000 3048/3048/3048
f 2999/2999/2999 3048/3048/3048 3047/3047/3047
f 3000/3000/3000 3001/3001/3001 3049/3049/3049
f 3000/3000/3000 3049/3049/3049 3048/3048/3048
f 3001/3001/3001 3002/3002/3002 3050/3050/3050
f 3001/3001/3001 3050/3050/3050 3049/3049/3049
f 3002/3002/3002 3003/3003/3003 3051/3051/3051
f 3002/3002/3002 3051/3051/3051 3050/3050/3050
f 3003/3003/3003 3004/3004/3004 3052/3052/3052
f 3003/3003/3003 3052/3052/3052 3051/3051/3051
f 3004/3004/3004 3005/3005/3005 3053/3053/3053
f 3004/3004/3004 3053/3053/3053 3052/3052/3052
f 3005/3005/3005 3006/3006/3006 3054/3054/3054
f 3005/3005/3005 3054/3054/3054 3053/3053/3053
f 3006/3006/3006 3007/3007/3007 3055/3055/3055
f 3006/3006/3006 3055/3055/3055 3054/3054/3054
f 3007/3007/3007 3008/3008/3008 3056/3056/3056
f 3007/3007/3007 3056/3056/3056 3055/3055/3055
f 3008/3008/3008 3009/3009/3009 3057/3057/3057
f 3008/3008/3008 3057/3057/3057 3056/3056/3056
f 3009/3009/3009 3010/3010/3010 3058/3058/3058
f 3009/3009/3009 3058/3058/3058 3057/3057/3057
f 3010/3010/3010 3011/3011/3011 3059/3059/3059
f 3010/3010/3010 3059/3059/3059 3058/3058/3058
f 3011/3011/3011 3012/3012/3012 3060/3060/3060
f 3011/3011/3011 3060/3060/3060 3059/3059/3059
f 3012/3012/3012 3013/3013/3013 3061/3061/3061
f 3012/3012/3012 3061/3061/3061 3060/3060/3060
f 3013/3013/3013 3014/3014/3014 3062/3062/3062
f 3013/3013/3013 3062/3062/3062 3061/3061/3061
f 3014/3014/3014 3015/3015/3015 3063/3063/3063
f 3014/3014/3014 3063/3063/3063 3062/3062/3062
f 3015/3015/3015 3016/3016/3016 3064/3064/3064
f 3015/3015/3015 3064/3064/3064 3063/3063/3063
f 3016/3016/3016 3017/3017/3017 3065/3065/3065
f 3016/3016/3016 3065/3065/3065 3064/3064/3064
f 3017/3017/3017 3018/3018/3018 3066/3066/3066
f 3017/3017/3017 3066/3066/3066 3065/3065/3065
f 3018/3018/3018 3019/3019/3019 3067/3067/3067
f 3018/3018/3018 3067/3067/3067 3066/3066/3066
f 3019/3019/3019 3020/3020/3020 3068/3068/3068
f 3019/3019/3019 3068/3068/3068 3067/3067/3067
f 3020/3020/3020 3021/3021/3021 3069/3069/3069
f 3020/3020/3020 3069/3069/3069 3068/3068/3068
f 3021/3021/3021 3022/3022/3022 3070/3070/3070
f 3021/3021/3021 3070/3070/3070 3069/3069/3069
f 3022/3022/3022 3023/3023/3023 3071/3071/3071
f 3022/3022/3022 3071/3071/3071 3070/3070/3070
f 3023/3023/3023 3024/3024/3024 3072/3072/3072
f 3023/3023/3023 3072/3072/3072 3071/3071/3071
f 3024/3024/3024 3025/3025/3025 3073/3073/3073
f 3024/3024/3024 3073/3073/3073 3072/3072/3072
f 3025/3025/3025 3026/3026/3026 3074/3074/3074
f 3025/3025/3025 3074/3074/3074 3073/3073/3073
f 3026/3026/3026 3027/3027/3027 3075/3075/3075
f 3026/3026/3026 3075/3075/3075 3074/3074/3074
f 3027/3027/3027 3028/3028/3028 3076/3076/3076
f 3027/3027/3027 3076/3076/3076 3075/3075/3075
f 3028/3028/3028 3029/3029/3029 3077/3077/3077
f 3028/3028/3028 3077/3077/3077 3076/3076/3076
f 3029/3029/3029 2982/2982/2982 3030/3030/3030
f 3029/3029/3029 3030/3030/3030 3077/3077/3077
f 3030/3030/3030 3031/3031/3031 3079/3079/3079
f 3030/3030/3030 3079/3079/3079 3078/3078/3078
f 3031/3031/3031 3032/3032/3032 3080/3080/3080
f 3031/3031/3031 3080/3080/3080 3079/3079/3079
f 3032/3032/3032 3033/3033/3033 3081/3081/3081
f 3032/3032/3032 3081/3081/3081 3080/3080/3080
f 3033/3033/3033 3034/3034/3034 3082/3082/3082
f 3033/3033/3033 3082/3082/3082 3081/3081/3081
f 3034/3034/3034 3035/3035/3035 3083/3083/3083
f 3034/3034/3034 3083/3083/3083 3082/3082/3082
f 3035/3035/3035 3036/3036/3036 3084/3084/3084
f 3035/3035/3035 3084/3084/3084 3083/3083/3083
f 3036/3036/3036 3037/3037/3037 3085/3085/3085
f 3036/3036/3036 3085/3085/3085 3084/3084/3084
f 3037/3037/3037 3038/3038/3038 3086/3086/3086
f 3037/3037/3037 3086/3086/3086 3085/3085/3085
f 3038/3038/3038 3039/3039/3039 3087/3087/3087
f 3038/3038/3038 3087/3087/3087 3086/3086/3086
f 3039/3039/3039 3040/3040/3040 3088/3088/3088
f 3039/3039/3039 3088/3088/3088 3087/3087/3087
f 3040/3040/3040 3041/3041/3041 3089/3089/3089
f 3040/3040/3040 3089/3089/3089 3088/3088/3088
f 3041/3041/3041 3042/3042/3042 3090/3090/3090
f 3041/3041/3041 3090/3090/3090 3089/3089/3089
f 3042/3042/3042 3043/3043/3043 3091/3091/3091
f 3042/3042/3042 3091/3091/3091 3090/3090/3090
f 3043/3043/3043 3044/3044/3044 3092/3092/3092
f 3043/3043/3043 3092/3092/3092 3091/3091/3091
f 3044/3044/3044 3045/3045/3045 3093/3093/3093
f 3044/3044/3044 3093/3093/3093 3092/3092/3092
f 3045/3045/3045 3046/3046/3046 3094/3094/3094
f 3045/3045/3045 3094/3094/3094 3093/3093/3093
f 3046/3046/3046 3047/3047/3047 3095/3095/3095
f 3046/3046/3046 3095/3095/3095 3094/3094/3094
f 3047/3047/3047 3048/3048/3048 3096/3096/3096
f 3047/3047/3047 3096/3096/3096 3095/3095/3095
f 3048/3048/3048 3049/3049/3049 3097/3097/3097
f 3048/3048/3048 3097/3097/3097 3096/3096/3096
f 3049/3049/3049 3050/3050/3050 3098/3098/3098
f 3049/3049/3049 3098/3098/3098 3097/3097/3097
f 3050/3050/3050 3051/3051/3051 3099/3099/3099
f 3050/3050/3050 3099/3099/3099 3098/3098/3098
f 3051/3051/3051 3052/3052/3052 3100/3100/3100
f 3051/3051/3051 3100/3100/3100 3099/3099/3099
f 3052/3052/3052 3053/3053/3053 3101/3101/3101
f 3052/3052/3052 3101/3101/3101 3100/3100/3100
f 3053/3053/3053 3054/3054/3054 3102/3102/3102
f 3053/3053/3053 3102/3102/3102 3101/3101/3101
f 3054/3054/3054 3055/3055/3055 3103/3103/3103
f 3054/3054/3054 3103/3103/3103 3102/3102/3102
f 3055/3055/3055 3056/3056/3056 3104/3104/3104
f 3055/3055/3055 3104/3104/3104 3103/3103/3103
f 3056/3056/3056 3057/3057/3057 3105/3105/3105
f 3056/3056/3056 3105/3105/3105 3104/3104/3104
f 3057/3057/3057 3058/3058/3058 3106/3106/3106
f 3057/3057/3057 3106/3106/3106 3105/3105/3105
f 3058/3058/3058 3059/3059/3059 3107/3107/3107
f 3058/3058/3058 3107/3107/3107 3106/3106/3106
f 3059/3059/3059 3060/3060/3060 3108/3108/3108
f 3059/3059/3059 3108/3108/3108 3107/3107/3107
f 3060/3060/3060 3061/3061/3061 3109/3109/3109
f 3060/3060/3060 3109/3109/3109 3108/3108/3108
f 3061/3061/3061 3062/3062/3062 3110/3110/3110
f 3061/3061/3061 3110/3110/3110 3109/3109/3109
f 3062/3062/3062 3063/3063/3063 3111/3111/3111
f 3062/3062/3062 3111/3111/3111 3110/3110/3110
f 3063/3063/3063 3064/3064/3064 3112/3112/3112
f 3063/3063/3063 3112/3112/3112 3111/3111/3111
f 3064/3064/3064 3065/3065/3065 3113/3113/3113
f 3064/3064/3064 3113/3113/3113 3112/3112/3112
f 3065/3065/3065 3066/3066/3066 3114/3114/3114
f 3065/3065/3065 3114/3114/3114 3113/3113/3113
f 3066/3066/3066 3067/3067/3067 3115/3115/3115
f 3066/3066/3066 3115/3115/3115 3114/3114/3114
f 3067/3067/3067 3068/3068/3068 3116/3116/3116
f 3067/3067/3067 3116/3116/3116 3115/3115/3115
f 3068/3068/3068 3069/3069/3069 3117/3117/3117
f 3068/3068/3068 3117/3117/3117 3116/3116/3116
f 3069/3069/3069 3070/3070/3070 3118/3118/3118
f 3069/3069/3069 3118/3118/3118 3117/3117/3117
f 3070/3070/3070 3071/3071/3071 3119/3119/3119
f 3070/3070/3070 3119/3119/3119 3118/3118/3118
f 3071/3071/3071 3072/3072/3072 3120/3120/3120
f 3071/3071/3071 3120/3120/3120 3119/3119/3119
f 3072/3072/3072 3073/3073/3073 3121/3121/3121
f 3072/3072/3072 3121/3121/3121 3120/3120/3120
f 3073/3073/3073 3074/3074/3074 3122/3122/3122
f 3073/3073/3073 3122/3122/3122 3121/3121/3121
f 3074/3074/3074 3075/3075/3075 3123/3123/3123
f 3074/3074/3074 3123/3123/3123 3122/3122/3122
f 3075/3075/3075 3076/3076/3076 3124/3124/3124
f 3075/3075/3075 3124/3124/3124 3123/3123/3123
f 3076/3076/3076 3077/3077/3077 3125/3125/3125
f 3076/3076/3076 3125/3125/3125 3124/3124/3124
f 3077/3077/3077 3030/3030/3030 3078/3078/3078
f 3077/3077/3077 3078/3078/3078 3125/3125/3125
f 3078/3078/3078 3079/3079/3079 3127/3127/3127
f 3078/3078/3078 3127/3127/3127 3126/3126/3126
f 3079/3079/3079 3080/3080/3080 3128/3128/3128
f 3079/3079/3079 3128/3128/3128 3127/3127/3127
f 3080/3080/3080 3081/3081/3081 3129/3129/3129
f 3080/3080/3080 3129/3129/3129 3128/3128/3128
f 3081/3081/3081 3082/3082/3082 3130/3130/3130
f 3081/3081/3081 3130/3130/3130 3129/3129/3129
f 3082/3082/3082 3083/3083/3083 3131/3131/3131
f 3082/3082/3082 3131/3131/3131 3130/3130/3130
f 3083/3083/3083 3084/3084/3084 3132/3132/3132
f 3083/3083/3083 3132/3132/3132 3131/3131/3131
f 3084/3084/3084 3085/3085/3085 3133/3133/3133
f 3084/3084/3084 3133/3133/3133 3132/3132/3132
f 3085/3085/3085 3086/3086/3086 3134/3134/3134
f 3085/3085/3085 3134/3134/3134 3133/3133/3133
f 3086/3086/3086 3087/3087/3087 3135/3135/3135
f 3086/3086/3086 3135/3135/3135 3134/3134/3134
f 3087/3087/3087 3088/3088/3088 3136/3136/3136
f 3087/3087/3087 3136/3136/3136 3135/3135/3135
f 3088/3088/3088 3089/3089/3089 3137/3137/3137
f 3088/3088/3088 3137/3137/3137 3136/3136/3136
f 3089/3089/3089 3090/3090/3090 3138/3138/3138
f 3089/3089/3089 3138/3138/3138 3137/3137/3137
f 3090/3090/3090 3091/3091/3091 3139/3139/3139
f 3090/3090/3090 3139/3139/3139 3138/3138/3138
f 3091/3091/3091 3092/3092/3092 3140/3140/3140
f 3091/3091/3091 3140/3140/3140 3139/3139/3139
f 3092/3092/3092 3093/3093/3093 3141/3141/3141
f 3092/3092/3092 3141/3141/3141 3140/3140/3140
f 3093/3093/3093 3094/3094/3094 3142/3142/3142
f 3093/3093/3093 3142/3142/3142 3141/3141/3141
f 3094/3094/3094 3095/3095/3095 3143/3143/3143
f 3094/3094/3094 3143/3143/3143 3142/3142/3142
f 3095/3095/3095 3096/3096/3096 3144/3144/3144
f 3095/3095/3095 3144/3144/3144 3143/3143/3143
f 3096/3096/3096 3097/3097/3097 3145/3145/3145
f 3096/3096/3096 3145/3145/3145 3144/3144/3144
f 3097/3097/3097 3098/3098/3098 3146/3146/3146
f 3097/3097/3097 3146/3146/3146 3145/3145/3145
f 3098/3098/3098 3099/3099/3099 3147/3147/3147
f 3098/3098/3098 3147/3147/3147 3146/3146/3146
f 3099/3099/3099 3100/3100/3100 3148/3148/3148
f 3099/3099/3099 3148/3148/3148 3147/3147/3147
f 3100/3100/3100 3101/3101/3101 3149/3149/3149
f 3100/3100/3100 3149/3149/3149 3148/3148/3148
f 3101/3101/3101 3102/3102/3102 3150/3150/3150
f 3101/3101/3101 3150/3150/3150 3149/3149/3149
f 3102/3102/3102 3103/3103/3103 3151/3151/3151
f 3102/3102/3102 3151/3151/3151 3150/3150/3150
f 3103/3103/3103 3104/3104/3104 3152/3152/3152
f 3103/3103/3103 3152/3152/3152 3151/3151/3151
f 3104/3104/3104 3105/3105/3105 3153/3153/3153
f 3104/3104/3104 3153/3153/3153 3152/3152/3152
f 3105/3105/3105 3106/3106/3106 3154/3154/3154
f 3105/3105/3105 3154/3154/3154 3153/3153/3153
f 3106/3106/3106 3107/3107/3107 3155/3155/3155
f 3106/3106/3106 3155/3155/3155 3154/3154/3154
f 3107/3107/3107 3108/3108/3108 3156/3156/3156
f 3107/3107/3107 3156/3156/3156 3155/3155/3155
f 3108/3108/3108 3109/3109/3109 3157/3157/3157
f 3108/3108/3108 3157/3157/3157 3156/3156/3156
f 3109/3109/3109 3110/3110/3110 3158/3158/3158
f 3109/3109/3109 3158/3158/3158 3157/3157/3157
f 3110/3110/3110 3111/3111/3111 3159/3159/3159
f 3110/3110/3110 3159/3159/3159 3158/3158/3158
f 3111/3111/3111 3112/3112/3112 3160/3160/3160
f 3111/3111/3111 3160/3160/3160 3159/3159/3159
f 3112/3112/3112 3113/3113/3113 3161/3161/3161
f 3112/3112/3112 3161/3161/3161 3160/3160/3160
f 3113/3113/3113 3114/3114/3114 3162/3162/3162
f 3113/3113/3113 3162/3162/3162 3161/3161/3161
f 3114/3114/3114 3115/3115/3115 3163/3163/3163
f 3114/3114/3114 3163/3163/3163 3162/3162/3162
f 3115/3115/3115 3116/3116/3116 3164/3164/3164
f 3115/3115/3115 3164/3164/3164 3163/3163/3163
f 3116/3116/3116 3117/3117/3117 3165/3165/3165
f 3116/3116/3116 3165/3165/3165 3164/3164/3164
f 3117/3117/3117 3118/3118/3118 3166/3166/3166
f 3117/3117/3117 3166/3166/3166 3165/3165/3165
f 3118/3118/3118 3119/3119/3119 3167/3167/3167
f 3118/3118/3118 3167/3167/3167 3166/3166/3166
f 3119/3119/3119 3120/3120/3120 3168/3168/3168
f 3119/3119/3119 3168/3168/3168 3167/3167/3167
f 3120/3120/3120 3121/3121/3121 3169/3169/3169
f 3120/3120/3120 3169/3169/3169 3168/3168/3168
f 3121/3121/3121 3122/3122/3122 3170/3170/3170
f 3121/3121/3121 3170/3170/3170 3169/3169/3169
f 3122/3122/3122 3123/3123/3123 3171/3171/3171
f 3122/3122/3122 3171/3171/3171 3170/3170/3170
f 3123/3123/3123 3124/3124/3124 3172/3172/3172
f 3123/3123/3123 3172/3172/3172 3171/3171/3171
f 3124/3124/3124 3125/3125/3125 3173/3173/3173
f 3124/3124/3124 3173/3173/3173 3172/3172/3172
f 3125/3125/3125 3078/3078/3078 3126/3126/3126
f 3125/3125/3125 3126/3126/3126 3173/3173/3173
f 3126/3126/3126 3127/3127/3127 3175/3175/3175
f 3126/3126/3126 3175/3175/3175 3174/3174/3174
f 3127/3127/3127 3128/3128/3128 3176/3176/3176
f 3127/3127/3127 3176/3176/3176 3175/3175/3175
f 3128/3128/3128 3129/3129/3129 3177/3177/3177
f 3128/3128/3128 3177/3177/3177 3176/3176/3176
f 3129/3129/3129 3130/3130/3130 3178/3178/3178
f 3129/3129/3129 3178/3178/3178 3177/3177/3177
f 3130/3130/3130 3131/3131/3131 3179/3179/3179
f 3130/3130/3130 3179/3179/3179 3178/3178/3178
f 3131/3131/3131 3132/3132/3132 3180/3180/3180
f 3131/3131/3131 3180/3180/3180 3179/3179/3179
f 3132/3132/3132 3133/3133/3133 3181/3181/3181
f 3132/3132/3132 3181/3181/3181 3180/3180/3180
f 3133/3133/3133 3134/3134/3134 3182/3182/3182
f 3133/3133/3133 3182/3182/3182 3181/3181/3181
f 3134/3134/3134 3135/3135/3135 3183/3183/3183
f 3134/3134/3134 3183/3183/3183 3182/3182/3182
f 3135/3135/3135 3136/3136/3136 3184/3184/3184
f 3135/3135/3135 3184/3184/3184 3183/3183/3183
f 3136/3136/3136 3137/3137/3137 3185/3185/3185
f 3136/3136/3136 3185/3185/3185 3184/3184/3184
f 3137/3137/3137 3138/3138/3138 3186/3186/3186
f 3137/3137/3137 3186/3186/3186 3185/3185/3185
f 3138/3138/3138 3139/3139/3139 3187/3187/3187
f 3138/3138/3138 3187/3187/3187 3186/3186/3186
f 3139/3139/3139 3140/3140/3140 3188/3188/3188
f 3139/3139/3139 3188/3188/3188 3187/3187/3187
f 3140/3140/3140 3141/3141/3141 3189/3189/3189
f 3140/3140/3140 3189/3189/3189 3188/3188/3188
f 3141/3141/3141 3142/3142/3142 3190/3190/3190
f 3141/3141/3141 3190/3190/3190 3189/3189/3189
f 3142/3142/3142 3143/3143/3143 3191/3191/3191
f 3142/3142/3142 3191/3191/3191 3190/3190/3190
f 3143/3143/3143 3144/3144/3144 3192/3192/3192
f 3143/3143/3143 3192/3192/3192 3191/3191/3191
f 3144/3144/3144 3145/3145/3145 3193/3193/3193
f 3144/3144/3144 3193/3193/3193 3192/3192/3192
f 3145/3145/3145 3146/3146/3146 3194/3194/3194
f 3145/3145/3145 3194/3194/3194 3193/3193/3193
f 3146/3146/3146 3147/3147/3147 3195/3195/3195
f 3146/3146/3146 3195/3195/3195 3194/3194/3194
f 3147/3147/3147 3148/3148/3148 3196/3196/3196
f 3147/3147/3147 3196/3196/3196 3195/3195/3195
f 3148/3148/3148 3149/3149/3149 3197/3197/3197
f 3148/3148/3148 3197/3197/3197 3196/3196/3196
f 3149/3149/3149 3150/3150/3150 3198/3198/3198
f 3149/3149/3149 3198/3198/3198 3197/3197/3197
f 3150/3150/3150 3151/3151/3151 3199/3199/3199
f 3150/3150/3150 3199/3199/3199 3198/3198/3198
f 3151/3151/3151 3152/3152/3152 3200/3200/3200
f 3151/3151/3151 3200/3200/3200 3199/3199/3199
f 3152/3152/3152 3153/3153/3153 3201/3201/3201
f 3152/3152/3152 3201/3201/3201 3200/3200/3200
f 3153/3153/3153 3154/3154/3154 3202/3202/3202
f 3153/3153/3153 3202/3202/3202 3201/3201/3201
f 3154/3154/3154 3155/3155/3155 3203/3203/3203
f 3154/3154/3154 3203/3203/3203 3202/3202/3202
f 3155/3155/3155 3156/3156/3156 3204/3204/3204
f 3155/3155/3155 3204/3204/3204 3203/3203/3203
f 3156/3156/3156 3157/3157/3157 3205/3205/3205
f 3156/3156/3156 3205/3205/3205 3204/3204/3204
f 3157/3157/3157 3158/3158/3158 3206/3206/3206
f 3157/3157/3157 3206/3206/3206 3205/3205/3205
f 3158/3158/3158 3159/3159/3159 3207/3207/3207
f 3158/3158/3158 3207/3207/3207 3206/3206/3206
f 3159/3159/3159 3160/3160/3160 3208/3208/3208
f 3159/3159/3159 3208/3208/3208 3207/3207/3207
f 3160/3160/3160 3161/3161/3161 3209/3209/3209
f 3160/3160/3160 3209/3209/3209 3208/3208/3208
f 3161/3161/3161 3162/3162/3162 3210/3210/3210
f 3161/3161/3161 3210/3210/3210 3209/3209/3209
f 3162/3162/3162 3163/3163/3163 3211/3211/3211
f 3162/3162/3162 3211/3211/3211 3210/3210/3210
f 3163/3163/3163 3164/3164/3164 3212/3212/3212
f 3163/3163/3163 3212/3212/3212 3211/3211/3211
f 3164/3164/3164 3165/3165/3165 3213/3213/3213
f 3164/3164/3164 3213/3213/3213 3212/3212/3212
f 3165/3165/3165 3166/3166/3166 3214/3214/3214
f 3165/3165/3165 3214/3214/3214 3213/3213/3213
f 3166/3166/3166 3167/3167/3167 3215/3215/3215
f 3166/3166/3166 3215/3215/3215 3214/3214/3214
f 3167/3167/3167 3168/3168/3168 3216/3216/3216
f 3167/3167/3167 3216/3216/3216 3215/3215/3215
f 3168/3168/3168 3169/3169/3169 3217/3217/3217
f 3168/3168/3168 3217/3217/3217 3216/3216/3216
f 3169/3169/3169 3170/3170/3170 3218/3218/3218
f 3169/3169/3169 3218/3218/3218 3217/3217/3217
f 3170/3170/3170 3171/3171/3171 3219/3219/3219
f 3170/3170/3170 3219/3219/3219 3218/3218/3218
f 3171/3171/3171 3172/3172/3172 3220/3220/3220
f 3171/3171/3171 3220/3220/3220 3219/3219/3219
f 3172/3172/3172 3173/3173/3173 3221/3221/3221
f 3172/3172/3172 3221/3221/3221 3220/3220/3220
f 3173/3173/3173 3126/3126/3126 3174/3174/3174
f 3173/3173/3173 3174/3174/3174 3221/3221/3221
f 3174/3174/3174 3175/3175/3175 3223/3223/3223
f 3174/3174/3174 3223/3223/3223 3222/3222/3222
f 3175/3175/3175 3176/3176/3176 3224/3224/3224
f 3175/3175/3175 3224/3224/3224 3223/3223/3223
f 3176/3176/3176 3177/3177/3177 3225/3225/3225
f 3176/3176/3176 3225/3225/3225 3224/3224/3224
f 3177/3177/3177 3178/3178/3178 3226/3226/3226
f 3177/3177/3177 3226/3226/3226 3225/3225/3225
f 3178/3178/3178 3179/3179/3179 3227/3227/3227
f 3178/3178/3178 3227/3227/3227 3226/3226/3226
f 3179/3179/3179 3180/3180/3180 3228/3228/3228
f 3179/3179/3179 3228/3228/3228 3227/3227/3227
f 3180/3180/3180 3181/3181/3181 3229/3229/3229
f 3180/3180/3180 3229/3229/3229 3228/3228/3228
f 3181/3181/3181 3182/3182/3182 3230/3230/3230
f 3181/3181/3181 3230/3230/3230 3229/3229/3229
f 3182/3182/3182 3183/3183/3183 3231/3231/3231
f 3182/3182/3182 3231/3231/3231 3230/3230/3230
f 3183/3183/3183 3184/3184/3184 3232/3232/3232
f 3183/3183/3183 3232/3232/3232 3231/3231/3231
f 3184/3184/3184 3185/3185/3185 3233/3233/3233
f 3184/3184/3184 3233/3233/3233 3232/3232/3232
f 3185/3185/3185 3186/3186/3186 3234/3234/3234
f 3185/3185/3185 3234/3234/3234 3233/3233/3233
f 3186/3186/3186 3187/3187/3187 3235/3235/3235
f 3186/3186/3186 3235/3235/3235 3234/3234/3234
f 3187/3187/3187 3188/3188/3188 3236/3236/3236
f 3187/3187/3187 3236/3236/3236 3235/3235/3235
f 3188/3188/3188 3189/3189/3189 3237/3237/3237
f 3188/3188/3188 3237/3237/3237 3236/3236/3236
f 3189/3189/3189 3190/3190/3190 3238/3238/3238
f 3189/3189/3189 3238/3238/3238 3237/3237/3237
f 3190/3190/3190 3191/3191/3191 3239/3239/3239
f 3190/3190/3190 3239/3239/3239 3238/3238/3238
f 3191/3191/3191 3192/3192/3192 3240/3240/3240
f 3191/3191/3191 3240/3240/3240 3239/3239/3239
f 3192/3192/3192 3193/3193/3193 3241/3241/3241
f 3192/3192/3192 3241/3241/3241 3240/3240/3240
f 3193/3193/3193 3194/3194/3194 3242/3242/3242
f 3193/3193/3193 3242/3242/3242 3241/3241/3241
f 3194/3194/3194 3195/3195/3195 3243/3243/3243
f 3194/3194/3194 3243/3243/3243 3242/3242/3242
f 3195/3195/3195 3196/3196/3196 3244/3244/3244
f 3195/3195/3195 3244/3244/3244 3243/3243/3243
f 3196/3196/3196 3197/3197/3197 3245/3245/3245
f 3196/3196/3196 3245/3245/3245 3244/3244/3244
f 3197/3197/3197 3198/3198/3198 3246/3246/3246
f 3197/3197/3197 3246/3246/3246 3245/3245/3245
f 3198/3198/3198 3199/3199/3199 3247/3247/3247
f 3198/3198/3198 3247/3247/3247 3246/3246/3246
f 3199/3199/3199 3200/3200/3200 3248/3248/3248
f 3199/3199/3199 3248/3248/3248 3247/3247/3247
f 3200/3200/3200 3201/3201/3201 3249/3249/3249
f 3200/3200/3200 3249/3249/3249 3248/3248/3248
f 3201/3201/3201 3202/3202/3202 3250/3250/3250
f 3201/3201/3201 3250/3250/3250 3249/3249/3249
f 3202/3202/3202 3203/3203/3203 3251/3251/3251
f 3202/3202/3202 3251/3251/3251 3250/3250/3250
f 3203/3203/3203 3204/3204/3204 3252/3252/3252
f 3203/3203/3203 3252/3252/3252 3251/3251/3251
f 3204/3204/3204 3205/3205/3205 3253/3253/3253
f 3204/3204/3204 3253/3253/3253 3252/3252/3252
f 3205/3205/3205 3206/3206/3206 3254/3254/3254
f 3205/3205/3205 3254/3254/3254 3253/3253/3253
f 3206/3206/3206 3207/3207/3207 3255/3255/3255
f 3206/3206/3206 3255/3255/3255 3254/3254/3254
f 3207/3207/3207 3208/3208/3208 3256/3256/3256
f 3207/3207/3207 3256/3256/3256 3255/3255/3255
f 3208/3208/3208 3209/3209/3209 3257/3257/3257
f 3208/3208/3208 3257/3257/3257 3256/3256/3256
f 3209/3209/3209 3210/3210/3210 3258/3258/3258
f 3209/3209/3209 3258/3258/3258 3257/3257/3257
f 3210/3210/3210 3211/3211/3211 3259/3259/3259
f 3210/3210/3210 3259/3259/3259 3258/3258/3258
f 3211/3211/3211 3212/3212/3212 3260/3260/3260
f 3211/3211/3211 3260/3260/3260 3259/3259/3259
f 3212/3212/3212 3213/3213/3213 3261/3261/3261
f 3212/3212/3212 3261/3261/3261 3260/3260/3260
f 3213/3213/3213 3214/3214/3214 3262/3262/3262
f 3213/3213/3213 3262/3262/3262 3261/3261/3261
f 3214/3214/3214 3215/3215/3215 3263/3263/3263
f 3214/3214/3214 3263/3263/3263 3262/3262/3262
f 3215/3215/3215 3216/3216/3216 3264/3264/3264
f 3215/3215/3215 3264/3264/3264 3263/3263/3263
f 3216/3216/3216 3217/3217/3217 3265/3265/3265
f 3216/3216/3216 3265/3265/3265 3264/3264/3264
f 3217/3217/3217 3218/3218/3218 3266/3266/3266
f 3217/3217/3217 3266/3266/3266 3265/3265/3265
f 3218/3218/3218 3219/3219/3219 3267/3267/3267
f 3218/3218/3218 3267/3267/3267 3266/3266/3266
f 3219/3219/3219 3220/3220/3220 3268/3268/3268
f 3219/3219/3219 3268/3268/3268 3267/3267/3267
f 3220/3220/3220 3221/3221/3221 3269/3269/3269
f 3220/3220/3220 3269/3269/3269 3268/3268/3268
f 3221/3221/3221 3174/3174/3174 3222/3222/3222
f 3221/3221/3221 3222/3222/3222 3269/3269/3269
f 3222/3222/3222 3223/3223/3223 3271/3271/3271
f 3222/3222/3222 3271/3271/3271 3270/3270/3270
f 3223/3223/3223 3224/3224/3224 3272/3272/3272
f 3223/3223/3223 3272/3272/3272 3271/3271/3271
f 3224/3224/3224 3225/3225/3225 3273/3273/3273
f 3224/3224/3224 3273/3273/3273 3272/3272/3272
f 3225/3225/3225 3226/3226/3226 3274/3274/3274
f 3225/3225/3225 3274/3274/3274 3273/3273/3273
f 3226/3226/3226 3227/3227/3227 3275/3275/3275
f 3226/3226/3226 3275/3275/3275 3274/3274/3274
f 3227/3227/3227 3228/3228/3228 3276/3276/3276
f 3227/3227/3227 3276/3276/3276 3275/3275/3275
f 3228/3228/3228 3229/3229/3229 3277/3277/3277
f 3228/3228/3228 3277/3277/3277 3276/3276/3276
f 3229/3229/3229 3230/3230/3230 3278/3278/3278
f 3229/3229/3229 3278/3278/3278 3277/3277/3277
f 3230/3230/3230 3231/3231/3231 3279/3279/3279
f 3230/3230/3230 3279/3279/3279 3278/3278/3278
f 3231/3231/3231 3232/3232/3232 3280/3280/3280
f 3231/3231/3231 3280/3280/3280 3279/3279/3279
f 3232/3232/3232 3233/3233/3233 3281/3281/3281
f 3232/3232/3232 3281/3281/3281 3280/3280/3280
f 3233/3233/3233 3234/3234/3234 3282/3282/3282
f 3233/3233/3233 3282/3282/3282 3281/3281/3281
f 3234/3234/3234 3235/3235/3235 3283/3283/3283
f 3234/3234/3234 3283/3283/3283 3282/3282/3282
f 3235/3235/3235 3236/3236/3236 3284/3284/3284
f 3235/3235/3235 3284/3284/3284 3283/3283/3283
f 3236/3236/3236 3237/3237/3237 3285/3285/3285
f 3236/3236/3236 3285/3285/3285 3284/3284/3284
f 3237/3237/3237 3238/3238/3238 3286/3286/3286
f 3237/3237/3237 3286/3286/3286 3285/3285/3285
f 3238/3238/3238 3239/3239/3239 3287/3287/3287
f 3238/3238/3238 3287/3287/3287 3286/3286/3286
f 3239/3239/3239 3240/3240/3240 3288/3288/3288
f 3239/3239/3239 3288/3288/3288 3287/3287/3287
f 3240/3240/3240 3241/3241/3241 3289/3289/3289
f 3240/3240/3240 3289/3289/3289 3288/3288/3288
f 3241/3241/3241 3242/3242/3242 3290/3290/3290
f 3241/3241/3241 3290/3290/3290 3289/3289/3289
f 3242/3242/3242 3243/3243/3243 3291/3291/3291
f 3242/3242/3242 3291/3291/3291 3290/3290/3290
f 3243/3243/3243 3244/3244/3244 3292/3292/3292
f 3243/3243/3243 3292/3292/3292 3291/3291/3291
f 3244/3244/3244 3245/3245/3245 3293/3293/3293
f 3244/3244/3244 3293/3293/3293 3292/3292/3292
f 3245/3245/3245 3246/3246/3246 3294/3294/3294
f 3245/3245/3245 3294/3294/3294 3293/3293/3293
f 3246/3246/3246 3247/3247/3247 3295/3295/3295
f 3246/3246/3246 3295/3295/3295 3294/3294/3294
f 3247/3247/3247 3248/3248/3248 3296/3296/3296
f 3247/3247/3247 3296/3296/3296 3295/3295/3295
f 3248/3248/3248 3249/3249/3249 3297/3297/3297
f 3248/3248/3248 3297/3297/3297 3296/3296/3296
f 3249/3249/3249 3250/3250/3250 3298/3298/3298
f 3249/3249/3249 3298/3298/3298 3297/3297/3297
f 3250/3250/3250 3251/3251/3251 3299/3299/3299
f 3250/3250/3250 3299/3299/3299 3298/3298/3298
f 3251/3251/3251 3252/3252/3252 3300/3300/3300
f 3251/3251/3251 3300/3300/3300 3299/3299/3299
f 3252/3252/3252 3253/3253/3253 3301/3301/3301
f 3252/3252/3252 3301/3301/3301 3300/3300/3300
f 3253/3253/3253 3254/3254/3254 3302/3302/3302
f 3253/3253/3253 3302/3302/3302 3301/3301/3301
f 3254/3254/3254 3255/3255/3255 3303/3303/3303
f 3254/3254/3254 3303/3303/3303 3302/3302/3302
f 3255/3255/3255 3256/3256/3256 3304/3304/3304
f 3255/3255/3255 3304/3304/3304 3303/3303/3303
f 3256/3256/3256 3257/3257/3257 3305/3305/3305
f 3256/3256/3256 3305/3305/3305 3304/3304/3304
f 3257/3257/3257 3258/3258/3258 3306/3306/3306
f 3257/3257/3257 3306/3306/3306 3305/3305/3305
f 3258/3258/3258 3259/3259/3259 3307/3307/3307
f 3258/3258/3258 3307/3307/3307 3306/3306/3306
f 3259/3259/3259 3260/3260/3260 3308/3308/3308
f 3259/3259/3259 3308/3308/3308 3307/3307/3307
f 3260/3260/3260 3261/3261/3261 3309/3309/3309
f 3260/3260/3260 3309/3309/3309 3308/3308/3308
f 3261/3261/3261 3262/3262/3262 3310/3310/3310
f 3261/3261/3261 3310/3310/3310 3309/3309/3309
f 3262/3262/3262 3263/3263/3263 3311/3311/3311
f 3262/3262/3262 3311/3311/3311 3310/3310/3310
f 3263/3263/3263 3264/3264/3264 3312/3312/3312
f 3263/3263/3263 3312/3312/3312 3311/3311/3311
f 3264/3264/3264 3265/3265/3265 3313/3313/3313
f 3264/3264/3264 3313/3313/3313 3312/3312/3312
f 3265/3265/3265 3266/3266/3266 3314/3314/3314
f 3265/3265/3265 3314/3314/3314 3313/3313/3313
f 3266/3266/3266 3267/3267/3267 3315/3315/3315
f 3266/3266/3266 3315/3315/3315 3314/3314/3314
f 3267/3267/3267 3268/3268/3268 3316/3316/3316
f 3267/3267/3267 3316/3316/3316 3315/3315/3315
f 3268/3268/3268 3269/3269/3269 3317/3317/3317
f 3268/3268/3268 3317/3317/3317 3316/3316/3316
f 3269/3269/3269 3222/3222/3222 3270/3270/3270
f 3269/3269/3269 3270/3270/3270 3317/3317/3317
f 3318/3318/3318 3271/3271/3271 3270/3270/3270
f 3318/3318/3318 3272/3272/3272 3271/3271/3271
f 3318/3318/3318 3273/3273/3273 3272/3272/3272
f 3318/3318/3318 3274/3274/3274 3273/3273/3273
f 3318/3318/3318 3275/3275/3275 3274/3274/3274
f 3318/3318/3318 3276/3276/3276 3275/3275/3275
f 3318/3318/3318 3277/3277/3277 3276/3276/3276
f 3318/3318/3318 3278/3278/3278 3277/3277/3277
f 3318/3318/3318 3279/3279/3279 3278/3278/3278
f 3318/3318/3318 3280/3280/3280 3279/3279/3279
f 3318/3318/3318 3281/3281/3281 3280/3280/3280
f 3318/3318/3318 3282/3282/3282 3281/3281/3281
f 3318/3318/3318 3283/3283/3283 3282/3282/3282
f 3318/3318/3318 3284/3284/3284 3283/3283/3283
f 3318/3318/3318 3285/3285/3285 3284/3284/3284
f 3318/3318/3318 3286/3286/3286 3285/3285/3285
f 3318/3318/3318 3287/3287/3287 3286/3286/3286
f 3318/3318/3318 3288/3288/3288 3287/3287/3287
f 3318/3318/3318 3289/3289/3289 3288/3288/3288
f 3318/3318/3318 3290/3290/3290 3289/3289/3289
f 3318/3318/3318 3291/3291/3291 3290/3290/3290
f 3318/3318/3318 3292/3292/3292 3291/3291/3291
f 3318/3318/3318 3293/3293/3293 3292/3292/3292
f 3318/3318/3318 3294/3294/3294 3293/3293/3293
f 3318/3318/3318 3295/3295/3295 3294/3294/3294
f 3318/3318/3318 3296/3296/3296 3295/3295/3295
f 3318/3318/3318 3297/3297/3297 3296/3296/3296
f 3318/3318/3318 3298/3298/3298 3297/3297/3297
f 3318/3318/3318 3299/3299/3299 3298/3298/3298
f 3318/3318/3318 3300/3300/3300 3299/3299/3299
f 3318/3318/3318 3301/3301/3301 3300/3300/3300
f 3318/3318/3318 3302/3302/3302 3301/3301/3301
f 3318/3318/3318 3303/3303/3303 3302/3302/3302
f 3318/3318/3318 3304/3304/3304 3303/3303/3303
f 3318/3318/3318 3305/3305/3305 3304/3304/3304
f 3318/3318/3318 3306/3306/3306 3305/3305/3305
f 3318/3318/3318 3307/3307/3307 3306/3306/3306
f 3318/3318/3318 3308/3308/3308 3307/3307/3307
f 3318/3318/3318 3309/3309/3309 3308/3308/3308
f 3318/3318/3318 3310/3310/3310 3309/3309/3309
f 3318/3318/3318 3311/3311/3311 3310/3310/3310
f 3318/3318/3318 3312/3312/3312 3311/3311/3311
f 3318/3318/3318 3313/3313/3313 3312/3312/3312
f 3318/3318/3318 3314/3314/3314 3313/3313/3313
f 3318/3318/3318 3315/3315/3315 3314/3314/3314
f 3318/3318/3318 3316/3316/3316 3315/3315/3315
f 3318/3318/3318 3317/3317/3317 3316/3316/3316
f 3318/3318/3318 3270/3270/3270 3317/3317/3317
usemtl MirrorOne
f 3319/3319/3319 3320/3320/3320 3321/3321/3321
f 3319/3319/3319 3321/3321/3321 3322/3322/3322
f 3319/3319/3319 3322/3322/3322 3323/3323/3323
f 3319/3319/3319 3323/3323/3323 3324/3324/3324
f 3319/3319/3319 3324/3324/3324 3325/3325/3325
f 3319/3319/3319 3325/3325/3325 3326/3326/3326
f 3319/3319/3319 3326/3326/3326 3327/3327/3327
f 3319/3319/3319 3327/3327/3327 3328/3328/3328
f 3319/3319/3319 3328/3328/3328 3329/3329/3329
f 3319/3319/3319 3329/3329/3329 3330/3330/3330
f 3319/3319/3319 3330/3330/3330 3331/3331/3331
f 3319/3319/3319 3331/3331/3331 3332/3332/3332
f 3319/3319/3319 3332/3332/3332 3333/3333/3333
f 3319/3319/3319 3333/3333/3333 3334/3334/3334
f 3319/3319/3319 3334/3334/3334 3335/3335/3335
f 3319/3319/3319 3335/3335/3335 3336/3336/3336
f 3319/3319/3319 3336/3336/3336 3337/3337/3337
f 3319/3319/3319 3337/3337/3337 3338/3338/3338
f 3319/3319/3319 3338/3338/3338 3339/3339/3339
f 3319/3319/3319 3339/3339/3339 3340/3340/3340
f 3319/3319/3319 3340/3340/3340 3341/3341/3341
f 3319/3319/3319 3341/3341/3341 3342/3342/3342
f 3319/3319/3319 3342/3342/3342 3343/3343/3343
f 3319/3319/3319 3343/3343/3343 3344/3344/3344
f 3319/3319/3319 3344/3344/3344 3345/3345/3345
f 3319/3319/3319 3345/3345/3345 3346/3346/3346
f 3319/3319/3319 3346/3346/3346 3347/3347/3347
f 3319/3319/3319 3347/3347/3347 3348/3348/3348
f 3319/3319/3319 3348/3348/3348 3349/3349/3349
f 3319/3319/3319 3349/3349/3349 3350/3350/3350
f 3319/3319/3319 3350/3350/3350 3351/3351/3351
f 3319/3319/3319 3351/3351/3351 3352/3352/3352
f 3319/3319/3319 3352/3352/3352 3353/3353/3353
f 3319/3319/3319 3353/3353/3353 3354/3354/3354
f 3319/3319/3319 3354/3354/3354 3355/3355/3355
f 3319/3319/3319 3355/3355/3355 3356/3356/3356
f 3319/3319/3319 3356/3356/3356 3357/3357/3357
f 3319/3319/3319 3357/3357/3357 3358/3358/3358
f 3319/3319/3319 3358/3358/3358 3359/3359/3359
f 3319/3319/3319 3359/3359/3359 3360/3360/3360
f 3319/3319/3319 3360/3360/3360 3361/3361/3361
f 3319/3319/3319 3361/3361/3361 3362/3362/3362
f 3319/3319/3319 3362/3362/3362 3363/3363/3363
f 3319/3319/3319 3363/3363/3363 3364/3364/3364
f 3319/3319/3319 3364/3364/3364 3365/3365/3365
f 3319/3319/3319 3365/3365/3365 3366/3366/3366
f 3319/3319/3319 3366/3366/3366 3367/3367/3367
f 3319/3319/3319 3367/3367/3367 3320/3320/3320
f 3320/3320/3320 3321/3321/3321 3369/3369/3369
f 3320/3320/3320 3369/3369/3369 3368/3368/3368
f 3321/3321/3321 3322/3322/3322 3370/3370/3370
f 3321/3321/3321 3370/3370/3370 3369/3369/3369
f 3322/3322/3322 3323/3323/3323 3371/3371/3371
f 3322/3322/3322 3371/3371/3371 3370/3370/3370
f 3323/3323/3323 3324/3324/3324 3372/3372/3372
f 3323/3323/3323 3372/3372/3372 3371/3371/3371
f 3324/3324/3324 3325/3325/3325 3373/3373/3373
f 3324/3324/3324 3373/3373/3373 3372/3372/3372
f 3325/3325/3325 3326/3326/3326 3374/3374/3374
f 3325/3325/3325 3374/3374/3374 3373/3373/3373
f 3326/3326/3326 3327/3327/3327 3375/3375/3375
f 3326/3326/3326 3375/3375/3375 3374/3374/3374
f 3327/3327/3327 3328/3328/3328 3376/3376/3376
f 3327/3327/3327 3376/3376/3376 3375/3375/3375
f 3328/3328/3328 3329/3329/3329 3377/3377/3377
f 3328/3328/3328 3377/3377/3377 3376/3376/3376
f 3329/3329/3329 3330/3330/3330 3378/3378/3378
f 3329/3329/3329 3378/3378/3378 3377/3377/3377
f 3330/3330/3330 3331/3331/3331 3379/3379/3379
f 3330/3330/3330 3379/3379/3379 3378/3378/3378
f 3331/3331/3331 3332/3332/3332 3380/3380/3380
f 3331/3331/3331 3380/3380/3380 3379/3379/3379
f 3332/3332/3332 3333/3333/3333 3381/3381/3381
f 3332/3332/3332 3381/3381/3381 3380/3380/3380
f 3333/3333/3333 3334/3334/3334 3382/3382/3382
f 3333/3333/3333 3382/3382/3382 3381/3381/3381
f 3334/3334/3334 3335/3335/3335 3383/3383/3383
f 3334/3334/3334 3383/3383/3383 3382/3382/3382
f 3335/3335/3335 3336/3336/3336 3384/3384/3384
f 3335/3335/3335 3384/3384/3384 3383/3383/3383
f 3336/3336/3336 3337/3337/3337 3385/3385/3385
f 3336/3336/3336 3385/3385/3385 3384/3384/3384
f 3337/3337/3337 3338/3338/3338 3386/3386/3386
f 3337/3337/3337 3386/3386/3386 3385/3385/3385
f 3338/3338/3338 3339/3339/3339 3387/3387/3387
f 3338/3338/3338 3387/3387/3387 3386/3386/3386
f 3339/3339/3339 3340/3340/3340 3388/3388/3388
f 3339/3339/3339 3388/3388/3388 3387/3387/3387
f 3340/3340/3340 3341/3341/3341 3389/3389/3389
f 3340/3340/3340 3389/3389/3389 3388/3388/3388
f 3341/3341/3341 3342/3342/3342 3390/3390/3390
f 3341/3341/3341 3390/3390/3390 3389/3389/3389
f 3342/3342/3342 3343/3343/3343 3391/3391/3391
f 3342/3342/3342 3391/3391/3391 3390/3390/3390
f 3343/3343/3343 3344/3344/3344 3392/3392/3392
f 3343/3343/3343 3392/3392/3392 3391/3391/3391
f 3344/3344/3344 3345/3345/3345 3393/3393/3393
f 3344/3344/3344 3393/3393/3393 3392/3392/3392
f 3345/3345/3345 3346/3346/3346 3394/3394/3394
f 3345/3345/3345 3394/3394/3394 3393/3393/3393
f 3346/3346/3346 3347/3347/3347 3395/3395/3395
f 3346/3346/3346 3395/3395/3395 3394/3394/3394
f 3347/3347/3347 3348/3348/3348 3396/3396/3396
f 3347/3347/3347 3396/3396/3396 3395/3395/3395
f 3348/3348/3348 3349/3349/3349 3397/3397/3397
f 3348/3348/3348 3397/3397/3397 3396/3396/3396
f 3349/3349/3349 3350/3350/3350 3398/3398/3398
f 3349/3349/3349 3398/3398/3398 3397/3397/3397
f 3350/3350/3350 3351/3351/3351 3399/3399/3399
f 3350/3350/3350 3399/3399/3399 3398/3398/3398
f 3351/3351/3351 3352/3352/3352 3400/3400/3400
f 3351/3351/3351 3400/3400/3400 3399/3399/3399
f 3352/3352/3352 3353/3353/3353 3401/3401/3401
f 3352/3352/3352 3401/3401/3401 3400/3400/3400
f 3353/3353/3353 3354/3354/3354 3402/3402/3402
f 3353/3353/3353 3402/3402/3402 3401/3401/3401
f 3354/3354/3354 3355/3355/3355 3403/3403/3403
f 3354/3354/3354 3403/3403/3403 3402/3402/3402
f 3355/3355/3355 3356/3356/3356 3404/3404/3404
f 3355/3355/3355 3404/3404/3404 3403/3403/3403
f 3356/3356/3356 3357/3357/3357 3405/3405/3405
f 3356/3356/3356 3405/3405/3405 3404/3404/3404
f 3357/3357/3357 3358/3358/3358 3406/3406/3406
f 3357/3357/3357 3406/3406/3406 3405/3405/3405
f 3358/3358/3358 3359/3359/3359 3407/3407/3407
f 3358/3358/3358 3407/3407/3407 3406/3406/3406
f 3359/3359/3359 3360/3360/3360 3408/3408/3408
f 3359/3359/3359 3408/3408/3408 3407/3407/3407
f 3360/3360/3360 3361/3361/3361 3409/3409/3409
f 3360/3360/3360 3409/3409/3409 3408/3408/3408
f 3361/3361/3361 3362/3362/3362 3410/3410/3410
f 3361/3361/3361 3410/3410/3410 3409/3409/3409
f 3362/3362/3362 3363/3363/3363 3411/3411/3411
f 3362/3362/3362 3411/3411/3411 3410/3410/3410
f 3363/3363/3363 3364/3364/3364 3412/3412/3412
f 3363/3363/3363 3412/3412/3412 3411/3411/3411
f 3364/3364/3364 3365/3365/3365 3413/3413/3413
f 3364/3364/3364 3413/3413/3413 3412/3412/3412
f 3365/3365/3365 3366/3366/3366 3414/3414/3414
f 3365/3365/3365 3414/3414/3414 3413/3413/3413
f 3366/3366/3366 3367/3367/3367 3415/3415/3415
f 3366/3366/3366 3415/3415/3415 3414/3414/3414
f 3367/3367/3367 3320/3320/3320 3368/3368/3368
f 3367/3367/3367 3368/3368/3368 3415/3415/3415
f 3368/3368/3368 3369/3369/3369 3417/3417/3417
f 3368/3368/3368 3417/3417/3417 3416/3416/3416
f 3369/3369/3369 3370/3370/3370 3418/3418/3418
f 3369/3369/3369 3418/3418/3418 3417/3417/3417
f 3370/3370/3370 3371/3371/3371 3419/3419/3419
f 3370/3370/3370 3419/3419/3419 3418/3418/3418
f 3371/3371/3371 3372/3372/3372 3420/3420/3420
f 3371/3371/3371 3420/3420/3420 3419/3419/3419
f 3372/3372/3372 3373/3373/3373 3421/3421/3421
f 3372/3372/3372 3421/3421/3421 3420/3420/3420
f 3373/3373/3373 3374/3374/3374 3422/3422/3422
f 3373/3373/3373 3422/3422/3422 3421/3421/3421
f 3374/3374/3374 3375/3375/3375 3423/3423/3423
f 3374/3374/3374 3423/3423/3423 3422/3422/3422
f 3375/3375/3375 3376/3376/3376 3424/3424/3424
f 3375/3375/3375 3424/3424/3424 3423/3423/3423
f 3376/3376/3376 3377/3377/3377 3425/3425/3425
f 3376/3376/3376 3425/3425/3425 3424/3424/3424
f 3377/3377/3377 3378/3378/3378 3426/3426/3426
f 3377/3377/3377 3426/3426/3426 3425/3425/3425
f 3378/3378/3378 3379/3379/3379 3427/3427/3427
f 3378/3378/3378 3427/3427/3427 3426/3426/3426
f 3379/3379/3379 3380/3380/3380 3428/3428/3428
f 3379/3379/3379 3428/3428/3428 3427/3427/3427
f 3380/3380/3380 3381/3381/3381 3429/3429/3429
f 3380/3380/3380 3429/3429/3429 3428/3428/3428
f 3381/3381/3381 3382/3382/3382 3430/3430/3430
f 3381/3381/3381 3430/3430/3430 3429/3429/3429
f 3382/3382/3382 3383/3383/3383 3431/3431/3431
f 3382/3382/3382 3431/3431/3431 3430/3430/3430
f 3383/3383/3383 3384/3384/3384 3432/3432/3432
f 3383/3383/3383 3432/3432/3432 3431/3431/3431
f 3384/3384/3384 3385/3385/3385 3433/3433/3433
f 3384/3384/3384 3433/3433/3433 3432/3432/3432
f 3385/3385/3385 3386/3386/3386 3434/3434/3434
f 3385/3385/3385 3434/3434/3434 3433/3433/3433
f 3386/3386/3386 3387/3387/3387 3435/3435/3435
f 3386/3386/3386 3435/3435/3435 3434/3434/3434
f 3387/3387/3387 3388/3388/3388 3436/3436/3436
f 3387/3387/3387 3436/3436/3436 3435/3435/3435
f 3388/3388/3388 3389/3389/3389 3437/3437/3437
f 3388/3388/3388 3437/3437/3437 3436/3436/3436
f 3389/3389/3389 3390/3390/3390 3438/3438/3438
f 3389/3389/3389 3438/3438/3438 3437/3437/3437
f 3390/3390/3390 3391/3391/3391 3439/3439/3439
f 3390/3390/3390 3439/3439/3439 3438/3438/3438
f 3391/3391/3391 3392/3392/3392 3440/3440/3440
f 3391/3391/3391 3440/3440/3440 3439/3439/3439
f 3392/3392/3392 3393/3393/3393 3441/3441/3441
f 3392/3392/3392 3441/3441/3441 3440/3440/3440
f 3393/3393/3393 3394/3394/3394 3442/3442/3442
f 3393/3393/3393 3442/3442/3442 3441/3441/3441
f 3394/3394/3394 3395/3395/3395 3443/3443/3443
f 3394/3394/3394 3443/3443/3443 3442/3442/3442
f 3395/3395/3395 3396/3396/3396 3444/3444/3444
f 3395/3395/3395 3444/3444/3444 3443/3443/3443
f 3396/3396/3396 3397/3397/3397 3445/3445/3445
f 3396/3396/3396 3445/3445/3445 3444/3444/3444
f 3397/3397/3397 3398/3398/3398 3446/3446/3446
f 3397/3397/3397 3446/3446/3446 3445/3445/3445
f 3398/3398/3398 3399/3399/3399 3447/3447/3447
f 3398/3398/3398 3447/3447/3447 3446/3446/3446
f 3399/3399/3399 3400/3400/3400 3448/3448/3448
f 3399/3399/3399 3448/3448/3448 3447/3447/3447
f 3400/3400/3400 3401/3401/3401 3449/3449/3449
f 3400/3400/3400 3449/3449/3449 3448/3448/3448
f 3401/3401/3401 3402/3402/3402 3450/3450/3450
f 3401/3401/3401 3450/3450/3450 3449/3449/3449
f 3402/3402/3402 3403/3403/3403 3451/3451/3451
f 3402/3402/3402 3451/3451/3451 3450/3450/3450
f 3403/3403/3403 3404/3404/3404 3452/3452/3452
f 3403/3403/3403 3452/3452/3452 3451/3451/3451
f 3404/3404/3404 3405/3405/3405 3453/3453/3453
f 3404/3404/3404 3453/3453/3453 3452/3452/3452
f 3405/3405/3405 3406/3406/3406 3454/3454/3454
f 3405/3405/3405 3454/3454/3454 3453/3453/3453
f 3406/3406/3406 3407/3407/3407 3455/3455/3455
f 3406/3406/3406 3455/3455/3455 3454/3454/3454
f 3407/3407/3407 3408/3408/3408 3456/3456/3456
f 3407/3407/3407 3456/3456/3456 3455/3455/3455
f 3408/3408/3408 3409/3409/3409 3457/3457/3457
f 3408/3408/3408 3457/3457/3457 3456/3456/3456
f 3409/3409/3409 3410/3410/3410 3458/3458/3458
f 3409/3409/3409 3458/3458/3458 3457/3457/3457
f 3410/3410/3410 3411/3411/3411 3459/3459/3459
f 3410/3410/3410 3459/3459/3459 3458/3458/3458
f 3411/3411/3411 3412/3412/3412 3460/3460/3460
f 3411/3411/3411 3460/3460/3460 3459/3459/3459
f 3412/3412/3412 3413/3413/3413 3461/3461/3461
f 3412/3412/3412 3461/3461/3461 3460/3460/3460
f 3413/3413/3413 3414/3414/3414 3462/3462/3462
f 3413/3413/3413 3462/3462/3462 3461/3461/3461
f 3414/3414/3414 3415/3415/3415 3463/3463/3463
f 3414/3414/3414 3463/3463/3463 3462/3462/3462
f 3415/3415/3415 3368/3368/3368 3416/3416/3416
f 3415/3415/3415 3416/3416/3416 3463/3463/3463
f 3416/3416/3416 3417/3417/3417 3465/3465/3465
f 3416/3416/3416 3465/3465/3465 3464/3464/3464
f 3417/3417/3417 3418/3418/3418 3466/3466/3466
f 3417/3417/3417 3466/3466/3466 3465/3465/3465
f 3418/3418/3418 3419/3419/3419 3467/3467/3467
f 3418/3418/3418 3467/3467/3467 3466/3466/3466
f 3419/3419/3419 3420/3420/3420 3468/3468/3468
f 3419/3419/3419 3468/3468/3468 3467/3467/3467
f 3420/3420/3420 3421/3421/3421 3469/3469/3469
f 3420/3420/3420 3469/3469/3469 3468/3468/3468
f 3421/3421/3421 3422/3422/3422 3470/3470/3470
f 3421/3421/3421 3470/3470/3470 3469/3469/3469
f 3422/3422/3422 3423/3423/3423 3471/3471/3471
f 3422/3422/3422 3471/3471/3471 3470/3470/3470
f 3423/3423/3423 3424/3424/3424 3472/3472/3472
f 3423/3423/3423 3472/3472/3472 3471/3471/3471
f 3424/3424/3424 3425/3425/3425 3473/3473/3473
f 3424/3424/3424 3473/3473/3473 3472/3472/3472
f 3425/3425/3425 3426/3426/3426 3474/3474/3474
f 3425/3425/3425 3474/3474/3474 3473/3473/3473
f 3426/3426/3426 3427/3427/3427 3475/3475/3475
f 3426/3426/3426 3475/3475/3475 3474/3474/3474
f 3427/3427/3427 3428/3428/3428 3476/3476/3476
f 3427/3427/3427 3476/3476/3476 3475/3475/3475
f 3428/3428/3428 3429/3429/3429 3477/3477/3477
f 3428/3428/3428 3477/3477/3477 3476/3476/3476
f 3429/3429/3429 3430/3430/3430 3478/3478/3478
f 3429/3429/3429 3478/3478/3478 3477/3477/3477
f 3430/3430/3430 3431/3431/3431 3479/3479/3479
f 3430/3430/3430 3479/3479/3479 3478/3478/3478
f 3431/3431/3431 3432/3432/3432 3480/3480/3480
f 3431/3431/3431 3480/3480/3480 3479/3479/3479
f 3432/3432/3432 3433/3433/3433 3481/3481/3481
f 3432/3432/3432 3481/3481/3481 3480/3480/3480
f 3433/3433/3433 3434/3434/3434 3482/3482/3482
f 3433/3433/3433 3482/3482/3482 3481/3481/3481
f 3434/3434/3434 3435/3435/3435 3483/3483/3483
f 3434/3434/3434 3483/3483/3483 3482/3482/3482
f 3435/3435/3435 3436/3436/3436 3484/3484/3484
f 3435/3435/3435 3484/3484/3484 3483/3483/3483
f 3436/3436/3436 3437/3437/3437 3485/3485/3485
f 3436/3436/3436 3485/3485/3485 3484/3484/3484
f 3437/3437/3437 3438/3438/3438 3486/3486/3486
f 3437/3437/3437 3486/3486/3486 3485/3485/3485
f 3438/3438/3438 3439/3439/3439 3487/3487/3487
f 3438/3438/3438 3487/3487/3487 3486/3486/3486
f 3439/3439/3439 3440/3440/3440 3488/3488/3488
f 3439/3439/3439 3488/3488/3488 3487/3487/3487
f 3440/3440/3440 3441/3441/3441 3489/3489/3489
f 3440/3440/3440 3489/3489/3489 3488/3488/3488
f 3441/3441/3441 3442/3442/3442 3490/3490/3490
f 3441/3441/3441 3490/3490/3490 3489/3489/3489
f 3442/3442/3442 3443/3443/3443 3491/3491/3491
f 3442/3442/3442 3491/3491/3491 3490/3490/3490
f 3443/3443/3443 3444/3444/3444 3492/3492/3492
f 3443/3443/3443 3492/3492/3492 3491/3491/3491
f 3444/3444/3444 3445/3445/3445 3493/3493/3493
f 3444/3444/3444 3493/3493/3493 3492/3492/3492
f 3445/3445/3445 3446/3446/3446 3494/3494/3494
f 3445/3445/3445 3494/3494/3494 3493/3493/3493
f 3446/3446/3446 3447/3447/3447 3495/3495/3495
f 3446/3446/3446 3495/3495/3495 3494/3494/3494
f 3447/3447/3447 3448/3448/3448 3496/3496/3496
f 3447/3447/3447 3496/3496/3496 3495/3495/3495
f 3448/3448/3448 3449/3449/3449 3497/3497/3497
f 3448/3448/3448 3497/3497/3497 3496/3496/3496
f 3449/3449/3449 3450/3450/3450 3498/3498/3498
f 3449/3449/3449 3498/3498/3498 3497/3497/3497
f 3450/3450/3450 3451/3451/3451 3499/3499/3499
f 3450/3450/3450 3499/3499/3499 3498/3498/3498
f 3451/3451/3451 3452/3452/3452 3500/3500/3500
f 3451/3451/3451 3500/3500/3500 3499/3499/3499
f 3452/3452/3452 3453/3453/3453 3501/3501/3501
f 3452/3452/3452 3501/3501/3501 3500/3500/3500
f 3453/3453/3453 3454/3454/3454 3502/3502/3502
f 3453/3453/3453 3502/3502/3502 3501/3501/3501
f 3454/3454/3454 3455/3455/3455 3503/3503/3503
f 3454/3454/3454 3503/3503/3503 3502/3502/3502
f 3455/3455/3455 3456/3456/3456 3504/3504/3504
f 3455/3455/3455 3504/3504/3504 3503/3503/3503
f 3456/3456/3456 3457/3457/3457 3505/3505/3505
f 3456/3456/3456 3505/3505/3505 3504/3504/3504
f 3457/3457/3457 3458/3458/3458 3506/3506/3506
f 3457/3457/3457 3506/3506/3506 3505/3505/3505
f 3458/3458/3458 3459/3459/3459 3507/3507/3507
f 3458/3458/3458 3507/3507/3507 3506/3506/3506
f 3459/3459/3459 3460/3460/3460 3508/3508/3508
f 3459/3459/3459 3508/3508/3508 3507/3507/3507
f 3460/3460/3460 3461/3461/3461 3509/3509/3509
f 3460/3460/3460 3509/3509/3509 3508/3508/3508
f 3461/3461/3461 3462/3462/3462 3510/3510/3510
f 3461/3461/3461 3510/3510/3510 3509/3509/3509
f 3462/3462/3462 3463/3463/3463 3511/3511/3511
f 3462/3462/3462 3511/3511/3511 3510/3510/3510
f 3463/3463/3463 3416/3416/3416 3464/3464/3464
f 3463/3463/3463 3464/3464/3464 3511/3511/3511
f 3464/3464/3464 3465/3465/3465 3513/3513/3513
f 3464/3464/3464 3513/3513/3513 3512/3512/3512
f 3465/3465/3465 3466/3466/3466 3514/3514/3514
f 3465/3465/3465 3514/3514/3514 3513/3513/3513
f 3466/3466/3466 3467/3467/3467 3515/3515/3515
f 3466/3466/3466 3515/3515/3515 3514/3514/3514
f 3467/3467/3467 3468/3468/3468 3516/3516/3516
f 3467/3467/3467 3516/3516/3516 3515/3515/3515
f 3468/3468/3468 3469/3469/3469 3517/3517/3517
f 3468/3468/3468 3517/3517/3517 3516/3516/3516
f 3469/3469/3469 3470/3470/3470 3518/3518/3518
f 3469/3469/3469 3518/3518/3518 3517/3517/3517
f 3470/3470/3470 3471/3471/3471 3519/3519/3519
f 3470/3470/3470 3519/3519/3519 3518/3518/3518
f 3471/3471/3471 3472/3472/3472 3520/3520/3520
f 3471/3471/3471 3520/3520/3520 3519/3519/3519
f 3472/3472/3472 3473/3473/3473 3521/3521/3521
f 3472/3472/3472 3521/3521/3521 3520/3520/3520
f 3473/3473/3473 3474/3474/3474 3522/3522/3522
f 3473/3473/3473 3522/3522/3522 3521/3521/3521
f 3474/3474/3474 3475/3475/3475 3523/3523/3523
f 3474/3474/3474 3523/3523/3523 3522/3522/3522
f 3475/3475/3475 3476/3476/3476 3524/3524/3524
f 3475/3475/3475 3524/3524/3524 3523/3523/3523
f 3476/3476/3476 3477/3477/3477 3525/3525/3525
f 3476/3476/3476 3525/3525/3525 3524/3524/3524
f 3477/3477/3477 3478/3478/3478 3526/3526/3526
f 3477/3477/3477 3526/3526/3526 3525/3525/3525
f 3478/3478/3478 3479/3479/3479 3527/3527/3527
f 3478/3478/3478 3527/3527/3527 3526/3526/3526
f 3479/3479/3479 3480/3480/3480 3528/3528/3528
f 3479/3479/3479 3528/3528/3528 3527/3527/3527
f 3480/3480/3480 3481/3481/3481 3529/3529/3529
f 3480/3480/3480 3529/3529/3529 3528/3528/3528
f 3481/3481/3481 3482/3482/3482 3530/3530/3530
f 3481/3481/3481 3530/3530/3530 3529/3529/3529
f 3482/3482/3482 3483/3483/3483 3531/3531/3531
f 3482/3482/3482 3531/3531/3531 3530/3530/3530
f 3483/3483/3483 3484/3484/3484 3532/3532/3532
f 3483/3483/3483 3532/3532/3532 3531/3531/3531
f 3484/3484/3484 3485/3485/3485 3533/3533/3533
f 3484/3484/3484 3533/3533/3533 3532/3532/3532
f 3485/3485/3485 3486/3486/3486 3534/3534/3534
f 3485/3485/3485 3534/3534/3534 3533/3533/3533
f 3486/3486/3486 3487/3487/3487 3535/3535/3535
f 3486/3486/3486 3535/3535/3535 3534/3534/3534
f 3487/3487/3487 3488/3488/3488 3536/3536/3536
f 3487/3487/3487 3536/3536/3536 3535/3535/3535
f 3488/3488/3488 3489/3489/3489 3537/3537/3537
f 3488/3488/3488 3537/3537/3537 3536/3536/3536
f 3489/3489/3489 3490/3490/3490 3538/3538/3538
f 3489/3489/3489 3538/3538/3538 3537/3537/3537
f 3490/3490/3490 3491/3491/3491 3539/3539/3539
f 3490/3490/3490 3539/3539/3539 3538/3538/3538
f 3491/3491/3491 3492/3492/3492 3540/3540/3540
f 3491/3491/3491 3540/3540/3540 3539/3539/3539
f 3492/3492/3492 3493/3493/3493 3541/3541/3541
f 3492/3492/3492 3541/3541/3541 3540/3540/3540
f 3493/3493/3493 3494/3494/3494 3542/3542/3542
f 3493/3493/3493 3542/3542/3542 3541/3541/3541
f 3494/3494/3494 3495/3495/3495 3543/3543/3543
f 3494/3494/3494 3543/3543/3543 3542/3542/3542
f 3495/3495/3495 3496/3496/3496 3544/3544/3544
f 3495/3495/3495 3544/3544/3544 3543/3543/3543
f 3496/3496/3496 3497/3497/3497 3545/3545/3545
f 3496/3496/3496 3545/3545/3545 3544/3544/3544
f 3497/3497/3497 3498/3498/3498 3546/3546/3546
f 3497/3497/3497 3546/3546/3546 3545/3545/3545
f 3498/3498/3498 3499/3499/3499 3547/3547/3547
f 3498/3498/3498 3547/3547/3547 3546/3546/3546
f 3499/3499/3499 3500/3500/3500 3548/3548/3548
f 3499/3499/3499 3548/3548/3548 3547/3547/3547
f 3500/3500/3500 3501/3501/3501 3549/3549/3549
f 3500/3500/3500 3549/3549/3549 3548/3548/3548
f 3501/3501/3501 3502/3502/3502 3550/3550/3550
f 3501/3501/3501 3550/3550/3550 3549/3549/3549
f 3502/3502/3502 3503/3503/3503 3551/3551/3551
f 3502/3502/3502 3551/3551/3551 3550/3550/3550
f 3503/3503/3503 3504/3504/3504 3552/3552/3552
f 3503/3503/3503 3552/3552/3552 3551/3551/3551
f 3504/3504/3504 3505/3505/3505 3553/3553/3553
f 3504/3504/3504 3553/3553/3553 3552/3552/3552
f 3505/3505/3505 3506/3506/3506 3554/3554/3554
f 3505/3505/3505 3554/3554/3554 3553/3553/3553
f 3506/3506/3506 3507/3507/3507 3555/3555/3555
f 3506/3506/3506 3555/3555/3555 3554/3554/3554
f 3507/3507/3507 3508/3508/3508 3556/3556/3556
f 3507/3507/3507 3556/3556/3556 3555/3555/3555
f 3508/3508/3508 3509/3509/3509 3557/3557/3557
f 3508/3508/3508 3557/3557/3557 3556/3556/3556
f 3509/3509/3509 3510/3510/3510 3558/3558/3558
f 3509/3509/3509 3558/3558/3558 3557/3557/3557
f 3510/3510/3510 3511/3511/3511 3559/3559/3559
f 3510/3510/3510 3559/3559/3559 3558/3558/3558
f 3511/3511/3511 3464/3464/3464 3512/3512/3512
f 3511/3511/3511 3512/3512/3512 3559/3559/3559
f 3512/3512/3512 3513/3513/3513 3561/3561/3561
f 3512/3512/3512 3561/3561/3561 3560/3560/3560
f 3513/3513/3513 3514/3514/3514 3562/3562/3562
f 3513/3513/3513 3562/3562/3562 3561/3561/3561
f 3514/3514/3514 3515/3515/3515 3563/3563/3563
f 3514/3514/3514 3563/3563/3563 3562/3562/3562
f 3515/3515/3515 3516/3516/3516 3564/3564/3564
f 3515/3515/3515 3564/3564/3564 3563/3563/3563
f 3516/3516/3516 3517/3517/3517 3565/3565/3565
f 3516/3516/3516 3565/3565/3565 3564/3564/3564
f 3517/3517/3517 3518/3518/3518 3566/3566/3566
f 3517/3517/3517 3566/3566/3566 3565/3565/3565
f 3518/3518/3518 3519/3519/3519 3567/3567/3567
f 3518/3518/3518 3567/3567/3567 3566/3566/3566
f 3519/3519/3519 3520/3520/3520 3568/3568/3568
f 3519/3519/3519 3568/3568/3568 3567/3567/3567
f 3520/3520/3520 3521/3521/3521 3569/3569/3569
f 3520/3520/3520 3569/3569/3569 3568/3568/3568
f 3521/3521/3521 3522/3522/3522 3570/3570/3570
f 3521/3521/3521 3570/3570/3570 3569/3569/3569
f 3522/3522/3522 3523/3523/3523 3571/3571/3571
f 3522/3522/3522 3571/3571/3571 3570/3570/3570
f 3523/3523/3523 3524/3524/3524 3572/3572/3572
f 3523/3523/3523 3572/3572/3572 3571/3571/3571
f 3524/3524/3524 3525/3525/3525 3573/3573/3573
f 3524/3524/3524 3573/3573/3573 3572/3572/3572
f 3525/3525/3525 3526/3526/3526 3574/3574/3574
f 3525/3525/3525 3574/3574/3574 3573/3573/3573
f 3526/3526/3526 3527/3527/3527 3575/3575/3575
f 3526/3526/3526 3575/3575/3575 3574/3574/3574
f 3527/3527/3527 3528/3528/3528 3576/3576/3576
f 3527/3527/3527 3576/3576/3576 3575/3575/3575
f 3528/3528/3528 3529/3529/3529 3577/3577/3577
f 3528/3528/3528 3577/3577/3577 3576/3576/3576
f 3529/3529/3529 3530/3530/3530 3578/3578/3578
f 3529/3529/3529 3578/3578/3578 3577/3577/3577
f 3530/3530/3530 3531/3531/3531 3579/3579/3579
f 3530/3530/3530 3579/3579/3579 3578/3578/3578
f 3531/3531/3531 3532/3532/3532 3580/3580/3580
f 3531/3531/3531 3580/3580/3580 3579/3579/3579
f 3532/3532/3532 3533/3533/3533 3581/3581/3581
f 3532/3532/3532 3581/3581/3581 3580/3580/3580
f 3533/3533/3533 3534/3534/3534 3582/3582/3582
f 3533/3533/3533 3582/3582/3582 3581/3581/3581
f 3534/3534/3534 3535/3535/3535 3583/3583/3583
f 3534/3534/3534 3583/3583/3583 3582/3582/3582
f 3535/3535/3535 3536/3536/3536 3584/3584/3584
f 3535/3535/3535 3584/3584/3584 3583/3583/3583
f 3536/3536/3536 3537/3537/3537 3585/3585/3585
f 3536/3536/3536 3585/3585/3585 3584/3584/3584
f 3537/3537/3537 3538/3538/3538 3586/3586/3586
f 3537/3537/3537 3586/3586/3586 3585/3585/3585
f 3538/3538/3538 3539/3539/3539 3587/3587/3587
f 3538/3538/3538 3587/3587/3587 3586/3586/3586
f 3539/3539/3539 3540/3540/3540 3588/3588/3588
f 3539/3539/3539 3588/3588/3588 3587/3587/3587
f 3540/3540/3540 3541/3541/3541 3589/3589/3589
f 3540/3540/3540 3589/3589/3589 3588/3588/3588
f 3541/3541/3541 3542/3542/3542 3590/3590/3590
f 3541/3541/3541 3590/3590/3590 3589/3589/3589
f 3542/3542/3542 3543/3543/3543 3591/3591/3591
f 3542/3542/3542 3591/3591/3591 3590/3590/3590
f 3543/3543/3543 3544/3544/3544 3592/3592/3592
f 3543/3543/3543 3592/3592/3592 3591/3591/3591
f 3544/3544/3544 3545/3545/3545 3593/3593/3593
f 3544/3544/3544 3593/3593/3593 3592/3592/3592
f 3545/3545/3545 3546/3546/3546 3594/3594/3594
f 3545/3545/3545 3594/3594/3594 3593/3593/3593
f 3546/3546/3546 3547/3547/3547 3595/3595/3595
f 3546/3546/3546 3595/3595/3595 3594/3594/3594
f 3547/3547/3547 3548/3548/3548 3596/3596/3596
f 3547/3547/3547 3596/3596/3596 3595/3595/3595
f 3548/3548/3548 3549/3549/3549 3597/3597/3597
f 3548/3548/3548 3597/3597/3597 3596/3596/3596
f 3549/3549/3549 3550/3550/3550 3598/3598/3598
f 3549/3549/3549 3598/3598/3598 3597/3597/3597
f 3550/3550/3550 3551/3551/3551 3599/3599/3599
f 3550/3550/3550 3599/3599/3599 3598/3598/3598
f 3551/3551/3551 3552/3552/3552 3600/3600/3600
f 3551/3551/3551 3600/3600/3600 3599/3599/3599
f 3552/3552/3552 3553/3553/3553 3601/3601/3601
f 3552/3552/3552 3601/3601/3601 3600/3600/3600
f 3553/3553/3553 3554/3554/3554 3602/3602/3602
f 3553/3553/3553 3602/3602/3602 3601/3601/3601
f 3554/3554/3554 3555/3555/3555 3603/3603/3603
f 3554/3554/3554 3603/3603/3603 3602/3602/3602
f 3555/3555/3555 3556/3556/3556 3604/3604/3604
f 3555/3555/3555 3604/3604/3604 3603/3603/3603
f 3556/3556/3556 3557/3557/3557 3605/3605/3605
f 3556/3556/3556 3605/3605/3605 3604/3604/3604
f 3557/3557/3557 3558/3558/3558 3606/3606/3606
f 3557/3557/3557 3606/3606/3606 3605/3605/3605
f 3558/3558/3558 3559/3559/3559 3607/3607/3607
f 3558/3558/3558 3607/3607/3607 3606/3606/3606
f 3559/3559/3559 3512/3512/3512 3560/3560/3560
f 3559/3559/3559 3560/3560/3560 3607/3607/3607
f 3560/3560/3560 3561/3561/3561 3609/3609/3609
f 3560/3560/3560 3609/3609/3609 3608/3608/3608
f 3561/3561/3561 3562/3562/3562 3610/3610/3610
f 3561/3561/3561 3610/3610/3610 3609/3609/3609
f 3562/3562/3562 3563/3563/3563 3611/3611/3611
f 3562/3562/3562 3611/3611/3611 3610/3610/3610
f 3563/3563/3563 3564/3564/3564 3612/3612/3612
f 3563/3563/3563 3612/3612/3612 3611/3611/3611
f 3564/3564/3564 3565/3565/3565 3613/3613/3613
f 3564/3564/3564 3613/3613/3613 3612/3612/3612
f 3565/3565/3565 3566/3566/3566 3614/3614/3614
f 3565/3565/3565 3614/3614/3614 3613/3613/3613
f 3566/3566/3566 3567/3567/3567 3615/3615/3615
f 3566/3566/3566 3615/3615/3615 3614/3614/3614
f 3567/3567/3567 3568/3568/3568 3616/3616/3616
f 3567/3567/3567 3616/3616/3616 3615/3615/3615
f 3568/3568/3568 3569/3569/3569 3617/3617/3617
f 3568/3568/3568 3617/3617/3617 3616/3616/3616
f 3569/3569/3569 3570/3570/3570 3618/3618/3618
f 3569/3569/3569 3618/3618/3618 3617/3617/3617
f 3570/3570/3570 3571/3571/3571 3619/3619/3619
f 3570/3570/3570 3619/3619/3619 3618/3618/3618
f 3571/3571/3571 3572/3572/3572 3620/3620/3620
f 3571/3571/3571 3620/3620/3620 3619/3619/3619
f 3572/3572/3572 3573/3573/3573 3621/3621/3621
f 3572/3572/3572 3621/3621/3621 3620/3620/3620
f 3573/3573/3573 3574/3574/3574 3622/3622/3622
f 3573/3573/3573 3622/3622/3622 3621/3621/3621
f 3574/3574/3574 3575/3575/3575 3623/3623/3623
f 3574/3574/3574 3623/3623/3623 3622/3622/3622
f 3575/3575/3575 3576/3576/3576 3624/3624/3624
f 3575/3575/3575 3624/3624/3624 3623/3623/3623
f 3576/3576/3576 3577/3577/3577 3625/3625/3625
f 3576/3576/3576 3625/3625/3625 3624/3624/3624
f 3577/3577/3577 3578/3578/3578 3626/3626/3626
f 3577/3577/3577 3626/3626/3626 3625/3625/3625
f 3578/3578/3578 3579/3579/3579 3627/3627/3627
f 3578/3578/3578 3627/3627/3627 3626/3626/3626
f 3579/3579/3579 3580/3580/3580 3628/3628/3628
f 3579/3579/3579 3628/3628/3628 3627/3627/3627
f 3580/3580/3580 3581/3581/3581 3629/3629/3629
f 3580/3580/3580 3629/3629/3629 3628/3628/3628
f 3581/3581/3581 3582/3582/3582 3630/3630/3630
f 3581/3581/3581 3630/3630/3630 3629/3629/3629
f 3582/3582/3582 3583/3583/3583 3631/3631/3631
f 3582/3582/3582 3631/3631/3631 3630/3630/3630
f 3583/3583/3583 3584/3584/3584 3632/3632/3632
f 3583/3583/3583 3632/3632/3632 3631/3631/3631
f 3584/3584/3584 3585/3585/3585 3633/3633/3633
f 3584/3584/3584 3633/3633/3633 3632/3632/3632
f 3585/3585/3585 3586/3586/3586 3634/3634/3634
f 3585/3585/3585 3634/3634/3634 3633/3633/3633
f 3586/3586/3586 3587/3587/3587 3635/3635/3635
f 3586/3586/3586 3635/3635/3635 3634/3634/3634
f 3587/3587/3587 3588/3588/3588 3636/3636/3636
f 3587/3587/3587 3636/3636/3636 3635/3635/3635
f 3588/3588/3588 3589/3589/3589 3637/3637/3637
f 3588/3588/3588 3637/3637/3637 3636/3636/3636
f 3589/3589/3589 3590/3590/3590 3638/3638/3638
f 3589/3589/3589 3638/3638/3638 3637/3637/3637
f 3590/3590/3590 3591/3591/3591 3639/3639/3639
f 3590/3590/3590 3639/3639/3639 3638/3638/3638
f 3591/3591/3591 3592/3592/3592 3640/3640/3640
f 3591/3591/3591 3640/3640/3640 3639/3639/3639
f 3592/3592/3592 3593/3593/3593 3641/3641/3641
f 3592/3592/3592 3641/3641/3641 3640/3640/3640
f 3593/3593/3593 3594/3594/3594 3642/3642/3642
f 3593/3593/3593 3642/3642/3642 3641/3641/3641
f 3594/3594/3594 3595/3595/3595 3643/3643/3643
f 3594/3594/3594 3643/3643/3643 3642/3642/3642
f 3595/3595/3595 3596/3596/3596 3644/3644/3644
f 3595/3595/3595 3644/3644/3644 3643/3643/3643
f 3596/3596/3596 3597/3597/3597 3645/3645/3645
f 3596/3596/3596 3645/3645/3645 3644/3644/3644
f 3597/3597/3597 3598/3598/3598 3646/3646/3646
f 3597/3597/3597 3646/3646/3646 3645/3645/3645
f 3598/3598/3598 3599/3599/3599 3647/3647/3647
f 3598/3598/3598 3647/3647/3647 3646/3646/3646
f 3599/3599/3599 3600/3600/3600 3648/3648/3648
f 3599/3599/3599 3648/3648/3648 3647/3647/3647
f 3600/3600/3600 3601/3601/3601 3649/3649/3649
f 3600/3600/3600 3649/3649/3649 3648/3648/3648
f 3601/3601/3601 3602/3602/3602 3650/3650/3650
f 3601/3601/3601 3650/3650/3650 3649/3649/3649
f 3602/3602/3602 3603/3603/3603 3651/3651/3651
f 3602/3602/3602 3651/3651/3651 3650/3650/3650
f 3603/3603/3603 3604/3604/3604 3652/3652/3652
f 3603/3603/3603 3652/3652/3652 3651/3651/3651
f 3604/3604/3604 3605/3605/3605 3653/3653/3653
f 3604/3604/3604 3653/3653/3653 3652/3652/3652
f 3605/3605/3605 3606/3606/3606 3654/3654/3654
f 3605/3605/3605 3654/3654/3654 3653/3653/3653
f 3606/3606/3606 3607/3607/3607 3655/3655/3655
f 3606/3606/3606 3655/3655/3655 3654/3654/3654
f 3607/3607/3607 3560/3560/3560 3608/3608/3608
f 3607/3607/3607 3608/3608/3608 3655/3655/3655
f 3608/3608/3608 3609/3609/3609 3657/3657/3657
f 3608/3608/3608 3657/3657/3657 3656/3656/3656
f 3609/3609/3609 3610/3610/3610 3658/3658/3658
f 3609/3609/3609 3658/3658/3658 3657/3657/3657
f 3610/3610/3610 3611/3611/3611 3659/3659/3659
f 3610/3610/3610 3659/3659/3659 3658/3658/3658
f 3611/3611/3611 3612/3612/3612 3660/3660/3660
f 3611/3611/3611 3660/3660/3660 3659/3659/3659
f 3612/3612/3612 3613/3613/3613 3661/3661/3661
f 3612/3612/3612 3661/3661/3661 3660/3660/3660
f 3613/3613/3613 3614/3614/3614 3662/3662/3662
f 3613/3613/3613 3662/3662/3662 3661/3661/3661
f 3614/3614/3614 3615/3615/3615 3663/3663/3663
f 3614/3614/3614 3663/3663/3663 3662/3662/3662
f 3615/3615/3615 3616/3616/3616 3664/3664/3664
f 3615/3615/3615 3664/3664/3664 3663/3663/3663
f 3616/3616/3616 3617/3617/3617 3665/3665/3665
f 3616/3616/3616 3665/3665/3665 3664/3664/3664
f 3617/3617/3617 3618/3618/3618 3666/3666/3666
f 3617/3617/3617 3666/3666/3666 3665/3665/3665
f 3618/3618/3618 3619/3619/3619 3667/3667/3667
f 3618/3618/3618 3667/3667/3667 3666/3666/3666
f 3619/3619/3619 3620/3620/3620 3668/3668/3668
f 3619/3619/3619 3668/3668/3668 3667/3667/3667
f 3620/3620/3620 3621/3621/3621 3669/3669/3669
f 3620/3620/3620 3669/3669/3669 3668/3668/3668
f 3621/3621/3621 3622/3622/3622 3670/3670/3670
f 3621/3621/3621 3670/3670/3670 3669/3669/3669
f 3622/3622/3622 3623/3623/3623 3671/3671/3671
f 3622/3622/3622 3671/3671/3671 3670/3670/3670
f 3623/3623/3623 3624/3624/3624 3672/3672/3672
f 3623/3623/3623 3672/3672/3672 3671/3671/3671
f 3624/3624/3624 3625/3625/3625 3673/3673/3673
f 3624/3624/3624 3673/3673/3673 3672/3672/3672
f 3625/3625/3625 3626/3626/3626 3674/3674/3674
f 3625/3625/3625 3674/3674/3674 3673/3673/3673
f 3626/3626/3626 3627/3627/3627 3675/3675/3675
f 3626/3626/3626 3675/3675/3675 3674/3674/3674
f 3627/3627/3627 3628/3628/3628 3676/3676/3676
f 3627/3627/3627 3676/3676/3676 3675/3675/3675
f 3628/3628/3628 3629/3629/3629 3677/3677/3677
f 3628/3628/3628 3677/3677/3677 3676/3676/3676
f 3629/3629/3629 3630/3630/3630 3678/3678/3678
f 3629/3629/3629 3678/3678/3678 3677/3677/3677
f 3630/3630/3630 3631/3631/3631 3679/3679/3679
f 3630/3630/3630 3679/3679/3679 3678/3678/3678
f 3631/3631/3631 3632/3632/3632 3680/3680/3680
f 3631/3631/3631 3680/3680/3680 3679/3679/3679
f 3632/3632/3632 3633/3633/3633 3681/3681/3681
f 3632/3632/3632 3681/3681/3681 3680/3680/3680
f 3633/3633/3633 3634/3634/3634 3682/3682/3682
f 3633/3633/3633 3682/3682/3682 3681/3681/3681
f 3634/3634/3634 3635/3635/3635 3683/3683/3683
f 3634/3634/3634 3683/3683/3683 3682/3682/3682
f 3635/3635/3635 3636/3636/3636 3684/3684/3684
f 3635/3635/3635 3684/3684/3684 3683/3683/3683
f 3636/3636/3636 3637/3637/3637 3685/3685/3685
f 3636/3636/3636 3685/3685/3685 3684/3684/3684
f 3637/3637/3637 3638/3638/3638 3686/3686/3686
f 3637/3637/3637 3686/3686/3686 3685/3685/3685
f 3638/3638/3638 3639/3639/3639 3687/3687/3687
f 3638/3638/3638 3687/3687/3687 3686/3686/3686
f 3639/3639/3639 3640/3640/3640 3688/3688/3688
f 3639/3639/3639 3688/3688/3688 3687/3687/3687
f 3640/3640/3640 3641/3641/3641 3689/3689/3689
f 3640/3640/3640 3689/3689/3689 3688/3688/3688
f 3641/3641/3641 3642/3642/3642 3690/3690/3690
f 3641/3641/3641 3690/3690/3690 3689/3689/3689
f 3642/3642/3642 3643/3643/3643 3691/3691/3691
f 3642/3642/3642 3691/3691/3691 3690/3690/3690
f 3643/3643/3643 3644/3644/3644 3692/3692/3692
f 3643/3643/3643 3692/3692/3692 3691/3691/3691
f 3644/3644/3644 3645/3645/3645 3693/3693/3693
f 3644/3644/3644 3693/3693/3693 3692/3692/3692
f 3645/3645/3645 3646/3646/3646 3694/3694/3694
f 3645/3645/3645 3694/3694/3694 3693/3693/3693
f 3646/3646/3646 3647/3647/3647 3695/3695/3695
f 3646/3646/3646 3695/3695/3695 3694/3694/3694
f 3647/3647/3647 3648/3648/3648 3696/3696/3696
f 3647/3647/3647 3696/3696/3696 3695/3695/3695
f 3648/3648/3648 3649/3649/3649 3697/3697/3697
f 3648/3648/3648 3697/3697/3697 3696/3696/3696
f 3649/3649/3649 3650/3650/3650 3698/3698/3698
f 3649/3649/3649 3698/3698/3698 3697/3697/3697
f 3650/3650/3650 3651/3651/3651 3699/3699/3699
f 3650/3650/3650 3699/3699/3699 3698/3698/3698
f 3651/3651/3651 3652/3652/3652 3700/3700/3700
f 3651/3651/3651 3700/3700/3700 3699/3699/3699
f 3652/3652/3652 3653/3653/3653 3701/3701/3701
f 3652/3652/3652 3701/3701/3701 3700/3700/3700
f 3653/3653/3653 3654/3654/3654 3702/3702/3702
f 3653/3653/3653 3702/3702/3702 3701/3701/3701
f 3654/3654/3654 3655/3655/3655 3703/3703/3703
f 3654/3654/3654 3703/3703/3703 3702/3702/3702
f 3655/3655/3655 3608/3608/3608 3656/3656/3656
f 3655/3655/3655 3656/3656/3656 3703/3703/3703
f 3656/3656/3656 3657/3657/3657 3705/3705/3705
f 3656/3656/3656 3705/3705/3705 3704/3704/3704
f 3657/3657/3657 3658/3658/3658 3706/3706/3706
f 3657/3657/3657 3706/3706/3706 3705/3705/3705
f 3658/3658/3658 3659/3659/3659 3707/3707/3707
f 3658/3658/3658 3707/3707/3707 3706/3706/3706
f 3659/3659/3659 3660/3660/3660 3708/3708/3708
f 3659/3659/3659 3708/3708/3708 3707/3707/3707
f 3660/3660/3660 3661/3661/3661 3709/3709/3709
f 3660/3660/3660 3709/3709/3709 3708/3708/3708
f 3661/3661/3661 3662/3662/3662 3710/3710/3710
f 3661/3661/3661 3710/3710/3710 3709/3709/3709
f 3662/3662/3662 3663/3663/3663 3711/3711/3711
f 3662/3662/3662 3711/3711/3711 3710/3710/3710
f 3663/3663/3663 3664/3664/3664 3712/3712/3712
f 3663/3663/3663 3712/3712/3712 3711/3711/3711
f 3664/3664/3664 3665/3665/3665 3713/3713/3713
f 3664/3664/3664 3713/3713/3713 3712/3712/3712
f 3665/3665/3665 3666/3666/3666 3714/3714/3714
f 3665/3665/3665 3714/3714/3714 3713/3713/3713
f 3666/3666/3666 3667/3667/3667 3715/3715/3715
f 3666/3666/3666 3715/3715/3715 3714/3714/3714
f 3667/3667/3667 3668/3668/3668 3716/3716/3716
f 3667/3667/3667 3716/3716/3716 3715/3715/3715
f 3668/3668/3668 3669/3669/3669 3717/3717/3717
f 3668/3668/3668 3717/3717/3717 3716/3716/3716
f 3669/3669/3669 3670/3670/3670 3718/3718/3718
f 3669/3669/3669 3718/3718/3718 3717/3717/3717
f 3670/3670/3670 3671/3671/3671 3719/3719/3719
f 3670/3670/3670 3719/3719/3719 3718/3718/3718
f 3671/3671/3671 3672/3672/3672 3720/3720/3720
f 3671/3671/3671 3720/3720/3720 3719/3719/3719
f 3672/3672/3672 3673/3673/3673 3721/3721/3721
f 3672/3672/3672 3721/3721/3721 3720/3720/3720
f 3673/3673/3673 3674/3674/3674 3722/3722/3722
f 3673/3673/3673 3722/3722/3722 3721/3721/3721
f 3674/3674/3674 3675/3675/3675 3723/3723/3723
f 3674/3674/3674 3723/3723/3723 3722/3722/3722
f 3675/3675/3675 3676/3676/3676 3724/3724/3724
f 3675/3675/3675 3724/3724/3724 3723/3723/3723
f 3676/3676/3676 3677/3677/3677 3725/3725/3725
f 3676/3676/3676 3725/3725/3725 3724/3724/3724
f 3677/3677/3677 3678/3678/3678 3726/3726/3726
f 3677/3677/3677 3726/3726/3726 3725/3725/3725
f 3678/3678/3678 3679/3679/3679 3727/3727/3727
f 3678/3678/3678 3727/3727/3727 3726/3726/3726
f 3679/3679/3679 3680/3680/3680 3728/3728/3728
f 3679/3679/3679 3728/3728/3728 3727/3727/3727
f 3680/3680/3680 3681/3681/3681 3729/3729/3729
f 3680/3680/3680 3729/3729/3729 3728/3728/3728
f 3681/3681/3681 3682/3682/3682 3730/3730/3730
f 3681/3681/3681 3730/3730/3730 3729/3729/3729
f 3682/3682/3682 3683/3683/3683 3731/3731/3731
f 3682/3682/3682 3731/3731/3731 3730/3730/3730
f 3683/3683/3683 3684/3684/3684 3732/3732/3732
f 3683/3683/3683 3732/3732/3732 3731/3731/3731
f 3684/3684/3684 3685/3685/3685 3733/3733/3733
f 3684/3684/3684 3733/3733/3733 3732/3732/3732
f 3685/3685/3685 3686/3686/3686 3734/3734/3734
f 3685/3685/3685 3734/3734/3734 3733/3733/3733
f 3686/3686/3686 3687/3687/3687 3735/3735/3735
f 3686/3686/3686 3735/3735/3735 3734/3734/3734
f 3687/3687/3687 3688/3688/3688 3736/3736/3736
f 3687/3687/3687 3736/3736/3736 3735/3735/3735
f 3688/3688/3688 3689/3689/3689 3737/3737/3737
f 3688/3688/3688 3737/3737/3737 3736/3736/3736
f 3689/3689/3689 3690/3690/3690 3738/3738/3738
f 3689/3689/3689 3738/3738/3738 3737/3737/3737
f 3690/3690/3690 3691/3691/3691 3739/3739/3739
f 3690/3690/3690 3739/3739/3739 3738/3738/3738
f 3691/3691/3691 3692/3692/3692 3740/3740/3740
f 3691/3691/3691 3740/3740/3740 3739/3739/3739
f 3692/3692/3692 3693/3693/3693 3741/3741/3741
f 3692/3692/3692 3741/3741/3741 3740/3740/3740
f 3693/3693/3693 3694/3694/3694 3742/3742/3742
f 3693/3693/3693 3742/3742/3742 3741/3741/3741
f 3694/3694/3694 3695/3695/3695 3743/3743/3743
f 3694/3694/3694 3743/3743/3743 3742/3742/3742
f 3695/3695/3695 3696/3696/3696 3744/3744/3744
f 3695/3695/3695 3744/3744/3744 3743/3743/3743
f 3696/3696/3696 3697/3697/3697 3745/3745/3745
f 3696/3696/3696 3745/3745/3745 3744/3744/3744
f 3697/3697/3697 3698/3698/3698 3746/3746/3746
f 3697/3697/3697 3746/3746/3746 3745/3745/3745
f 3698/3698/3698 3699/3699/3699 3747/3747/3747
f 3698/3698/3698 3747/3747/3747 3746/3746/3746
f 3699/3699/3699 3700/3700/3700 3748/3748/3748
f 3699/3699/3699 3748/3748/3748 3747/3747/3747
f 3700/3700/3700 3701/3701/3701 3749/3749/3749
f 3700/3700/3700 3749/3749/3749 3748/3748/3748
f 3701/3701/3701 3702/3702/3702 3750/3750/3750
f 3701/3701/3701 3750/3750/3750 3749/3749/3749
f 3702/3702/3702 3703/3703/3703 3751/3751/3751
f 3702/3702/3702 3751/3751/3751 3750/3750/3750
f 3703/3703/3703 3656/3656/3656 3704/3704/3704
f 3703/3703/3703 3704/3704/3704 3751/3751/3751
f 3704/3704/3704 3705/3705/3705 3753/3753/3753
f 3704/3704/3704 3753/3753/3753 3752/3752/3752
f 3705/3705/3705 3706/3706/3706 3754/3754/3754
f 3705/3705/3705 3754/3754/3754 3753/3753/3753
f 3706/3706/3706 3707/3707/3707 3755/3755/3755
f 3706/3706/3706 3755/3755/3755 3754/3754/3754
f 3707/3707/3707 3708/3708/3708 3756/3756/3756
f 3707/3707/3707 3756/3756/3756 3755/3755/3755
f 3708/3708/3708 3709/3709/3709 3757/3757/3757
f 3708/3708/3708 3757/3757/3757 3756/3756/3756
f 3709/3709/3709 3710/3710/3710 3758/3758/3758
f 3709/3709/3709 3758/3758/3758 3757/3757/3757
f 3710/3710/3710 3711/3711/3711 3759/3759/3759
f 3710/3710/3710 3759/3759/3759 3758/3758/3758
f 3711/3711/3711 3712/3712/3712 3760/3760/3760
f 3711/3711/3711 3760/3760/3760 3759/3759/3759
f 3712/3712/3712 3713/3713/3713 3761/3761/3761
f 3712/3712/3712 3761/3761/3761 3760/3760/3760
f 3713/3713/3713 3714/3714/3714 3762/3762/3762
f 3713/3713/3713 3762/3762/3762 3761/3761/3761
f 3714/3714/3714 3715/3715/3715 3763/3763/3763
f 3714/3714/3714 3763/3763/3763 3762/3762/3762
f 3715/3715/3715 3716/3716/3716 3764/3764/3764
f 3715/3715/3715 3764/3764/3764 3763/3763/3763
f 3716/3716/3716 3717/3717/3717 3765/3765/3765
f 3716/3716/3716 3765/3765/3765 3764/3764/3764
f 3717/3717/3717 3718/3718/3718 3766/3766/3766
f 3717/3717/3717 3766/3766/3766 3765/3765/3765
f 3718/3718/3718 3719/3719/3719 3767/3767/3767
f 3718/3718/3718 3767/3767/3767 3766/3766/3766
f 3719/3719/3719 3720/3720/3720 3768/3768/3768
f 3719/3719/3719 3768/3768/3768 3767/3767/3767
f 3720/3720/3720 3721/3721/3721 3769/3769/3769
f 3720/3720/3720 3769/3769/3769 3768/3768/3768
f 3721/3721/3721 3722/3722/3722 3770/3770/3770
f 3721/3721/3721 3770/3770/3770 3769/3769/3769
f 3722/3722/3722 3723/3723/3723 3771/3771/3771
f 3722/3722/3722 3771/3771/3771 3770/3770/3770
f 3723/3723/3723 3724/3724/3724 3772/3772/3772
f 3723/3723/3723 3772/3772/3772 3771/3771/3771
f 3724/3724/3724 3725/3725/3725 3773/3773/3773
f 3724/3724/3724 3773/3773/3773 3772/3772/3772
f 3725/3725/3725 3726/3726/3726 3774/3774/3774
f 3725/3725/3725 3774/3774/3774 3773/3773/3773
f 3726/3726/3726 3727/3727/3727 3775/3775/3775
f 3726/3726/3726 3775/3775/3775 3774/3774/3774
f 3727/3727/3727 3728/3728/3728 3776/3776/3776
f 3727/3727/3727 3776/3776/3776 3775/3775/3775
f 3728/3728/3728 3729/3729/3729 3777/3777/3777
f 3728/3728/3728 3777/3777/3777 3776/3776/3776
f 3729/3729/3729 3730/3730/3730 3778/3778/3778
f 3729/3729/3729 3778/3778/3778 3777/3777/3777
f 3730/3730/3730 3731/3731/3731 3779/3779/3779
f 3730/3730/3730 3779/3779/3779 3778/3778/3778
f 3731/3731/3731 3732/3732/3732 3780/3780/3780
f 3731/3731/3731 3780/3780/3780 3779/3779/3779
f 3732/3732/3732 3733/3733/3733 3781/3781/3781
f 3732/3732/3732 3781/3781/3781 3780/3780/3780
f 3733/3733/3733 3734/3734/3734 3782/3782/3782
f 3733/3733/3733 3782/3782/3782 3781/3781/3781
f 3734/3734/3734 3735/3735/3735 3783/3783/3783
f 3734/3734/3734 3783/3783/3783 3782/3782/3782
f 3735/3735/3735 3736/3736/3736 3784/3784/3784
f 3735/3735/3735 3784/3784/3784 3783/3783/3783
f 3736/3736/3736 3737/3737/3737 3785/3785/3785
f 3736/3736/3736 3785/3785/3785 3784/3784/3784
f 3737/3737/3737 3738/3738/3738 3786/3786/3786
f 3737/3737/3737 3786/3786/3786 3785/3785/3785
f 3738/3738/3738 3739/3739/3739 3787/3787/3787
f 3738/3738/3738 3787/3787/3787 3786/3786/3786
f 3739/3739/3739 3740/3740/3740 3788/3788/3788
f 3739/3739/3739 3788/3788/3788 3787/3787/3787
f 3740/3740/3740 3741/3741/3741 3789/3789/3789
f 3740/3740/3740 3789/3789/3789 3788/3788/3788
f 3741/3741/3741 3742/3742/3742 3790/3790/3790
f 3741/3741/3741 3790/3790/3790 3789/3789/3789
f 3742/3742/3742 3743/3743/3743 3791/3791/3791
f 3742/3742/3742 3791/3791/3791 3790/3790/3790
f 3743/3743/3743 3744/3744/3744 3792/3792/3792
f 3743/3743/3743 3792/3792/3792 3791/3791/3791
f 3744/3744/3744 3745/3745/3745 3793/3793/3793
f 3744/3744/3744 3793/3793/3793 3792/3792/3792
f 3745/3745/3745 3746/3746/3746 3794/3794/3794
f 3745/3745/3745 3794/3794/3794 3793/3793/3793
f 3746/3746/3746 3747/3747/3747 3795/3795/3795
f 3746/3746/3746 3795/3795/3795 3794/3794/3794
f 3747/3747/3747 3748/3748/3748 3796/3796/3796
f 3747/3747/3747 3796/3796/3796 3795/3795/3795
f 3748/3748/3748 3749/3749/3749 3797/3797/3797
f 3748/3748/3748 3797/3797/3797 3796/3796/3796
f 3749/3749/3749 3750/3750/3750 3798/3798/3798
f 3749/3749/3749 3798/3798/3798 3797/3797/3797
f 3750/3750/3750 3751/3751/3751 3799/3799/3799
f 3750/3750/3750 3799/3799/3799 3798/3798/3798
f 3751/3751/3751 3704/3704/3704 3752/3752/3752
f 3751/3751/3751 3752/3752/3752 3799/3799/3799
f 3752/3752/3752 3753/3753/3753 3801/3801/3801
f 3752/3752/3752 3801/3801/3801 3800/3800/3800
f 3753/3753/3753 3754/3754/3754 3802/3802/3802
f 3753/3753/3753 3802/3802/3802 3801/3801/3801
f 3754/3754/3754 3755/3755/3755 3803/3803/3803
f 3754/3754/3754 3803/3803/3803 3802/3802/3802
f 3755/3755/3755 3756/3756/3756 3804/3804/3804
f 3755/3755/3755 3804/3804/3804 3803/3803/3803
f 3756/3756/3756 3757/3757/3757 3805/3805/3805
f 3756/3756/3756 3805/3805/3805 3804/3804/3804
f 3757/3757/3757 3758/3758/3758 3806/3806/3806
f 3757/3757/3757 3806/3806/3806 3805/3805/3805
f 3758/3758/3758 3759/3759/3759 3807/3807/3807
f 3758/3758/3758 3807/3807/3807 3806/3806/3806
f 3759/3759/3759 3760/3760/3760 3808/3808/3808
f 3759/3759/3759 3808/3808/3808 3807/3807/3807
f 3760/3760/3760 3761/3761/3761 3809/3809/3809
f 3760/3760/3760 3809/3809/3809 3808/3808/3808
f 3761/3761/3761 3762/3762/3762 3810/3810/3810
f 3761/3761/3761 3810/3810/3810 3809/3809/3809
f 3762/3762/3762 3763/3763/3763 3811/3811/3811
f 3762/3762/3762 3811/3811/3811 3810/3810/3810
f 3763/3763/3763 3764/3764/3764 3812/3812/3812
f 3763/3763/3763 3812/3812/3812 3811/3811/3811
f 3764/3764/3764 3765/3765/3765 3813/3813/3813
f 3764/3764/3764 3813/3813/3813 3812/3812/3812
f 3765/3765/3765 3766/3766/3766 3814/3814/3814
f 3765/3765/3765 3814/3814/3814 3813/3813/3813
f 3766/3766/3766 3767/3767/3767 3815/3815/3815
f 3766/3766/3766 3815/3815/3815 3814/3814/3814
f 3767/3767/3767 3768/3768/3768 3816/3816/3816
f 3767/3767/3767 3816/3816/3816 3815/3815/3815
f 3768/3768/3768 3769/3769/3769 3817/3817/3817
f 3768/3768/3768 3817/3817/3817 3816/3816/3816
f 3769/3769/3769 3770/3770/3770 3818/3818/3818
f 3769/3769/3769 3818/3818/3818 3817/3817/3817
f 3770/3770/3770 3771/3771/3771 3819/3819/3819
f 3770/3770/3770 3819/3819/3819 3818/3818/3818
f 3771/3771/3771 3772/3772/3772 3820/3820/3820
f 3771/3771/3771 3820/3820/3820 3819/3819/3819
f 3772/3772/3772 3773/3773/3773 3821/3821/3821
f 3772/3772/3772 3821/3821/3821 3820/3820/3820
f 3773/3773/3773 3774/3774/3774 3822/3822/3822
f 3773/3773/3773 3822/3822/3822 3821/3821/3821
f 3774/3774/3774 3775/3775/3775 3823/3823/3823
f 3774/3774/3774 3823/3823/3823 3822/3822/3822
f 3775/3775/3775 3776/3776/3776 3824/3824/3824
f 3775/3775/3775 3824/3824/3824 3823/3823/3823
f 3776/3776/3776 3777/3777/3777 3825/3825/3825
f 3776/3776/3776 3825/3825/3825 3824/3824/3824
f 3777/3777/3777 3778/3778/3778 3826/3826/3826
f 3777/3777/3777 3826/3826/3826 3825/3825/3825
f 3778/3778/3778 3779/3779/3779 3827/3827/3827
f 3778/3778/3778 3827/3827/3827 3826/3826/3826
f 3779/3779/3779 3780/3780/3780 3828/3828/3828
f 3779/3779/3779 3828/3828/3828 3827/3827/3827
f 3780/3780/3780 3781/3781/3781 3829/3829/3829
f 3780/3780/3780 3829/3829/3829 3828/3828/3828
f 3781/3781/3781 3782/3782/3782 3830/3830/3830
f 3781/3781/3781 3830/3830/3830 3829/3829/3829
f 3782/3782/3782 3783/3783/3783 3831/3831/3831
f 3782/3782/3782 3831/3831/3831 3830/3830/3830
f 3783/3783/3783 3784/3784/3784 3832/3832/3832
f 3783/3783/3783 3832/3832/3832 3831/3831/3831
f 3784/3784/3784 3785/3785/3785 3833/3833/3833
f 3784/3784/3784 3833/3833/3833 3832/3832/3832
f 3785/3785/3785 3786/3786/3786 3834/3834/3834
f 3785/3785/3785 3834/3834/3834 3833/3833/3833
f 3786/3786/3786 3787/3787/3787 3835/3835/3835
f 3786/3786/3786 3835/3835/3835 3834/3834/3834
f 3787/3787/3787 3788/3788/3788 3836/3836/3836
f 3787/3787/3787 3836/3836/3836 3835/3835/3835
f 3788/3788/3788 3789/3789/3789 3837/3837/3837
f 3788/3788/3788 3837/3837/3837 3836/3836/3836
f 3789/3789/3789 3790/3790/3790 3838/3838/3838
f 3789/3789/3789 3838/3838/3838 3837/3837/3837
f 3790/3790/3790 3791/3791/3791 3839/3839/3839
f 3790/3790/3790 3839/3839/3839 3838/3838/3838
f 3791/3791/3791 3792/3792/3792 3840/3840/3840
f 3791/3791/3791 3840/3840/3840 3839/3839/3839
f 3792/3792/3792 3793/3793/3793 3841/3841/3841
f 3792/3792/3792 3841/3841/3841 3840/3840/3840
f 3793/3793/3793 3794/3794/3794 3842/3842/3842
f 3793/3793/3793 3842/3842/3842 3841/3841/3841
f 3794/3794/3794 3795/3795/3795 3843/3843/3843
f 3794/3794/3794 3843/3843/3843 3842/3842/3842
f 3795/3795/3795 3796/3796/3796 3844/3844/3844
f 3795/3795/3795 3844/3844/3844 3843/3843/3843
f 3796/3796/3796 3797/3797/3797 3845/3845/3845
f 3796/3796/3796 3845/3845/3845 3844/3844/3844
f 3797/3797/3797 3798/3798/3798 3846/3846/3846
f 3797/3797/3797 3846/3846/3846 3845/3845/3845
f 3798/3798/3798 3799/3799/3799 3847/3847/3847
f 3798/3798/3798 3847/3847/3847 3846/3846/3846
f 3799/3799/3799 3752/3752/3752 3800/3800/3800
f 3799/3799/3799 3800/3800/3800 3847/3847/3847
f 3800/3800/3800 3801/3801/3801 3849/3849/3849
f 3800/3800/3800 3849/3849/3849 3848/3848/3848
f 3801/3801/3801 3802/3802/3802 3850/3850/3850
f 3801/3801/3801 3850/3850/3850 3849/3849/3849
f 3802/3802/3802 3803/3803/3803 3851/3851/3851
f 3802/3802/3802 3851/3851/3851 3850/3850/3850
f 3803/3803/3803 3804/3804/3804 3852/3852/3852
f 3803/3803/3803 3852/3852/3852 3851/3851/3851
f 3804/3804/3804 3805/3805/3805 3853/3853/3853
f 3804/3804/3804 3853/3853/3853 3852/3852/3852
f 3805/3805/3805 3806/3806/3806 3854/3854/3854
f 3805/3805/3805 3854/3854/3854 3853/3853/3853
f 3806/3806/3806 3807/3807/3807 3855/3855/3855
f 3806/3806/3806 3855/3855/3855 3854/3854/3854
f 3807/3807/3807 3808/3808/3808 3856/3856/3856
f 3807/3807/3807 3856/3856/3856 3855/3855/3855
f 3808/3808/3808 3809/3809/3809 3857/3857/3857
f 3808/3808/3808 3857/3857/3857 3856/3856/3856
f 3809/3809/3809 3810/3810/3810 3858/3858/3858
f 3809/3809/3809 3858/3858/3858 3857/3857/3857
f 3810/3810/3810 3811/3811/3811 3859/3859/3859
f 3810/3810/3810 3859/3859/3859 3858/3858/3858
f 3811/3811/3811 3812/3812/3812 3860/3860/3860
f 3811/3811/3811 3860/3860/3860 3859/3859/3859
f 3812/3812/3812 3813/3813/3813 3861/3861/3861
f 3812/3812/3812 3861/3861/3861 3860/3860/3860
f 3813/3813/3813 3814/3814/3814 3862/3862/3862
f 3813/3813/3813 3862/3862/3862 3861/3861/3861
f 3814/3814/3814 3815/3815/3815 3863/3863/3863
f 3814/3814/3814 3863/3863/3863 3862/3862/3862
f 3815/3815/3815 3816/3816/3816 3864/3864/3864
f 3815/3815/3815 3864/3864/3864 3863/3863/3863
f 3816/3816/3816 3817/3817/3817 3865/3865/3865
f 3816/3816/3816 3865/3865/3865 3864/3864/3864
f 3817/3817/3817 3818/3818/3818 3866/3866/3866
f 3817/3817/3817 3866/3866/3866 3865/3865/3865
f 3818/3818/3818 3819/3819/3819 3867/3867/3867
f 3818/3818/3818 3867/3867/3867 3866/3866/3866
f 3819/3819/3819 3820/3820/3820 3868/3868/3868
f 3819/3819/3819 3868/3868/3868 3867/3867/3867
f 3820/3820/3820 3821/3821/3821 3869/3869/3869
f 3820/3820/3820 3869/3869/3869 3868/3868/3868
f 3821/3821/3821 3822/3822/3822 3870/3870/3870
f 3821/3821/3821 3870/3870/3870 3869/3869/3869
f 3822/3822/3822 3823/3823/3823 3871/3871/3871
f 3822/3822/3822 3871/3871/3871 3870/3870/3870
f 3823/3823/3823 3824/3824/3824 3872/3872/3872
f 3823/3823/3823 3872/3872/3872 3871/3871/3871
f 3824/3824/3824 3825/3825/3825 3873/3873/3873
f 3824/3824/3824 3873/3873/3873 3872/3872/3872
f 3825/3825/3825 3826/3826/3826 3874/3874/3874
f 3825/3825/3825 3874/3874/3874 3873/3873/3873
f 3826/3826/3826 3827/3827/3827 3875/3875/3875
f 3826/3826/3826 3875/3875/3875 3874/3874/3874
f 3827/3827/3827 3828/3828/3828 3876/3876/3876
f 3827/3827/3827 3876/3876/3876 3875/3875/3875
f 3828/3828/3828 3829/3829/3829 3877/3877/3877
f 3828/3828/3828 3877/3877/3877 3876/3876/3876
f 3829/3829/3829 3830/3830/3830 3878/3878/3878
f 3829/3829/3829 3878/3878/3878 3877/3877/3877
f 3830/3830/3830 3831/3831/3831 3879/3879/3879
f 3830/3830/3830 3879/3879/3879 3878/3878/3878
f 3831/3831/3831 3832/3832/3832 3880/3880/3880
f 3831/3831/3831 3880/3880/3880 3879/3879/3879
f 3832/3832/3832 3833/3833/3833 3881/3881/3881
f 3832/3832/3832 3881/3881/3881 3880/3880/3880
f 3833/3833/3833 3834/3834/3834 3882/3882/3882
f 3833/3833/3833 3882/3882/3882 3881/3881/3881
f 3834/3834/3834 3835/3835/3835 3883/3883/3883
f 3834/3834/3834 3883/3883/3883 3882/3882/3882
f 3835/3835/3835 3836/3836/3836 3884/3884/3884
f 3835/3835/3835 3884/3884/3884 3883/3883/3883
f 3836/3836/3836 3837/3837/3837 3885/3885/3885
f 3836/3836/3836 3885/3885/3885 3884/3884/3884
f 3837/3837/3837 3838/3838/3838 3886/3886/3886
f 3837/3837/3837 3886/3886/3886 3885/3885/3885
f 3838/3838/3838 3839/3839/3839 3887/3887/3887
f 3838/3838/3838 3887/3887/3887 3886/3886/3886
f 3839/3839/3839 3840/3840/3840 3888/3888/3888
f 3839/3839/3839 3888/3888/3888 3887/3887/3887
f 3840/3840/3840 3841/3841/3841 3889/3889/3889
f 3840/3840/3840 3889/3889/3889 3888/3888/3888
f 3841/3841/3841 3842/3842/3842 3890/3890/3890
f 3841/3841/3841 3890/3890/3890 3889/3889/3889
f 3842/3842/3842 3843/3843/3843 3891/3891/3891
f 3842/3842/3842 3891/3891/3891 3890/3890/3890
f 3843/3843/3843 3844/3844/3844 3892/3892/3892
f 3843/3843/3843 3892/3892/3892 3891/3891/3891
f 3844/3844/3844 3845/3845/3845 3893/3893/3893
f 3844/3844/3844 3893/3893/3893 3892/3892/3892
f 3845/3845/3845 3846/3846/3846 3894/3894/3894
f 3845/3845/3845 3894/3894/3894 3893/3893/3893
f 3846/3846/3846 3847/3847/3847 3895/3895/3895
f 3846/3846/3846 3895/3895/3895 3894/3894/3894
f 3847/3847/3847 3800/3800/3800 3848/3848/3848
f 3847/3847/3847 3848/3848/3848 3895/3895/3895
f 3848/3848/3848 3849/3849/3849 3897/3897/3897
f 3848/3848/3848 3897/3897/3897 3896/3896/3896
f 3849/3849/3849 3850/3850/3850 3898/3898/3898
f 3849/3849/3849 3898/3898/3898 3897/3897/3897
f 3850/3850/3850 3851/3851/3851 3899/3899/3899
f 3850/3850/3850 3899/3899/3899 3898/3898/3898
f 3851/3851/3851 3852/3852/3852 3900/3900/3900
f 3851/3851/3851 3900/3900/3900 3899/3899/3899
f 3852/3852/3852 3853/3853/3853 3901/3901/3901
f 3852/3852/3852 3901/3901/3901 3900/3900/3900
f 3853/3853/3853 3854/3854/3854 3902/3902/3902
f 3853/3853/3853 3902/3902/3902 3901/3901/3901
f 3854/3854/3854 3855/3855/3855 3903/3903/3903
f 3854/3854/3854 3903/3903/3903 3902/3902/3902
f 3855/3855/3855 3856/3856/3856 3904/3904/3904
f 3855/3855/3855 3904/3904/3904 3903/3903/3903
f 3856/3856/3856 3857/3857/3857 3905/3905/3905
f 3856/3856/3856 3905/3905/3905 3904/3904/3904
f 3857/3857/3857 3858/3858/3858 3906/3906/3906
f 3857/3857/3857 3906/3906/3906 3905/3905/3905
f 3858/3858/3858 3859/3859/3859 3907/3907/3907
f 3858/3858/3858 3907/3907/3907 3906/3906/3906
f 3859/3859/3859 3860/3860/3860 3908/3908/3908
f 3859/3859/3859 3908/3908/3908 3907/3907/3907
f 3860/3860/3860 3861/3861/3861 3909/3909/3909
f 3860/3860/3860 3909/3909/3909 3908/3908/3908
f 3861/3861/3861 3862/3862/3862 3910/3910/3910
f 3861/3861/3861 3910/3910/3910 3909/3909/3909
f 3862/3862/3862 3863/3863/3863 3911/3911/3911
f 3862/3862/3862 3911/3911/3911 3910/3910/3910
f 3863/3863/3863 3864/3864/3864 3912/3912/3912
f 3863/3863/3863 3912/3912/3912 3911/3911/3911
f 3864/3864/3864 3865/3865/3865 3913/3913/3913
f 3864/3864/3864 3913/3913/3913 3912/3912/3912
f 3865/3865/3865 3866/3866/3866 3914/3914/3914
f 3865/3865/3865 3914/3914/3914 3913/3913/3913
f 3866/3866/3866 3867/3867/3867 3915/3915/3915
f 3866/3866/3866 3915/3915/3915 3914/3914/3914
f 3867/3867/3867 3868/3868/3868 3916/3916/3916
f 3867/3867/3867 3916/3916/3916 3915/3915/3915
f 3868/3868/3868 3869/3869/3869 3917/3917/3917
f 3868/3868/3868 3917/3917/3917 3916/3916/3916
f 3869/3869/3869 3870/3870/3870 3918/3918/3918
f 3869/3869/3869 3918/3918/3918 3917/3917/3917
f 3870/3870/3870 3871/3871/3871 3919/3919/3919
f 3870/3870/3870 3919/3919/3919 3918/3918/3918
f 3871/3871/3871 3872/3872/3872 3920/3920/3920
f 3871/3871/3871 3920/3920/3920 3919/3919/3919
f 3872/3872/3872 3873/3873/3873 3921/3921/3921
f 3872/3872/3872 3921/3921/3921 3920/3920/3920
f 3873/3873/3873 3874/3874/3874 3922/3922/3922
f 3873/3873/3873 3922/3922/3922 3921/3921/3921
f 3874/3874/3874 3875/3875/3875 3923/3923/3923
f 3874/3874/3874 3923/3923/3923 3922/3922/3922
f 3875/3875/3875 3876/3876/3876 3924/3924/3924
f 3875/3875/3875 3924/3924/3924 3923/3923/3923
f 3876/3876/3876 3877/3877/3877 3925/3925/3925
f 3876/3876/3876 3925/3925/3925 3924/3924/3924
f 3877/3877/3877 3878/3878/3878 3926/3926/3926
f 3877/3877/3877 3926/3926/3926 3925/3925/3925
f 3878/3878/3878 3879/3879/3879 3927/3927/3927
f 3878/3878/3878 3927/3927/3927 3926/3926/3926
f 3879/3879/3879 3880/3880/3880 3928/3928/3928
f 3879/3879/3879 3928/3928/3928 3927/3927/3927
f 3880/3880/3880 3881/3881/3881 3929/3929/3929
f 3880/3880/3880 3929/3929/3929 3928/3928/3928
f 3881/3881/3881 3882/3882/3882 3930/3930/3930
f 3881/3881/3881 3930/3930/3930 3929/3929/3929
f 3882/3882/3882 3883/3883/3883 3931/3931/3931
f 3882/3882/3882 3931/3931/3931 3930/3930/3930
f 3883/3883/3883 3884/3884/3884 3932/3932/3932
f 3883/3883/3883 3932/3932/3932 3931/3931/3931
f 3884/3884/3884 3885/3885/3885 3933/3933/3933
f 3884/3884/3884 3933/3933/3933 3932/3932/3932
f 3885/3885/3885 3886/3886/3886 3934/3934/3934
f 3885/3885/3885 3934/3934/3934 3933/3933/3933
f 3886/3886/3886 3887/3887/3887 3935/3935/3935
f 3886/3886/3886 3935/3935/3935 3934/3934/3934
f 3887/3887/3887 3888/3888/3888 3936/3936/3936
f 3887/3887/3887 3936/3936/3936 3935/3935/3935
f 3888/3888/3888 3889/3889/3889 3937/3937/3937
f 3888/3888/3888 3937/3937/3937 3936/3936/3936
f 3889/3889/3889 3890/3890/3890 3938/3938/3938
f 3889/3889/3889 3938/3938/3938 3937/3937/3937
f 3890/3890/3890 3891/3891/3891 3939/3939/3939
f 3890/3890/3890 3939/3939/3939 3938/3938/3938
f 3891/3891/3891 3892/3892/3892 3940/3940/3940
f 3891/3891/3891 3940/3940/3940 3939/3939/3939
f 3892/3892/3892 3893/3893/3893 3941/3941/3941
f 3892/3892/3892 3941/3941/3941 3940/3940/3940
f 3893/3893/3893 3894/3894/3894 3942/3942/3942
f 3893/3893/3893 3942/3942/3942 3941/3941/3941
f 3894/3894/3894 3895/3895/3895 3943/3943/3943
f 3894/3894/3894 3943/3943/3943 3942/3942/3942
f 3895/3895/3895 3848/3848/3848 3896/3896/3896
f 3895/3895/3895 3896/3896/3896 3943/3943/3943
f 3896/3896/3896 3897/3897/3897 3945/3945/3945
f 3896/3896/3896 3945/3945/3945 3944/3944/3944
f 3897/3897/3897 3898/3898/3898 3946/3946/3946
f 3897/3897/3897 3946/3946/3946 3945/3945/3945
f 3898/3898/3898 3899/3899/3899 3947/3947/3947
f 3898/3898/3898 3947/3947/3947 3946/3946/3946
f 3899/3899/3899 3900/3900/3900 3948/3948/3948
f 3899/3899/3899 3948/3948/3948 3947/3947/3947
f 3900/3900/3900 3901/3901/3901 3949/3949/3949
f 3900/3900/3900 3949/3949/3949 3948/3948/3948
f 3901/3901/3901 3902/3902/3902 3950/3950/3950
f 3901/3901/3901 3950/3950/3950 3949/3949/3949
f 3902/3902/3902 3903/3903/3903 3951/3951/3951
f 3902/3902/3902 3951/3951/3951 3950/3950/3950
f 3903/3903/3903 3904/3904/3904 3952/3952/3952
f 3903/3903/3903 3952/3952/3952 3951/3951/3951
f 3904/3904/3904 3905/3905/3905 3953/3953/3953
f 3904/3904/3904 3953/3953/3953 3952/3952/3952
f 3905/3905/3905 3906/3906/3906 3954/3954/3954
f 3905/3905/3905 3954/3954/3954 3953/3953/3953
f 3906/3906/3906 3907/3907/3907 3955/3955/3955
f 3906/3906/3906 3955/3955/3955 3954/3954/3954
f 3907/3907/3907 3908/3908/3908 3956/3956/3956
f 3907/3907/3907 3956/3956/3956 3955/3955/3955
f 3908/3908/3908 3909/3909/3909 3957/3957/3957
f 3908/3908/3908 3957/3957/3957 3956/3956/3956
f 3909/3909/3909 3910/3910/3910 3958/3958/3958
f 3909/3909/3909 3958/3958/3958 3957/3957/3957
f 3910/3910/3910 3911/3911/3911 3959/3959/3959
f 3910/3910/3910 3959/3959/3959 3958/3958/3958
f 3911/3911/3911 3912/3912/3912 3960/3960/3960
f 3911/3911/3911 3960/3960/3960 3959/3959/3959
f 3912/3912/3912 3913/3913/3913 3961/3961/3961
f 3912/3912/3912 3961/3961/3961 3960/3960/3960
f 3913/3913/3913 3914/3914/3914 3962/3962/3962
f 3913/3913/3913 3962/3962/3962 3961/3961/3961
f 3914/3914/3914 3915/3915/3915 3963/3963/3963
f 3914/3914/3914 3963/3963/3963 3962/3962/3962
f 3915/3915/3915 3916/3916/3916 3964/3964/3964
f 3915/3915/3915 3964/3964/3964 3963/3963/3963
f 3916/3916/3916 3917/3917/3917 3965/3965/3965
f 3916/3916/3916 3965/3965/3965 3964/3964/3964
f 3917/3917/3917 3918/3918/3918 3966/3966/3966
f 3917/3917/3917 3966/3966/3966 3965/3965/3965
f 3918/3918/3918 3919/3919/3919 3967/3967/3967
f 3918/3918/3918 3967/3967/3967 3966/3966/3966
f 3919/3919/3919 3920/3920/3920 3968/3968/3968
f 3919/3919/3919 3968/3968/3968 3967/3967/3967
f 3920/3920/3920 3921/3921/3921 3969/3969/3969
f 3920/3920/3920 3969/3969/3969 3968/3968/3968
f 3921/3921/3921 3922/3922/3922 3970/3970/3970
f 3921/3921/3921 3970/3970/3970 3969/3969/3969
f 3922/3922/3922 3923/3923/3923 3971/3971/3971
f 3922/3922/3922 3971/3971/3971 3970/3970/3970
f 3923/3923/3923 3924/3924/3924 3972/3972/3972
f 3923/3923/3923 3972/3972/3972 3971/3971/3971
f 3924/3924/3924 3925/3925/3925 3973/3973/3973
f 3924/3924/3924 3973/3973/3973 3972/3972/3972
f 3925/3925/3925 3926/3926/3926 3974/3974/3974
f 3925/3925/3925 3974/3974/3974 3973/3973/3973
f 3926/3926/3926 3927/3927/3927 3975/3975/3975
f 3926/3926/3926 3975/3975/3975 3974/3974/3974
f 3927/3927/3927 3928/3928/3928 3976/3976/3976
f 3927/3927/3927 3976/3976/3976 3975/3975/3975
f 3928/3928/3928 3929/3929/3929 3977/3977/3977
f 3928/3928/3928 3977/3977/3977 3976/3976/3976
f 3929/3929/3929 3930/3930/3930 3978/3978/3978
f 3929/3929/3929 3978/3978/3978 3977/3977/3977
f 3930/3930/3930 3931/3931/3931 3979/3979/3979
f 3930/3930/3930 3979/3979/3979 3978/3978/3978
f 3931/3931/3931 3932/3932/3932 3980/3980/3980
f 3931/3931/3931 3980/3980/3980 3979/3979/3979
f 3932/3932/3932 3933/3933/3933 3981/3981/3981
f 3932/3932/3932 3981/3981/3981 3980/3980/3980
f 3933/3933/3933 3934/3934/3934 3982/3982/3982
f 3933/3933/3933 3982/3982/3982 3981/3981/3981
f 3934/3934/3934 3935/3935/3935 3983/3983/3983
f 3934/3934/3934 3983/3983/3983 3982/3982/3982
f 3935/3935/3935 3936/3936/3936 3984/3984/3984
f 3935/3935/3935 3984/3984/3984 3983/3983/3983
f 3936/3936/3936 3937/3937/3937 3985/3985/3985
f 3936/3936/3936 3985/3985/3985 3984/3984/3984
f 3937/3937/3937 3938/3938/3938 3986/3986/3986
f 3937/3937/3937 3986/3986/3986 3985/3985/3985
f 3938/3938/3938 3939/3939/3939 3987/3987/3987
f 3938/3938/3938 3987/3987/3987 3986/3986/3986
f 3939/3939/3939 3940/3940/3940 3988/3988/3988
f 3939/3939/3939 3988/3988/3988 3987/3987/3987
f 3940/3940/3940 3941/3941/3941 3989/3989/3989
f 3940/3940/3940 3989/3989/3989 3988/3988/3988
f 3941/3941/3941 3942/3942/3942 3990/3990/3990
f 3941/3941/3941 3990/3990/3990 3989/3989/3989
f 3942/3942/3942 3943/3943/3943 3991/3991/3991
f 3942/3942/3942 3991/3991/3991 3990/3990/3990
f 3943/3943/3943 3896/3896/3896 3944/3944/3944
f 3943/3943/3943 3944/3944/3944 3991/3991/3991
f 3944/3944/3944 3945/3945/3945 3993/3993/3993
f 3944/3944/3944 3993/3993/3993 3992/3992/3992
f 3945/3945/3945 3946/3946/3946 3994/3994/3994
f 3945/3945/3945 3994/3994/3994 3993/3993/3993
f 3946/3946/3946 3947/3947/3947 3995/3995/3995
f 3946/3946/3946 3995/3995/3995 3994/3994/3994
f 3947/3947/3947 3948/3948/3948 3996/3996/3996
f 3947/3947/3947 3996/3996/3996 3995/3995/3995
f 3948/3948/3948 3949/3949/3949 3997/3997/3997
f 3948/3948/3948 3997/3997/3997 3996/3996/3996
f 3949/3949/3949 3950/3950/3950 3998/3998/3998
f 3949/3949/3949 3998/3998/3998 3997/3997/3997
f 3950/3950/3950 3951/3951/3951 3999/3999/3999
f 3950/3950/3950 3999/3999/3999 3998/3998/3998
f 3951/3951/3951 3952/3952/3952 4000/4000/4000
f 3951/3951/3951 4000/4000/4000 3999/3999/3999
f 3952/3952/3952 3953/3953/3953 4001/4001/4001
f 3952/3952/3952 4001/4001/4001 4000/4000/4000
f 3953/3953/3953 3954/3954/3954 4002/4002/4002
f 3953/3953/3953 4002/4002/4002 4001/4001/4001
f 3954/3954/3954 3955/3955/3955 4003/4003/4003
f 3954/3954/3954 4003/4003/4003 4002/4002/4002
f 3955/3955/3955 3956/3956/3956 4004/4004/4004
f 3955/3955/3955 4004/4004/4004 4003/4003/4003
f 3956/3956/3956 3957/3957/3957 4005/4005/4005
f 3956/3956/3956 4005/4005/4005 4004/4004/4004
f 3957/3957/3957 3958/3958/3958 4006/4006/4006
f 3957/3957/3957 4006/4006/4006 4005/4005/4005
f 3958/3958/3958 3959/3959/3959 4007/4007/4007
f 3958/3958/3958 4007/4007/4007 4006/4006/4006
f 3959/3959/3959 3960/3960/3960 4008/4008/4008
f 3959/3959/3959 4008/4008/4008 4007/4007/4007
f 3960/3960/3960 3961/3961/3961 4009/4009/4009
f 3960/3960/3960 4009/4009/4009 4008/4008/4008
f 3961/3961/3961 3962/3962/3962 4010/4010/4010
f 3961/3961/3961 4010/4010/4010 4009/4009/4009
f 3962/3962/3962 3963/3963/3963 4011/4011/4011
f 3962/3962/3962 4011/4011/4011 4010/4010/4010
f 3963/3963/3963 3964/3964/3964 4012/4012/4012
f 3963/3963/3963 4012/4012/4012 4011/4011/4011
f 3964/3964/3964 3965/3965/3965 4013/4013/4013
f 3964/3964/3964 4013/4013/4013 4012/4012/4012
f 3965/3965/3965 3966/3966/3966 4014/4014/4014
f 3965/3965/3965 4014/4014/4014 4013/4013/4013
f 3966/3966/3966 3967/3967/3967 4015/4015/4015
f 3966/3966/3966 4015/4015/4015 4014/4014/4014
f 3967/3967/3967 3968/3968/3968 4016/4016/4016
f 3967/3967/3967 4016/4016/4016 4015/4015/4015
f 3968/3968/3968 3969/3969/3969 4017/4017/4017
f 3968/3968/3968 4017/4017/4017 4016/4016/4016
f 3969/3969/3969 3970/3970/3970 4018/4018/4018
f 3969/3969/3969 4018/4018/4018 4017/4017/4017
f 3970/3970/3970 3971/3971/3971 4019/4019/4019
f 3970/3970/3970 4019/4019/4019 4018/4018/4018
f 3971/3971/3971 3972/3972/3972 4020/4020/4020
f 3971/3971/3971 4020/4020/4020 4019/4019/4019
f 3972/3972/3972 3973/3973/3973 4021/4021/4021
f 3972/3972/3972 4021/4021/4021 4020/4020/4020
f 3973/3973/3973 3974/3974/3974 4022/4022/4022
f 3973/3973/3973 4022/4022/4022 4021/4021/4021
f 3974/3974/3974 3975/3975/3975 4023/4023/4023
f 3974/3974/3974 4023/4023/4023 4022/4022/4022
f 3975/3975/3975 3976/3976/3976 4024/4024/4024
f 3975/3975/3975 4024/4024/4024 4023/4023/4023
f 3976/3976/3976 3977/3977/3977 4025/4025/4025
f 3976/3976/3976 4025/4025/4025 4024/4024/4024
f 3977/3977/3977 3978/3978/3978 4026/4026/4026
f 3977/3977/3977 4026/4026/4026 4025/4025/4025
f 3978/3978/3978 3979/3979/3979 4027/4027/4027
f 3978/3978/3978 4027/4027/4027 4026/4026/4026
f 3979/3979/3979 3980/3980/3980 4028/4028/4028
f 3979/3979/3979 4028/4028/4028 4027/4027/4027
f 3980/3980/3980 3981/3981/3981 4029/4029/4029
f 3980/3980/3980 4029/4029/4029 4028/4028/4028
f 3981/3981/3981 3982/3982/3982 4030/4030/4030
f 3981/3981/3981 4030/4030/4030 4029/4029/4029
f 3982/3982/3982 3983/3983/3983 4031/4031/4031
f 3982/3982/3982 4031/4031/4031 4030/4030/4030
f 3983/3983/3983 3984/3984/3984 4032/4032/4032
f 3983/3983/3983 4032/4032/4032 4031/4031/4031
f 3984/3984/3984 3985/3985/3985 4033/4033/4033
f 3984/3984/3984 4033/4033/4033 4032/4032/4032
f 3985/3985/3985 3986/3986/3986 4034/4034/4034
f 3985/3985/3985 4034/4034/4034 4033/4033/4033
f 3986/3986/3986 3987/3987/3987 4035/4035/4035
f 3986/3986/3986 4035/4035/4035 4034/4034/4034
f 3987/3987/3987 3988/3988/3988 4036/4036/4036
f 3987/3987/3987 4036/4036/4036 4035/4035/4035
f 3988/3988/3988 3989/3989/3989 4037/4037/4037
f 3988/3988/3988 4037/4037/4037 4036/4036/4036
f 3989/3989/3989 3990/3990/3990 4038/4038/4038
f 3989/3989/3989 4038/4038/4038 4037/4037/4037
f 3990/3990/3990 3991/3991/3991 4039/4039/4039
f 3990/3990/3990 4039/4039/4039 4038/4038/4038
f 3991/3991/3991 3944/3944/3944 3992/3992/3992
f 3991/3991/3991 3992/3992/3992 4039/4039/4039
f 3992/3992/3992 3993/3993/3993 4041/4041/4041
f 3992/3992/3992 4041/4041/4041 4040/4040/4040
f 3993/3993/3993 3994/3994/3994 4042/4042/4042
f 3993/3993/3993 4042/4042/4042 4041/4041/4041
f 3994/3994/3994 3995/3995/3995 4043/4043/4043
f 3994/3994/3994 4043/4043/4043 4042/4042/4042
f 3995/3995/3995 3996/3996/3996 4044/4044/4044
f 3995/3995/3995 4044/4044/4044 4043/4043/4043
f 3996/3996/3996 3997/3997/3997 4045/4045/4045
f 3996/3996/3996 4045/4045/4045 4044/4044/4044
f 3997/3997/3997 3998/3998/3998 4046/4046/4046
f 3997/3997/3997 4046/4046/4046 4045/4045/4045
f 3998/3998/3998 3999/3999/3999 4047/4047/4047
f 3998/3998/3998 4047/4047/4047 4046/4046/4046
f 3999/3999/3999 4000/4000/4000 4048/4048/4048
f 3999/3999/3999 4048/4048/4048 4047/4047/4047
f 4000/4000/4000 4001/4001/4001 4049/4049/4049
f 4000/4000/4000 4049/4049/4049 4048/4048/4048
f 4001/4001/4001 4002/4002/4002 4050/4050/4050
f 4001/4001/4001 4050/4050/4050 4049/4049/4049
f 4002/4002/4002 4003/4003/4003 4051/4051/4051
f 4002/4002/4002 4051/4051/4051 4050/4050/4050
f 4003/4003/4003 4004/4004/4004 4052/4052/4052
f 4003/4003/4003 4052/4052/4052 4051/4051/4051
f 4004/4004/4004 4005/4005/4005 4053/4053/4053
f 4004/4004/4004 4053/4053/4053 4052/4052/4052
f 4005/4005/4005 4006/4006/4006 4054/4054/4054
f 4005/4005/4005 4054/4054/4054 4053/4053/4053
f 4006/4006/4006 4007/4007/4007 4055/4055/4055
f 4006/4006/4006 4055/4055/4055 4054/4054/4054
f 4007/4007/4007 4008/4008/4008 4056/4056/4056
f 4007/4007/4007 4056/4056/4056 4055/4055/4055
f 4008/4008/4008 4009/4009/4009 4057/4057/4057
f 4008/4008/4008 4057/4057/4057 4056/4056/4056
f 4009/4009/4009 4010/4010/4010 4058/4058/4058
f 4009/4009/4009 4058/4058/4058 4057/4057/4057
f 4010/4010/4010 4011/4011/4011 4059/4059/4059
f 4010/4010/4010 4059/4059/4059 4058/4058/4058
f 4011/4011/4011 4012/4012/4012 4060/4060/4060
f 4011/4011/4011 4060/4060/4060 4059/4059/4059
f 4012/4012/4012 4013/4013/4013 4061/4061/4061
f 4012/4012/4012 4061/4061/4061 4060/4060/4060
f 4013/4013/4013 4014/4014/4014 4062/4062/4062
f 4013/4013/4013 4062/4062/4062 4061/4061/4061
f 4014/4014/4014 4015/4015/4015 4063/4063/4063
f 4014/4014/4014 4063/4063/4063 4062/4062/4062
f 4015/4015/4015 4016/4016/4016 4064/4064/4064
f 4015/4015/4015 4064/4064/4064 4063/4063/4063
f 4016/4016/4016 4017/4017/4017 4065/4065/4065
f 4016/4016/4016 4065/4065/4065 4064/4064/4064
f 4017/4017/4017 4018/4018/4018 4066/4066/4066
f 4017/4017/4017 4066/4066/4066 4065/4065/4065
f 4018/4018/4018 4019/4019/4019 4067/4067/4067
f 4018/4018/4018 4067/4067/4067 4066/4066/4066
f 4019/4019/4019 4020/4020/4020 4068/4068/4068
f 4019/4019/4019 4068/4068/4068 4067/4067/4067
f 4020/4020/4020 4021/4021/4021 4069/4069/4069
f 4020/4020/4020 4069/4069/4069 4068/4068/4068
f 4021/4021/4021 4022/4022/4022 4070/4070/4070
f 4021/4021/4021 4070/4070/4070 4069/4069/4069
f 4022/4022/4022 4023/4023/4023 4071/4071/4071
f 4022/4022/4022 4071/4071/4071 4070/4070/4070
f 4023/4023/4023 4024/4024/4024 4072/4072/4072
f 4023/4023/4023 4072/4072/4072 4071/4071/4071
f 4024/4024/4024 4025/4025/4025 4073/4073/4073
f 4024/4024/4024 4073/4073/4073 4072/4072/4072
f 4025/4025/4025 4026/4026/4026 4074/4074/4074
f 4025/4025/4025 4074/4074/4074 4073/4073/4073
f 4026/4026/4026 4027/4027/4027 4075/4075/4075
f 4026/4026/4026 4075/4075/4075 4074/4074/4074
f 4027/4027/4027 4028/4028/4028 4076/4076/4076
f 4027/4027/4027 4076/4076/4076 4075/4075/4075
f 4028/4028/4028 4029/4029/4029 4077/4077/4077
f 4028/4028/4028 4077/4077/4077 4076/4076/4076
f 4029/4029/4029 4030/4030/4030 4078/4078/4078
f 4029/4029/4029 4078/4078/4078 4077/4077/4077
f 4030/4030/4030 4031/4031/4031 4079/4079/4079
f 4030/4030/4030 4079/4079/4079 4078/4078/4078
f 4031/4031/4031 4032/4032/4032 4080/4080/4080
f 4031/4031/4031 4080/4080/4080 4079/4079/4079
f 4032/4032/4032 4033/4033/4033 4081/4081/4081
f 4032/4032/4032 4081/4081/4081 4080/4080/4080
f 4033/4033/4033 4034/4034/4034 4082/4082/4082
f 4033/4033/4033 4082/4082/4082 4081/4081/4081
f 4034/4034/4034 4035/4035/4035 4083/4083/4083
f 4034/4034/4034 4083/4083/4083 4082/4082/4082
f 4035/4035/4035 4036/4036/4036 4084/4084/4084
f 4035/4035/4035 4084/4084/4084 4083/4083/4083
f 4036/4036/4036 4037/4037/4037 4085/4085/4085
f 4036/4036/4036 4085/4085/4085 4084/4084/4084
f 4037/4037/4037 4038/4038/4038 4086/4086/4086
f 4037/4037/4037 4086/4086/4086 4085/4085/4085
f 4038/4038/4038 4039/4039/4039 4087/4087/4087
f 4038/4038/4038 4087/4087/4087 4086/4086/4086
f 4039/4039/4039 3992/3992/3992 4040/4040/4040
f 4039/4039/4039 4040/4040/4040 4087/4087/4087
f 4040/4040/4040 4041/4041/4041 4089/4089/4089
f 4040/4040/4040 4089/4089/4089 4088/4088/4088
f 4041/4041/4041 4042/4042/4042 4090/4090/4090
f 4041/4041/4041 4090/4090/4090 4089/4089/4089
f 4042/4042/4042 4043/4043/4043 4091/4091/4091
f 4042/4042/4042 4091/4091/4091 4090/4090/4090
f 4043/4043/4043 4044/4044/4044 4092/4092/4092
f 4043/4043/4043 4092/4092/4092 4091/4091/4091
f 4044/4044/4044 4045/4045/4045 4093/4093/4093
f 4044/4044/4044 4093/4093/4093 4092/4092/4092
f 4045/4045/4045 4046/4046/4046 4094/4094/4094
f 4045/4045/4045 4094/4094/4094 4093/4093/4093
f 4046/4046/4046 4047/4047/4047 4095/4095/4095
f 4046/4046/4046 4095/4095/4095 4094/4094/4094
f 4047/4047/4047 4048/4048/4048 4096/4096/4096
f 4047/4047/4047 4096/4096/4096 4095/4095/4095
f 4048/4048/4048 4049/4049/4049 4097/4097/4097
f 4048/4048/4048 4097/4097/4097 4096/4096/4096
f 4049/4049/4049 4050/4050/4050 4098/4098/4098
f 4049/4049/4049 4098/4098/4098 4097/4097/4097
f 4050/4050/4050 4051/4051/4051 4099/4099/4099
f 4050/4050/4050 4099/4099/4099 4098/4098/4098
f 4051/4051/4051 4052/4052/4052 4100/4100/4100
f 4051/4051/4051 4100/4100/4100 4099/4099/4099
f 4052/4052/4052 4053/4053/4053 4101/4101/4101
f 4052/4052/4052 4101/4101/4101 4100/4100/4100
f 4053/4053/4053 4054/4054/4054 4102/4102/4102
f 4053/4053/4053 4102/4102/4102 4101/4101/4101
f 4054/4054/4054 4055/4055/4055 4103/4103/4103
f 4054/4054/4054 4103/4103/4103 4102/4102/4102
f 4055/4055/4055 4056/4056/4056 4104/4104/4104
f 4055/4055/4055 4104/4104/4104 4103/4103/4103
f 4056/4056/4056 4057/4057/4057 4105/4105/4105
f 4056/4056/4056 4105/4105/4105 4104/4104/4104
f 4057/4057/4057 4058/4058/4058 4106/4106/4106
f 4057/4057/4057 4106/4106/4106 4105/4105/4105
f 4058/4058/4058 4059/4059/4059 4107/4107/4107
f 4058/4058/4058 4107/4107/4107 4106/4106/4106
f 4059/4059/4059 4060/4060/4060 4108/4108/4108
f 4059/4059/4059 4108/4108/4108 4107/4107/4107
f 4060/4060/4060 4061/4061/4061 4109/4109/4109
f 4060/4060/4060 4109/4109/4109 4108/4108/4108
f 4061/4061/4061 4062/4062/4062 4110/4110/4110
f 4061/4061/4061 4110/4110/4110 4109/4109/4109
f 4062/4062/4062 4063/4063/4063 4111/4111/4111
f 4062/4062/4062 4111/4111/4111 4110/4110/4110
f 4063/4063/4063 4064/4064/4064 4112/4112/4112
f 4063/4063/4063 4112/4112/4112 4111/4111/4111
f 4064/4064/4064 4065/4065/4065 4113/4113/4113
f 4064/4064/4064 4113/4113/4113 4112/4112/4112
f 4065/4065/4065 4066/4066/4066 4114/4114/4114
f 4065/4065/4065 4114/4114/4114 4113/4113/4113
f 4066/4066/4066 4067/4067/4067 4115/4115/4115
f 4066/4066/4066 4115/4115/4115 4114/4114/4114
f 4067/4067/4067 4068/4068/4068 4116/4116/4116
f 4067/4067/4067 4116/4116/4116 4115/4115/4115
f 4068/4068/4068 4069/4069/4069 4117/4117/4117
f 4068/4068/4068 4117/4117/4117 4116/4116/4116
f 4069/4069/4069 4070/4070/4070 4118/4118/4118
f 4069/4069/4069 4118/4118/4118 4117/4117/4117
f 4070/4070/4070 4071/4071/4071 4119/4119/4119
f 4070/4070/4070 4119/4119/4119 4118/4118/4118
f 4071/4071/4071 4072/4072/4072 4120/4120/4120
f 4071/4071/4071 4120/4120/4120 4119/4119/4119
f 4072/4072/4072 4073/4073/4073 4121/4121/4121
f 4072/4072/4072 4121/4121/4121 4120/4120/4120
f 4073/4073/4073 4074/4074/4074 4122/4122/4122
f 4073/4073/4073 4122/4122/4122 4121/4121/4121
f 4074/4074/4074 4075/4075/4075 4123/4123/4123
f 4074/4074/4074 4123/4123/4123 4122/4122/4122
f 4075/4075/4075 4076/4076/4076 4124/4124/4124
f 4075/4075/4075 4124/4124/4124 4123/4123/4123
f 4076/4076/4076 4077/4077/4077 4125/4125/4125
f 4076/4076/4076 4125/4125/4125 4124/4124/4124
f 4077/4077/4077 4078/4078/4078 4126/4126/4126
f 4077/4077/4077 4126/4126/4126 4125/4125/4125
f 4078/4078/4078 4079/4079/4079 4127/4127/4127
f 4078/4078/4078 4127/4127/4127 4126/4126/4126
f 4079/4079/4079 4080/4080/4080 4128/4128/4128
f 4079/4079/4079 4128/4128/4128 4127/4127/4127
f 4080/4080/4080 4081/4081/4081 4129/4129/4129
f 4080/4080/4080 4129/4129/4129 4128/4128/4128
f 4081/4081/4081 4082/4082/4082 4130/4130/4130
f 4081/4081/4081 4130/4130/4130 4129/4129/4129
f 4082/4082/4082 4083/4083/4083 4131/4131/4131
f 4082/4082/4082 4131/4131/4131 4130/4130/4130
f 4083/4083/4083 4084/4084/4084 4132/4132/4132
f 4083/4083/4083 4132/4132/4132 4131/4131/4131
f 4084/4084/4084 4085/4085/4085 4133/4133/4133
f 4084/4084/4084 4133/4133/4133 4132/4132/4132
f 4085/4085/4085 4086/4086/4086 4134/4134/4134
f 4085/4085/4085 4134/4134/4134 4133/4133/4133
f 4086/4086/4086 4087/4087/4087 4135/4135/4135
f 4086/4086/4086 4135/4135/4135 4134/4134/4134
f 4087/4087/4087 4040/4040/4040 4088/4088/4088
f 4087/4087/4087 4088/4088/4088 4135/4135/4135
f 4088/4088/4088 4089/4089/4089 4137/4137/4137
f 4088/4088/4088 4137/4137/4137 4136/4136/4136
f 4089/4089/4089 4090/4090/4090 4138/4138/4138
f 4089/4089/4089 4138/4138/4138 4137/4137/4137
f 4090/4090/4090 4091/4091/4091 4139/4139/4139
f 4090/4090/4090 4139/4139/4139 4138/4138/4138
f 4091/4091/4091 4092/4092/4092 4140/4140/4140
f 4091/4091/4091 4140/4140/4140 4139/4139/4139
f 4092/4092/4092 4093/4093/4093 4141/4141/4141
f 4092/4092/4092 4141/4141/4141 4140/4140/4140
f 4093/4093/4093 4094/4094/4094 4142/4142/4142
f 4093/4093/4093 4142/4142/4142 4141/4141/4141
f 4094/4094/4094 4095/4095/4095 4143/4143/4143
f 4094/4094/4094 4143/4143/4143 4142/4142/4142
f 4095/4095/4095 4096/4096/4096 4144/4144/4144
f 4095/4095/4095 4144/4144/4144 4143/4143/4143
f 4096/4096/4096 4097/4097/4097 4145/4145/4145
f 4096/4096/4096 4145/4145/4145 4144/4144/4144
f 4097/4097/4097 4098/4098/4098 4146/4146/4146
f 4097/4097/4097 4146/4146/4146 4145/4145/4145
f 4098/4098/4098 4099/4099/4099 4147/4147/4147
f 4098/4098/4098 4147/4147/4147 4146/4146/4146
f 4099/4099/4099 4100/4100/4100 4148/4148/4148
f 4099/4099/4099 4148/4148/4148 4147/4147/4147
f 4100/4100/4100 4101/4101/4101 4149/4149/4149
f 4100/4100/4100 4149/4149/4149 4148/4148/4148
f 4101/4101/4101 4102/4102/4102 4150/4150/4150
f 4101/4101/4101 4150/4150/4150 4149/4149/4149
f 4102/4102/4102 4103/4103/4103 4151/4151/4151
f 4102/4102/4102 4151/4151/4151 4150/4150/4150
f 4103/4103/4103 4104/4104/4104 4152/4152/4152
f 4103/4103/4103 4152/4152/4152 4151/4151/4151
f 4104/4104/4104 4105/4105/4105 4153/4153/4153
f 4104/4104/4104 4153/4153/4153 4152/4152/4152
f 4105/4105/4105 4106/4106/4106 4154/4154/4154
f 4105/4105/4105 4154/4154/4154 4153/4153/4153
f 4106/4106/4106 4107/4107/4107 4155/4155/4155
f 4106/4106/4106 4155/4155/4155 4154/4154/4154
f 4107/4107/4107 4108/4108/4108 4156/4156/4156
f 4107/4107/4107 4156/4156/4156 4155/4155/4155
f 4108/4108/4108 4109/4109/4109 4157/4157/4157
f 4108/4108/4108 4157/4157/4157 4156/4156/4156
f 4109/4109/4109 4110/4110/4110 4158/4158/4158
f 4109/4109/4109 4158/4158/4158 4157/4157/4157
f 4110/4110/4110 4111/4111/4111 4159/4159/4159
f 4110/4110/4110 4159/4159/4159 4158/4158/4158
f 4111/4111/4111 4112/4112/4112 4160/4160/4160
f 4111/4111/4111 4160/4160/4160 4159/4159/4159
f 4112/4112/4112 4113/4113/4113 4161/4161/4161
f 4112/4112/4112 4161/4161/4161 4160/4160/4160
f 4113/4113/4113 4114/4114/4114 4162/4162/4162
f 4113/4113/4113 4162/4162/4162 4161/4161/4161
f 4114/4114/4114 4115/4115/4115 4163/4163/4163
f 4114/4114/4114 4163/4163/4163 4162/4162/4162
f 4115/4115/4115 4116/4116/4116 4164/4164/4164
f 4115/4115/4115 4164/4164/4164 4163/4163/4163
f 4116/4116/4116 4117/4117/4117 4165/4165/4165
f 4116/4116/4116 4165/4165/4165 4164/4164/4164
f 4117/4117/4117 4118/4118/4118 4166/4166/4166
f 4117/4117/4117 4166/4166/4166 4165/4165/4165
f 4118/4118/4118 4119/4119/4119 4167/4167/4167
f 4118/4118/4118 4167/4167/4167 4166/4166/4166
f 4119/4119/4119 4120/4120/4120 4168/4168/4168
f 4119/4119/4119 4168/4168/4168 4167/4167/4167
f 4120/4120/4120 4121/4121/4121 4169/4169/4169
f 4120/4120/4120 4169/4169/4169 4168/4168/4168
f 4121/4121/4121 4122/4122/4122 4170/4170/4170
f 4121/4121/4121 4170/4170/4170 4169/4169/4169
f 4122/4122/4122 4123/4123/4123 4171/4171/4171
f 4122/4122/4122 4171/4171/4171 4170/4170/4170
f 4123/4123/4123 4124/4124/4124 4172/4172/4172
f 4123/4123/4123 4172/4172/4172 4171/4171/4171
f 4124/4124/4124 4125/4125/4125 4173/4173/4173
f 4124/4124/4124 4173/4173/4173 4172/4172/4172
f 4125/4125/4125 4126/4126/4126 4174/4174/4174
f 4125/4125/4125 4174/4174/4174 4173/4173/4173
f 4126/4126/4126 4127/4127/4127 4175/4175/4175
f 4126/4126/4126 4175/4175/4175 4174/4174/4174
f 4127/4127/4127 4128/4128/4128 4176/4176/4176
f 4127/4127/4127 4176/4176/4176 4175/4175/4175
f 4128/4128/4128 4129/4129/4129 4177/4177/4177
f 4128/4128/4128 4177/4177/4177 4176/4176/4176
f 4129/4129/4129 4130/4130/4130 4178/4178/4178
f 4129/4129/4129 4178/4178/4178 4177/4177/4177
f 4130/4130/4130 4131/4131/4131 4179/4179/4179
f 4130/4130/4130 4179/4179/4179 4178/4178/4178
f 4131/4131/4131 4132/4132/4132 4180/4180/4180
f 4131/4131/4131 4180/4180/4180 4179/4179/4179
f 4132/4132/4132 4133/4133/4133 4181/4181/4181
f 4132/4132/4132 4181/4181/4181 4180/4180/4180
f 4133/4133/4133 4134/4134/4134 4182/4182/4182
f 4133/4133/4133 4182/4182/4182 4181/4181/4181
f 4134/4134/4134 4135/4135/4135 4183/4183/4183
f 4134/4134/4134 4183/4183/4183 4182/4182/4182
f 4135/4135/4135 4088/4088/4088 4136/4136/4136
f 4135/4135/4135 4136/4136/4136 4183/4183/4183
f 4136/4136/4136 4137/4137/4137 4185/4185/4185
f 4136/4136/4136 4185/4185/4185 4184/4184/4184
f 4137/4137/4137 4138/4138/4138 4186/4186/4186
f 4137/4137/4137 4186/4186/4186 4185/4185/4185
f 4138/4138/4138 4139/4139/4139 4187/4187/4187
f 4138/4138/4138 4187/4187/4187 4186/4186/4186
f 4139/4139/4139 4140/4140/4140 4188/4188/4188
f 4139/4139/4139 4188/4188/4188 4187/4187/4187
f 4140/4140/4140 4141/4141/4141 4189/4189/4189
f 4140/4140/4140 4189/4189/4189 4188/4188/4188
f 4141/4141/4141 4142/4142/4142 4190/4190/4190
f 4141/4141/4141 4190/4190/4190 4189/4189/4189
f 4142/4142/4142 4143/4143/4143 4191/4191/4191
f 4142/4142/4142 4191/4191/4191 4190/4190/4190
f 4143/4143/4143 4144/4144/4144 4192/4192/4192
f 4143/4143/4143 4192/4192/4192 4191/4191/4191
f 4144/4144/4144 4145/4145/4145 4193/4193/4193
f 4144/4144/4144 4193/4193/4193 4192/4192/4192
f 4145/4145/4145 4146/4146/4146 4194/4194/4194
f 4145/4145/4145 4194/4194/4194 4193/4193/4193
f 4146/4146/4146 4147/4147/4147 4195/4195/4195
f 4146/4146/4146 4195/4195/4195 4194/4194/4194
f 4147/4147/4147 4148/4148/4148 4196/4196/4196
f 4147/4147/4147 4196/4196/4196 4195/4195/4195
f 4148/4148/4148 4149/4149/4149 4197/4197/4197
f 4148/4148/4148 4197/4197/4197 4196/4196/4196
f 4149/4149/4149 4150/4150/4150 4198/4198/4198
f 4149/4149/4149 4198/4198/4198 4197/4197/4197
f 4150/4150/4150 4151/4151/4151 4199/4199/4199
f 4150/4150/4150 4199/4199/4199 4198/4198/4198
f 4151/4151/4151 4152/4152/4152 4200/4200/4200
f 4151/4151/4151 4200/4200/4200 4199/4199/4199
f 4152/4152/4152 4153/4153/4153 4201/4201/4201
f 4152/4152/4152 4201/4201/4201 4200/4200/4200
f 4153/4153/4153 4154/4154/4154 4202/4202/4202
f 4153/4153/4153 4202/4202/4202 4201/4201/4201
f 4154/4154/4154 4155/4155/4155 4203/4203/4203
f 4154/4154/4154 4203/4203/4203 4202/4202/4202
f 4155/4155/4155 4156/4156/4156 4204/4204/4204
f 4155/4155/4155 4204/4204/4204 4203/4203/4203
f 4156/4156/4156 4157/4157/4157 4205/4205/4205
f 4156/4156/4156 4205/4205/4205 4204/4204/4204
f 4157/4157/4157 4158/4158/4158 4206/4206/4206
f 4157/4157/4157 4206/4206/4206 4205/4205/4205
f 4158/4158/4158 4159/4159/4159 4207/4207/4207
f 4158/4158/4158 4207/4207/4207 4206/4206/4206
f 4159/4159/4159 4160/4160/4160 4208/4208/4208
f 4159/4159/4159 4208/4208/4208 4207/4207/4207
f 4160/4160/4160 4161/4161/4161 4209/4209/4209
f 4160/4160/4160 4209/4209/4209 4208/4208/4208
f 4161/4161/4161 4162/4162/4162 4210/4210/4210
f 4161/4161/4161 4210/4210/4210 4209/4209/4209
f 4162/4162/4162 4163/4163/4163 4211/4211/4211
f 4162/4162/4162 4211/4211/4211 4210/4210/4210
f 4163/4163/4163 4164/4164/4164 4212/4212/4212
f 4163/4163/4163 4212/4212/4212 4211/4211/4211
f 4164/4164/4164 4165/4165/4165 4213/4213/4213
f 4164/4164/4164 4213/4213/4213 4212/4212/4212
f 4165/4165/4165 4166/4166/4166 4214/4214/4214
f 4165/4165/4165 4214/4214/4214 4213/4213/4213
f 4166/4166/4166 4167/4167/4167 4215/4215/4215
f 4166/4166/4166 4215/4215/4215 4214/4214/4214
f 4167/4167/4167 4168/4168/4168 4216/4216/4216
f 4167/4167/4167 4216/4216/4216 4215/4215/4215
f 4168/4168/4168 4169/4169/4169 4217/4217/4217
f 4168/4168/4168 4217/4217/4217 4216/4216/4216
f 4169/4169/4169 4170/4170/4170 4218/4218/4218
f 4169/4169/4169 4218/4218/4218 4217/4217/4217
f 4170/4170/4170 4171/4171/4171 4219/4219/4219
f 4170/4170/4170 4219/4219/4219 4218/4218/4218
f 4171/4171/4171 4172/4172/4172 4220/4220/4220
f 4171/4171/4171 4220/4220/4220 4219/4219/4219
f 4172/4172/4172 4173/4173/4173 4221/4221/4221
f 4172/4172/4172 4221/4221/4221 4220/4220/4220
f 4173/4173/4173 4174/4174/4174 4222/4222/4222
f 4173/4173/4173 4222/4222/4222 4221/4221/4221
f 4174/4174/4174 4175/4175/4175 4223/4223/4223
f 4174/4174/4174 4223/4223/4223 4222/4222/4222
f 4175/4175/4175 4176/4176/4176 4224/4224/4224
f 4175/4175/4175 4224/4224/4224 4223/4223/4223
f 4176/4176/4176 4177/4177/4177 4225/4225/4225
f 4176/4176/4176 4225/4225/4225 4224/4224/4224
f 4177/4177/4177 4178/4178/4178 4226/4226/4226
f 4177/4177/4177 4226/4226/4226 4225/4225/4225
f 4178/4178/4178 4179/4179/4179 4227/4227/4227
f 4178/4178/4178 4227/4227/4227 4226/4226/4226
f 4179/4179/4179 4180/4180/4180 4228/4228/4228
f 4179/4179/4179 4228/4228/4228 4227/4227/4227
f 4180/4180/4180 4181/4181/4181 4229/4229/4229
f 4180/4180/4180 4229/4229/4229 4228/4228/4228
f 4181/4181/4181 4182/4182/4182 4230/4230/4230
f 4181/4181/4181 4230/4230/4230 4229/4229/4229
f 4182/4182/4182 4183/4183/4183 4231/4231/4231
f 4182/4182/4182 4231/4231/4231 4230/4230/4230
f 4183/4183/4183 4136/4136/4136 4184/4184/4184
f 4183/4183/4183 4184/4184/4184 4231/4231/4231
f 4184/4184/4184 4185/4185/4185 4233/4233/4233
f 4184/4184/4184 4233/4233/4233 4232/4232/4232
f 4185/4185/4185 4186/4186/4186 4234/4234/4234
f 4185/4185/4185 4234/4234/4234 4233/4233/4233
f 4186/4186/4186 4187/4187/4187 4235/4235/4235
f 4186/4186/4186 4235/4235/4235 4234/4234/4234
f 4187/4187/4187 4188/4188/4188 4236/4236/4236
f 4187/4187/4187 4236/4236/4236 4235/4235/4235
f 4188/4188/4188 4189/4189/4189 4237/4237/4237
f 4188/4188/4188 4237/4237/4237 4236/4236/4236
f 4189/4189/4189 4190/4190/4190 4238/4238/4238
f 4189/4189/4189 4238/4238/4238 4237/4237/4237
f 4190/4190/4190 4191/4191/4191 4239/4239/4239
f 4190/4190/4190 4239/4239/4239 4238/4238/4238
f 4191/4191/4191 4192/4192/4192 4240/4240/4240
f 4191/4191/4191 4240/4240/4240 4239/4239/4239
f 4192/4192/4192 4193/4193/4193 4241/4241/4241
f 4192/4192/4192 4241/4241/4241 4240/4240/4240
f 4193/4193/4193 4194/4194/4194 4242/4242/4242
f 4193/4193/4193 4242/4242/4242 4241/4241/4241
f 4194/4194/4194 4195/4195/4195 4243/4243/4243
f 4194/4194/4194 4243/4243/4243 4242/4242/4242
f 4195/4195/4195 4196/4196/4196 4244/4244/4244
f 4195/4195/4195 4244/4244/4244 4243/4243/4243
f 4196/4196/4196 4197/4197/4197 4245/4245/4245
f 4196/4196/4196 4245/4245/4245 4244/4244/4244
f 4197/4197/4197 4198/4198/4198 4246/4246/4246
f 4197/4197/4197 4246/4246/4246 4245/4245/4245
f 4198/4198/4198 4199/4199/4199 4247/4247/4247
f 4198/4198/4198 4247/4247/4247 4246/4246/4246
f 4199/4199/4199 4200/4200/4200 4248/4248/4248
f 4199/4199/4199 4248/4248/4248 4247/4247/4247
f 4200/4200/4200 4201/4201/4201 4249/4249/4249
f 4200/4200/4200 4249/4249/4249 4248/4248/4248
f 4201/4201/4201 4202/4202/4202 4250/4250/4250
f 4201/4201/4201 4250/4250/4250 4249/4249/4249
f 4202/4202/4202 4203/4203/4203 4251/4251/4251
f 4202/4202/4202 4251/4251/4251 4250/4250/4250
f 4203/4203/4203 4204/4204/4204 4252/4252/4252
f 4203/4203/4203 4252/4252/4252 4251/4251/4251
f 4204/4204/4204 4205/4205/4205 4253/4253/4253
f 4204/4204/4204 4253/4253/4253 4252/4252/4252
f 4205/4205/4205 4206/4206/4206 4254/4254/4254
f 4205/4205/4205 4254/4254/4254 4253/4253/4253
f 4206/4206/4206 4207/4207/4207 4255/4255/4255
f 4206/4206/4206 4255/4255/4255 4254/4254/4254
f 4207/4207/4207 4208/4208/4208 4256/4256/4256
f 4207/4207/4207 4256/4256/4256 4255/4255/4255
f 4208/4208/4208 4209/4209/4209 4257/4257/4257
f 4208/4208/4208 4257/4257/4257 4256/4256/4256
f 4209/4209/4209 4210/4210/4210 4258/4258/4258
f 4209/4209/4209 4258/4258/4258 4257/4257/4257
f 4210/4210/4210 4211/4211/4211 4259/4259/4259
f 4210/4210/4210 4259/4259/4259 4258/4258/4258
f 4211/4211/4211 4212/4212/4212 4260/4260/4260
f 4211/4211/4211 4260/4260/4260 4259/4259/4259
f 4212/4212/4212 4213/4213/4213 4261/4261/4261
f 4212/4212/4212 4261/4261/4261 4260/4260/4260
f 4213/4213/4213 4214/4214/4214 4262/4262/4262
f 4213/4213/4213 4262/4262/4262 4261/4261/4261
f 4214/4214/4214 4215/4215/4215 4263/4263/4263
f 4214/4214/4214 4263/4263/4263 4262/4262/4262
f 4215/4215/4215 4216/4216/4216 4264/4264/4264
f 4215/4215/4215 4264/4264/4264 4263/4263/4263
f 4216/4216/4216 4217/4217/4217 4265/4265/4265
f 4216/4216/4216 4265/4265/4265 4264/4264/4264
f 4217/4217/4217 4218/4218/4218 4266/4266/4266
f 4217/4217/4217 4266/4266/4266 4265/4265/4265
f 4218/4218/4218 4219/4219/4219 4267/4267/4267
f 4218/4218/4218 4267/4267/4267 4266/4266/4266
f 4219/4219/4219 4220/4220/4220 4268/4268/4268
f 4219/4219/4219 4268/4268/4268 4267/4267/4267
f 4220/4220/4220 4221/4221/4221 4269/4269/4269
f 4220/4220/4220 4269/4269/4269 4268/4268/4268
f 4221/4221/4221 4222/4222/4222 4270/4270/4270
f 4221/4221/4221 4270/4270/4270 4269/4269/4269
f 4222/4222/4222 4223/4223/4223 4271/4271/4271
f 4222/4222/4222 4271/4271/4271 4270/4270/4270
f 4223/4223/4223 4224/4224/4224 4272/4272/4272
f 4223/4223/4223 4272/4272/4272 4271/4271/4271
f 4224/4224/4224 4225/4225/4225 4273/4273/4273
f 4224/4224/4224 4273/4273/4273 4272/4272/4272
f 4225/4225/4225 4226/4226/4226 4274/4274/4274
f 4225/4225/4225 4274/4274/4274 4273/4273/4273
f 4226/4226/4226 4227/4227/4227 4275/4275/4275
f 4226/4226/4226 4275/4275/4275 4274/4274/4274
f 4227/4227/4227 4228/4228/4228 4276/4276/4276
f 4227/4227/4227 4276/4276/4276 4275/4275/4275
f 4228/4228/4228 4229/4229/4229 4277/4277/4277
f 4228/4228/4228 4277/4277/4277 4276/4276/4276
f 4229/4229/4229 4230/4230/4230 4278/4278/4278
f 4229/4229/4229 4278/4278/4278 4277/4277/4277
f 4230/4230/4230 4231/4231/4231 4279/4279/4279
f 4230/4230/4230 4279/4279/4279 4278/4278/4278
f 4231/4231/4231 4184/4184/4184 4232/4232/4232
f 4231/4231/4231 4232/4232/4232 4279/4279/4279
f 4232/4232/4232 4233/4233/4233 4281/4281/4281
f 4232/4232/4232 4281/4281/4281 4280/4280/4280
f 4233/4233/4233 4234/4234/4234 4282/4282/4282
f 4233/4233/4233 4282/4282/4282 4281/4281/4281
f 4234/4234/4234 4235/4235/4235 4283/4283/4283
f 4234/4234/4234 4283/4283/4283 4282/4282/4282
f 4235/4235/4235 4236/4236/4236 4284/4284/4284
f 4235/4235/4235 4284/4284/4284 4283/4283/4283
f 4236/4236/4236 4237/4237/4237 4285/4285/4285
f 4236/4236/4236 4285/4285/4285 4284/4284/4284
f 4237/4237/4237 4238/4238/4238 4286/4286/4286
f 4237/4237/4237 4286/4286/4286 4285/4285/4285
f 4238/4238/4238 4239/4239/4239 4287/4287/4287
f 4238/4238/4238 4287/4287/4287 4286/4286/4286
f 4239/4239/4239 4240/4240/4240 4288/4288/4288
f 4239/4239/4239 4288/4288/4288 4287/4287/4287
f 4240/4240/4240 4241/4241/4241 4289/4289/4289
f 4240/4240/4240 4289/4289/4289 4288/4288/4288
f 4241/4241/4241 4242/4242/4242 4290/4290/4290
f 4241/4241/4241 4290/4290/4290 4289/4289/4289
f 4242/4242/4242 4243/4243/4243 4291/4291/4291
f 4242/4242/4242 4291/4291/4291 4290/4290/4290
f 4243/4243/4243 4244/4244/4244 4292/4292/4292
f 4243/4243/4243 4292/4292/4292 4291/4291/4291
f 4244/4244/4244 4245/4245/4245 4293/4293/4293
f 4244/4244/4244 4293/4293/4293 4292/4292/4292
f 4245/4245/4245 4246/4246/4246 4294/4294/4294
f 4245/4245/4245 4294/4294/4294 4293/4293/4293
f 4246/4246/4246 4247/4247/4247 4295/4295/4295
f 4246/4246/4246 4295/4295/4295 4294/4294/4294
f 4247/4247/4247 4248/4248/4248 4296/4296/4296
f 4247/4247/4247 4296/4296/4296 4295/4295/4295
f 4248/4248/4248 4249/4249/4249 4297/4297/4297
f 4248/4248/4248 4297/4297/4297 4296/4296/4296
f 4249/4249/4249 4250/4250/4250 4298/4298/4298
f 4249/4249/4249 4298/4298/4298 4297/4297/4297
f 4250/4250/4250 4251/4251/4251 4299/4299/4299
f 4250/4250/4250 4299/4299/4299 4298/4298/4298
f 4251/4251/4251 4252/4252/4252 4300/4300/4300
f 4251/4251/4251 4300/4300/4300 4299/4299/4299
f 4252/4252/4252 4253/4253/4253 4301/4301/4301
f 4252/4252/4252 4301/4301/4301 4300/4300/4300
f 4253/4253/4253 4254/4254/4254 4302/4302/4302
f 4253/4253/4253 4302/4302/4302 4301/4301/4301
f 4254/4254/4254 4255/4255/4255 4303/4303/4303
f 4254/4254/4254 4303/4303/4303 4302/4302/4302
f 4255/4255/4255 4256/4256/4256 4304/4304/4304
f 4255/4255/4255 4304/4304/4304 4303/4303/4303
f 4256/4256/4256 4257/4257/4257 4305/4305/4305
f 4256/4256/4256 4305/4305/4305 4304/4304/4304
f 4257/4257/4257 4258/4258/4258 4306/4306/4306
f 4257/4257/4257 4306/4306/4306 4305/4305/4305
f 4258/4258/4258 4259/4259/4259 4307/4307/4307
f 4258/4258/4258 4307/4307/4307 4306/4306/4306
f 4259/4259/4259 4260/4260/4260 4308/4308/4308
f 4259/4259/4259 4308/4308/4308 4307/4307/4307
f 4260/4260/4260 4261/4261/4261 4309/4309/4309
f 4260/4260/4260 4309/4309/4309 4308/4308/4308
f 4261/4261/4261 4262/4262/4262 4310/4310/4310
f 4261/4261/4261 4310/4310/4310 4309/4309/4309
f 4262/4262/4262 4263/4263/4263 4311/4311/4311
f 4262/4262/4262 4311/4311/4311 4310/4310/4310
f 4263/4263/4263 4264/4264/4264 4312/4312/4312
f 4263/4263/4263 4312/4312/4312 4311/4311/4311
f 4264/4264/4264 4265/4265/4265 4313/4313/4313
f 4264/4264/4264 4313/4313/4313 4312/4312/4312
f 4265/4265/4265 4266/4266/4266 4314/4314/4314
f 4265/4265/4265 4314/4314/4314 4313/4313/4313
f 4266/4266/4266 4267/4267/4267 4315/4315/4315
f 4266/4266/4266 4315/4315/4315 4314/4314/4314
f 4267/4267/4267 4268/4268/4268 4316/4316/4316
f 4267/4267/4267 4316/4316/4316 4315/4315/4315
f 4268/4268/4268 4269/4269/4269 4317/4317/4317
f 4268/4268/4268 4317/4317/4317 4316/4316/4316
f 4269/4269/4269 4270/4270/4270 4318/4318/4318
f 4269/4269/4269 4318/4318/4318 4317/4317/4317
f 4270/4270/4270 4271/4271/4271 4319/4319/4319
f 4270/4270/4270 4319/4319/4319 4318/4318/4318
f 4271/4271/4271 4272/4272/4272 4320/4320/4320
f 4271/4271/4271 4320/4320/4320 4319/4319/4319
f 4272/4272/4272 4273/4273/4273 4321/4321/4321
f 4272/4272/4272 4321/4321/4321 4320/4320/4320
f 4273/4273/4273 4274/4274/4274 4322/4322/4322
f 4273/4273/4273 4322/4322/4322 4321/4321/4321
f 4274/4274/4274 4275/4275/4275 4323/4323/4323
f 4274/4274/4274 4323/4323/4323 4322/4322/4322
f 4275/4275/4275 4276/4276/4276 4324/4324/4324
f 4275/4275/4275 4324/4324/4324 4323/4323/4323
f 4276/4276/4276 4277/4277/4277 4325/4325/4325
f 4276/4276/4276 4325/4325/4325 4324/4324/4324
f 4277/4277/4277 4278/4278/4278 4326/4326/4326
f 4277/4277/4277 4326/4326/4326 4325/4325/4325
f 4278/4278/4278 4279/4279/4279 4327/4327/4327
f 4278/4278/4278 4327/4327/4327 4326/4326/4326
f 4279/4279/4279 4232/4232/4232 4280/4280/4280
f 4279/4279/4279 4280/4280/4280 4327/4327/4327
f 4280/4280/4280 4281/4281/4281 4329/4329/4329
f 4280/4280/4280 4329/4329/4329 4328/4328/4328
f 4281/4281/4281 4282/4282/4282 4330/4330/4330
f 4281/4281/4281 4330/4330/4330 4329/4329/4329
f 4282/4282/4282 4283/4283/4283 4331/4331/4331
f 4282/4282/4282 4331/4331/4331 4330/4330/4330
f 4283/4283/4283 4284/4284/4284 4332/4332/4332
f 4283/4283/4283 4332/4332/4332 4331/4331/4331
f 4284/4284/4284 4285/4285/4285 4333/4333/4333
f 4284/4284/4284 4333/4333/4333 4332/4332/4332
f 4285/4285/4285 4286/4286/4286 4334/4334/4334
f 4285/4285/4285 4334/4334/4334 4333/4333/4333
f 4286/4286/4286 4287/4287/4287 4335/4335/4335
f 4286/4286/4286 4335/4335/4335 4334/4334/4334
f 4287/4287/4287 4288/4288/4288 4336/4336/4336
f 4287/4287/4287 4336/4336/4336 4335/4335/4335
f 4288/4288/4288 4289/4289/4289 4337/4337/4337
f 4288/4288/4288 4337/4337/4337 4336/4336/4336
f 4289/4289/4289 4290/4290/4290 4338/4338/4338
f 4289/4289/4289 4338/4338/4338 4337/4337/4337
f 4290/4290/4290 4291/4291/4291 4339/4339/4339
f 4290/4290/4290 4339/4339/4339 4338/4338/4338
f 4291/4291/4291 4292/4292/4292 4340/4340/4340
f 4291/4291/4291 4340/4340/4340 4339/4339/4339
f 4292/4292/4292 4293/4293/4293 4341/4341/4341
f 4292/4292/4292 4341/4341/4341 4340/4340/4340
f 4293/4293/4293 4294/4294/4294 4342/4342/4342
f 4293/4293/4293 4342/4342/4342 4341/4341/4341
f 4294/4294/4294 4295/4295/4295 4343/4343/4343
f 4294/4294/4294 4343/4343/4343 4342/4342/4342
f 4295/4295/4295 4296/4296/4296 4344/4344/4344
f 4295/4295/4295 4344/4344/4344 4343/4343/4343
f 4296/4296/4296 4297/4297/4297 4345/4345/4345
f 4296/4296/4296 4345/4345/4345 4344/4344/4344
f 4297/4297/4297 4298/4298/4298 4346/4346/4346
f 4297/4297/4297 4346/4346/4346 4345/4345/4345
f 4298/4298/4298 4299/4299/4299 4347/4347/4347
f 4298/4298/4298 4347/4347/4347 4346/4346/4346
f 4299/4299/4299 4300/4300/4300 4348/4348/4348
f 4299/4299/4299 4348/4348/4348 4347/4347/4347
f 4300/4300/4300 4301/4301/4301 4349/4349/4349
f 4300/4300/4300 4349/4349/4349 4348/4348/4348
f 4301/4301/4301 4302/4302/4302 4350/4350/4350
f 4301/4301/4301 4350/4350/4350 4349/4349/4349
f 4302/4302/4302 4303/4303/4303 4351/4351/4351
f 4302/4302/4302 4351/4351/4351 4350/4350/4350
f 4303/4303/4303 4304/4304/4304 4352/4352/4352
f 4303/4303/4303 4352/4352/4352 4351/4351/4351
f 4304/4304/4304 4305/4305/4305 4353/4353/4353
f 4304/4304/4304 4353/4353/4353 4352/4352/4352
f 4305/4305/4305 4306/4306/4306 4354/4354/4354
f 4305/4305/4305 4354/4354/4354 4353/4353/4353
f 4306/4306/4306 4307/4307/4307 4355/4355/4355
f 4306/4306/4306 4355/4355/4355 4354/4354/4354
f 4307/4307/4307 4308/4308/4308 4356/4356/4356
f 4307/4307/4307 4356/4356/4356 4355/4355/4355
f 4308/4308/4308 4309/4309/4309 4357/4357/4357
f 4308/4308/4308 4357/4357/4357 4356/4356/4356
f 4309/4309/4309 4310/4310/4310 4358/4358/4358
f 4309/4309/4309 4358/4358/4358 4357/4357/4357
f 4310/4310/4310 4311/4311/4311 4359/4359/4359
f 4310/4310/4310 4359/4359/4359 4358/4358/4358
f 4311/4311/4311 4312/4312/4312 4360/4360/4360
f 4311/4311/4311 4360/4360/4360 4359/4359/4359
f 4312/4312/4312 4313/4313/4313 4361/4361/4361
f 4312/4312/4312 4361/4361/4361 4360/4360/4360
f 4313/4313/4313 4314/4314/4314 4362/4362/4362
f 4313/4313/4313 4362/4362/4362 4361/4361/4361
f 4314/4314/4314 4315/4315/4315 4363/4363/4363
f 4314/4314/4314 4363/4363/4363 4362/4362/4362
f 4315/4315/4315 4316/4316/4316 4364/4364/4364
f 4315/4315/4315 4364/4364/4364 4363/4363/4363
f 4316/4316/4316 4317/4317/4317 4365/4365/4365
f 4316/4316/4316 4365/4365/4365 4364/4364/4364
f 4317/4317/4317 4318/4318/4318 4366/4366/4366
f 4317/4317/4317 4366/4366/4366 4365/4365/4365
f 4318/4318/4318 4319/4319/4319 4367/4367/4367
f 4318/4318/4318 4367/4367/4367 4366/4366/4366
f 4319/4319/4319 4320/4320/4320 4368/4368/4368
f 4319/4319/4319 4368/4368/4368 4367/4367/4367
f 4320/4320/4320 4321/4321/4321 4369/4369/4369
f 4320/4320/4320 4369/4369/4369 4368/4368/4368
f 4321/4321/4321 4322/4322/4322 4370/4370/4370
f 4321/4321/4321 4370/4370/4370 4369/4369/4369
f 4322/4322/4322 4323/4323/4323 4371/4371/4371
f 4322/4322/4322 4371/4371/4371 4370/4370/4370
f 4323/4323/4323 4324/4324/4324 4372/4372/4372
f 4323/4323/4323 4372/4372/4372 4371/4371/4371
f 4324/4324/4324 4325/4325/4325 4373/4373/4373
f 4324/4324/4324 4373/4373/4373 4372/4372/4372
f 4325/4325/4325 4326/4326/4326 4374/4374/4374
f 4325/4325/4325 4374/4374/4374 4373/4373/4373
f 4326/4326/4326 4327/4327/4327 4375/4375/4375
f 4326/4326/4326 4375/4375/4375 4374/4374/4374
f 4327/4327/4327 4280/4280/4280 4328/4328/4328
f 4327/4327/4327 4328/4328/4328 4375/4375/4375
f 4328/4328/4328 4329/4329/4329 4377/4377/4377
f 4328/4328/4328 4377/4377/4377 4376/4376/4376
f 4329/4329/4329 4330/4330/4330 4378/4378/4378
f 4329/4329/4329 4378/4378/4378 4377/4377/4377
f 4330/4330/4330 4331/4331/4331 4379/4379/4379
f 4330/4330/4330 4379/4379/4379 4378/4378/4378
f 4331/4331/4331 4332/4332/4332 4380/4380/4380
f 4331/4331/4331 4380/4380/4380 4379/4379/4379
f 4332/4332/4332 4333/4333/4333 4381/4381/4381
f 4332/4332/4332 4381/4381/4381 4380/4380/4380
f 4333/4333/4333 4334/4334/4334 4382/4382/4382
f 4333/4333/4333 4382/4382/4382 4381/4381/4381
f 4334/4334/4334 4335/4335/4335 4383/4383/4383
f 4334/4334/4334 4383/4383/4383 4382/4382/4382
f 4335/4335/4335 4336/4336/4336 4384/4384/4384
f 4335/4335/4335 4384/4384/4384 4383/4383/4383
f 4336/4336/4336 4337/4337/4337 4385/4385/4385
f 4336/4336/4336 4385/4385/4385 4384/4384/4384
f 4337/4337/4337 4338/4338/4338 4386/4386/4386
f 4337/4337/4337 4386/4386/4386 4385/4385/4385
f 4338/4338/4338 4339/4339/4339 4387/4387/4387
f 4338/4338/4338 4387/4387/4387 4386/4386/4386
f 4339/4339/4339 4340/4340/4340 4388/4388/4388
f 4339/4339/4339 4388/4388/4388 4387/4387/4387
f 4340/4340/4340 4341/4341/4341 4389/4389/4389
f 4340/4340/4340 4389/4389/4389 4388/4388/4388
f 4341/4341/4341 4342/4342/4342 4390/4390/4390
f 4341/4341/4341 4390/4390/4390 4389/4389/4389
f 4342/4342/4342 4343/4343/4343 4391/4391/4391
f 4342/4342/4342 4391/4391/4391 4390/4390/4390
f 4343/4343/4343 4344/4344/4344 4392/4392/4392
f 4343/4343/4343 4392/4392/4392 4391/4391/4391
f 4344/4344/4344 4345/4345/4345 4393/4393/4393
f 4344/4344/4344 4393/4393/4393 4392/4392/4392
f 4345/4345/4345 4346/4346/4346 4394/4394/4394
f 4345/4345/4345 4394/4394/4394 4393/4393/4393
f 4346/4346/4346 4347/4347/4347 4395/4395/4395
f 4346/4346/4346 4395/4395/4395 4394/4394/4394
f 4347/4347/4347 4348/4348/4348 4396/4396/4396
f 4347/4347/4347 4396/4396/4396 4395/4395/4395
f 4348/4348/4348 4349/4349/4349 4397/4397/4397
f 4348/4348/4348 4397/4397/4397 4396/4396/4396
f 4349/4349/4349 4350/4350/4350 4398/4398/4398
f 4349/4349/4349 4398/4398/4398 4397/4397/4397
f 4350/4350/4350 4351/4351/4351 4399/4399/4399
f 4350/4350/4350 4399/4399/4399 4398/4398/4398
f 4351/4351/4351 4352/4352/4352 4400/4400/4400
f 4351/4351/4351 4400/4400/4400 4399/4399/4399
f 4352/4352/4352 4353/4353/4353 4401/4401/4401
f 4352/4352/4352 4401/4401/4401 4400/4400/4400
f 4353/4353/4353 4354/4354/4354 4402/4402/4402
f 4353/4353/4353 4402/4402/4402 4401/4401/4401
f 4354/4354/4354 4355/4355/4355 4403/4403/4403
f 4354/4354/4354 4403/4403/4403 4402/4402/4402
f 4355/4355/4355 4356/4356/4356 4404/4404/4404
f 4355/4355/4355 4404/4404/4404 4403/4403/4403
f 4356/4356/4356 4357/4357/4357 4405/4405/4405
f 4356/4356/4356 4405/4405/4405 4404/4404/4404
f 4357/4357/4357 4358/4358/4358 4406/4406/4406
f 4357/4357/4357 4406/4406/4406 4405/4405/4405
f 4358/4358/4358 4359/4359/4359 4407/4407/4407
f 4358/4358/4358 4407/4407/4407 4406/4406/4406
f 4359/4359/4359 4360/4360/4360 4408/4408/4408
f 4359/4359/4359 4408/4408/4408 4407/4407/4407
f 4360/4360/4360 4361/4361/4361 4409/4409/4409
f 4360/4360/4360 4409/4409/4409 4408/4408/4408
f 4361/4361/4361 4362/4362/4362 4410/4410/4410
f 4361/4361/4361 4410/4410/4410 4409/4409/4409
f 4362/4362/4362 4363/4363/4363 4411/4411/4411
f 4362/4362/4362 4411/4411/4411 4410/4410/4410
f 4363/4363/4363 4364/4364/4364 4412/4412/4412
f 4363/4363/4363 4412/4412/4412 4411/4411/4411
f 4364/4364/4364 4365/4365/4365 4413/4413/4413
f 4364/4364/4364 4413/4413/4413 4412/4412/4412
f 4365/4365/4365 4366/4366/4366 4414/4414/4414
f 4365/4365/4365 4414/4414/4414 4413/4413/4413
f 4366/4366/4366 4367/4367/4367 4415/4415/4415
f 4366/4366/4366 4415/4415/4415 4414/4414/4414
f 4367/4367/4367 4368/4368/4368 4416/4416/4416
f 4367/4367/4367 4416/4416/4416 4415/4415/4415
f 4368/4368/4368 4369/4369/4369 4417/4417/4417
f 4368/4368/4368 4417/4417/4417 4416/4416/4416
f 4369/4369/4369 4370/4370/4370 4418/4418/4418
f 4369/4369/4369 4418/4418/4418 4417/4417/4417
f 4370/4370/4370 4371/4371/4371 4419/4419/4419
f 4370/4370/4370 4419/4419/4419 4418/4418/4418
f 4371/4371/4371 4372/4372/4372 4420/4420/4420
f 4371/4371/4371 4420/4420/4420 4419/4419/4419
f 4372/4372/4372 4373/4373/4373 4421/4421/4421
f 4372/4372/4372 4421/4421/4421 4420/4420/4420
f 4373/4373/4373 4374/4374/4374 4422/4422/4422
f 4373/4373/4373 4422/4422/4422 4421/4421/4421
f 4374/4374/4374 4375/4375/4375 4423/4423/4423
f 4374/4374/4374 4423/4423/4423 4422/4422/4422
f 4375/4375/4375 4328/4328/4328 4376/4376/4376
f 4375/4375/4375 4376/4376/4376 4423/4423/4423
f 4424/4424/4424 4377/4377/4377 4376/4376/4376
f 4424/4424/4424 4378/4378/4378 4377/4377/4377
f 4424/4424/4424 4379/4379/4379 4378/4378/4378
f 4424/4424/4424 4380/4380/4380 4379/4379/4379
f 4424/4424/4424 4381/4381/4381 4380/4380/4380
f 4424/4424/4424 4382/4382/4382 4381/4381/4381
f 4424/4424/4424 4383/4383/4383 4382/4382/4382
f 4424/4424/4424 4384/4384/4384 4383/4383/4383
f 4424/4424/4424 4385/4385/4385 4384/4384/4384
f 4424/4424/4424 4386/4386/4386 4385/4385/4385
f 4424/4424/4424 4387/4387/4387 4386/4386/4386
f 4424/4424/4424 4388/4388/4388 4387/4387/4387
f 4424/4424/4424 4389/4389/4389 4388/4388/4388
f 4424/4424/4424 4390/4390/4390 4389/4389/4389
f 4424/4424/4424 4391/4391/4391 4390/4390/4390
f 4424/4424/4424 4392/4392/4392 4391/4391/4391
f 4424/4424/4424 4393/4393/4393 4392/4392/4392
f 4424/4424/4424 4394/4394/4394 4393/4393/4393
f 4424/4424/4424 4395/4395/4395 4394/4394/4394
f 4424/4424/4424 4396/4396/4396 4395/4395/4395
f 4424/4424/4424 4397/4397/4397 4396/4396/4396
f 4424/4424/4424 4398/4398/4398 4397/4397/4397
f 4424/4424/4424 4399/4399/4399 4398/4398/4398
f 4424/4424/4424 4400/4400/4400 4399/4399/4399
f 4424/4424/4424 4401/4401/4401 4400/4400/4400
f 4424/4424/4424 4402/4402/4402 4401/4401/4401
f 4424/4424/4424 4403/4403/4403 4402/4402/4402
f 4424/4424/4424 4404/4404/4404 4403/4403/4403
f 4424/4424/4424 4405/4405/4405 4404/4404/4404
f 4424/4424/4424 4406/4406/4406 4405/4405/4405
f 4424/4424/4424 4407/4407/4407 4406/4406/4406
f 4424/4424/4424 4408/4408/4408 4407/4407/4407
f 4424/4424/4424 4409/4409/4409 4408/4408/4408
f 4424/4424/4424 4410/4410/4410 4409/4409/4409
f 4424/4424/4424 4411/4411/4411 4410/4410/4410
f 4424/4424/4424 4412/4412/4412 4411/4411/4411
f 4424/4424/4424 4413/4413/4413 4412/4412/4412
f 4424/4424/4424 4414/4414/4414 4413/4413/4413
f 4424/4424/4424 4415/4415/4415 4414/4414/4414
f 4424/4424/4424 4416/4416/4416 4415/4415/4415
f 4424/4424/4424 4417/4417/4417 4416/4416/4416
f 4424/4424/4424 4418/4418/4418 4417/4417/4417
f 4424/4424/4424 4419/4419/4419 4418/4418/4418
f 4424/4424/4424 4420/4420/4420 4419/4419/4419
f 4424/4424/4424 4421/4421/4421 4420/4420/4420
f 4424/4424/4424 4422/4422/4422 4421/4421/4421
f 4424/4424/4424 4423/4423/4423 4422/4422/4422
f 4424/4424/4424 4376/4376/4376 4423/4423/4423
